####
#
# OBJ File Generated by Meshlab
#
####
# Object head_prior.obj
#
# Vertices: 5023
# Faces: 9976
#
####
v 0.0753980 1.7129840 0.0016220
v 0.0803240 1.7115070 0.0027490
v 0.0809760 1.7133000 0.0029960
v 0.0758130 1.7146360 0.0019660
v 0.0929150 1.7145430 -0.0076870
v 0.0921110 1.7186871 -0.0034810
v 0.0912660 1.7222440 -0.0032300
v 0.0918090 1.7222490 -0.0062400
v 0.0346500 1.6665150 -0.0779760
v 0.0159340 1.6674260 -0.0832530
v 0.0154760 1.6540390 -0.0810790
v 0.0324590 1.6501410 -0.0747270
v 0.0524340 1.6197740 -0.0546380
v 0.0475450 1.6296960 -0.0598340
v 0.0432950 1.6155000 -0.0647970
v 0.0527220 1.6104850 -0.0549530
v 0.0455650 1.7827610 0.0990650
v 0.0553480 1.7808930 0.0937130
v 0.0528130 1.7731700 0.0961490
v -0.0789140 1.7166610 -0.0029310
v -0.0839620 1.7154210 -0.0020990
v -0.0845410 1.7172430 -0.0018870
v -0.0792690 1.7183310 -0.0026090
v -0.0957540 1.7190390 -0.0132490
v -0.0950070 1.7231450 -0.0089970
v -0.0940110 1.7266580 -0.0086920
v -0.0943730 1.7266850 -0.0117280
v 0.0436730 1.7745970 0.0999580
v 0.1153050 1.7425060 -0.0210170
v 0.1155900 1.7390620 -0.0223340
v 0.1157570 1.7371401 -0.0203600
v 0.1153840 1.7401930 -0.0191690
v 0.1108110 1.7189471 -0.0197060
v 0.1104890 1.7288640 -0.0212450
v 0.1118970 1.7322820 -0.0221790
v 0.1122410 1.7293550 -0.0212790
v 0.1109980 1.7047620 -0.0166670
v 0.1097810 1.7056680 -0.0160370
v 0.1117170 1.7116920 -0.0180030
v 0.1129630 1.7112010 -0.0189310
v 0.0909960 1.6793441 0.0071390
v 0.0946550 1.6821589 0.0055440
v 0.0950770 1.6791130 0.0036780
v 0.0892870 1.6772890 0.0049310
v 0.0856300 1.6789410 0.0035000
v 0.0913760 1.6781950 -0.0009010
v 0.0910480 1.6819561 -0.0018180
v 0.0864750 1.6818759 0.0015680
v 0.1070940 1.7548380 -0.0043700
v 0.1071320 1.7509620 -0.0040970
v 0.1046290 1.7498440 -0.0014520
v 0.1045190 1.7537251 -0.0013330
v 0.0944380 1.7098250 -0.0190950
v 0.0924560 1.7013710 -0.0173670
v 0.0999580 1.7078680 -0.0196510
v 0.1000510 1.7116621 -0.0197850
v 0.1058210 1.7423990 -0.0127790
v 0.1073470 1.7436060 -0.0167490
v 0.1080530 1.7408210 -0.0181780
v 0.1066780 1.7387379 -0.0150570
v 0.1110190 1.7447330 -0.0223030
v 0.1115060 1.7409199 -0.0237770
v 0.0885310 1.6908430 0.0095860
v 0.0868880 1.6955200 0.0105620
v 0.0876300 1.6976240 0.0094680
v 0.0885880 1.6963000 0.0079790
v 0.0904970 1.7140070 -0.0042400
v 0.0919810 1.7192910 -0.0020550
v 0.1057990 1.6913220 -0.0115070
v 0.1057740 1.6937560 -0.0101230
v 0.1085600 1.6989510 -0.0137630
v 0.1087790 1.6972240 -0.0152590
v 0.1024510 1.6970540 -0.0072740
v 0.1055120 1.7004350 -0.0110880
v 0.1067360 1.7013050 -0.0132090
v 0.1053240 1.6984880 -0.0109700
v 0.1090580 1.7464780 -0.0125710
v 0.1062530 1.7491450 -0.0070430
v 0.1072850 1.7485600 -0.0070280
v 0.1101220 1.7456560 -0.0125910
v 0.1012650 1.7278850 -0.0181490
v 0.0992520 1.7343889 -0.0154900
v 0.0983310 1.7332480 -0.0155940
v 0.1003750 1.7275100 -0.0179800
v 0.1105140 1.7422980 -0.0201260
v 0.1111400 1.7388560 -0.0213490
v 0.1090010 1.7373790 -0.0196290
v 0.0928780 1.7387429 0.0003180
v 0.0937200 1.7400670 -0.0011210
v 0.0943010 1.7380270 -0.0016780
v 0.0939250 1.7362660 -0.0004110
v 0.0947570 1.6777670 -0.0003930
v 0.0890370 1.6902990 -0.0103640
v 0.0912290 1.6914060 -0.0117010
v 0.0949280 1.6968030 -0.0145910
v 0.0934950 1.6979740 -0.0153250
v 0.0851610 1.6812900 0.0087150
v 0.0891220 1.6816750 0.0092390
v 0.0902400 1.6801360 0.0081530
v 0.0863840 1.6792830 0.0071450
v 0.0967070 1.7445500 -0.0012200
v 0.0999200 1.7438430 -0.0036950
v 0.0975400 1.7425580 -0.0028720
v 0.0953420 1.7428970 -0.0009420
v 0.1093580 1.7263260 -0.0191550
v 0.1076290 1.7350550 -0.0168660
v 0.1096760 1.7139070 -0.0125360
v 0.1096100 1.7142380 -0.0162930
v 0.1088600 1.7088400 -0.0147350
v -0.0358020 1.6681941 -0.0800530
v -0.0167850 1.6682050 -0.0842180
v -0.0170930 1.6548150 -0.0820390
v -0.0345870 1.6517390 -0.0767040
v 0.1087810 1.7086780 -0.0111200
v 0.1089080 1.7246410 -0.0122560
v 0.1091780 1.7247820 -0.0165460
v 0.1126920 1.7364841 -0.0190760
v 0.1130760 1.7284770 -0.0197470
v 0.1119920 1.7373320 -0.0199960
v 0.0957920 1.7380800 -0.0126150
v 0.0958280 1.7418160 -0.0168640
v 0.0960100 1.7332460 -0.0193690
v 0.0968140 1.7348059 -0.0144920
v 0.0879950 1.7027940 0.0094220
v 0.0895460 1.7055700 0.0083130
v 0.0884490 1.7027980 0.0066650
v 0.0878040 1.6998529 0.0069660
v 0.0954470 1.6943920 -0.0130360
v 0.0919160 1.6902150 -0.0106580
v 0.0923570 1.6897850 -0.0096770
v 0.0958570 1.6922930 -0.0112580
v 0.1027050 1.7454740 -0.0062840
v 0.1035100 1.7387730 -0.0070650
v 0.1012730 1.7387249 -0.0054250
v 0.0967440 1.6987669 0.0016420
v 0.0978430 1.7005351 -0.0000930
v 0.0994280 1.6965940 -0.0023670
v 0.0983120 1.6939501 -0.0010340
v 0.1005250 1.6827850 -0.0055180
v 0.0976460 1.6823530 -0.0067990
v 0.0945710 1.6796510 -0.0036860
v 0.0976610 1.6795731 -0.0028680
v 0.0881780 1.6983850 0.0075490
v 0.0877170 1.6994470 0.0093440
v 0.1037360 1.7286930 -0.0198690
v 0.1021380 1.7364910 -0.0168850
v 0.1063830 1.7364980 -0.0120340
v 0.1072050 1.7333210 -0.0136980
v 0.0913210 1.7192039 0.0047670
v 0.0885800 1.7200980 0.0035230
v 0.0884820 1.7190670 0.0034540
v 0.0919490 1.7171030 0.0047610
v 0.0915950 1.7189790 0.0060870
v 0.0922030 1.7169020 0.0061090
v 0.0916240 1.7165780 0.0073500
v 0.0911790 1.7177520 0.0075410
v 0.0877400 1.7205499 0.0031180
v 0.0879820 1.7201240 0.0033460
v 0.0884900 1.7208380 0.0031200
v 0.0950780 1.7251080 -0.0094510
v 0.0970180 1.7150090 -0.0115340
v 0.0950020 1.7146230 -0.0102740
v 0.0930110 1.7234859 -0.0080070
v 0.1099780 1.7157730 -0.0184050
v 0.0998840 1.7488040 0.0030460
v 0.0981750 1.7511770 0.0032350
v 0.1019360 1.7558270 -0.0014400
v 0.0907170 1.7025710 -0.0026530
v 0.0940400 1.7034010 0.0004150
v 0.0918550 1.7031000 0.0019570
v 0.0898930 1.7020580 -0.0009760
v 0.0879290 1.7084010 0.0042570
v 0.0855870 1.7041550 0.0047120
v 0.0903510 1.7062100 0.0055980
v 0.0912050 1.7266320 0.0064830
v 0.0900520 1.7221130 0.0037510
v 0.0908090 1.7204770 0.0050090
v 0.0909930 1.7208090 0.0062730
v 0.1110370 1.7038120 -0.0182170
v 0.1127890 1.7106420 -0.0207290
v 0.1109310 1.7103980 -0.0224150
v 0.1093280 1.7031660 -0.0199420
v 0.0859060 1.6860451 0.0108780
v 0.0817710 1.6828090 0.0063670
v 0.0843500 1.6901940 0.0113530
v 0.1129360 1.7510340 -0.0149040
v 0.1089020 1.7537410 -0.0153490
v 0.1097940 1.7511760 -0.0181710
v 0.1140660 1.7485440 -0.0174480
v 0.0895000 1.7292060 -0.0021850
v 0.0895530 1.7264630 -0.0017420
v 0.0894300 1.7282010 -0.0003710
v 0.0892160 1.7308090 -0.0005850
v 0.0659080 1.6825759 -0.0566870
v 0.0763120 1.6820130 -0.0350510
v 0.0820760 1.6993650 -0.0434530
v 0.0729420 1.6993690 -0.0616640
v 0.1018350 1.6863830 -0.0042700
v 0.1003350 1.6835690 -0.0017600
v 0.0924600 1.7362540 0.0077460
v 0.0916450 1.7382751 0.0088860
v 0.0928380 1.7450720 0.0073960
v 0.0936310 1.7413321 0.0072920
v 0.1123610 1.7304890 -0.0253930
v 0.1156910 1.7295470 -0.0235920
v 0.0957780 1.7449870 0.0004850
v 0.1003310 1.7494880 -0.0028670
v 0.0978650 1.7463580 -0.0017070
v 0.0954830 1.7443880 0.0002070
v 0.0948000 1.7336370 0.0024300
v 0.0954570 1.7352940 0.0027880
v 0.0933830 1.7366329 0.0026380
v 0.0923460 1.7348530 0.0025270
v 0.0913000 1.7437800 0.0102110
v 0.0927080 1.7498831 0.0066060
v 0.0869130 1.6895180 -0.0100210
v 0.0946570 1.7351660 0.0053140
v 0.0954580 1.7383790 0.0055020
v 0.0963540 1.7373430 0.0030190
v -0.0571230 1.6223890 -0.0578690
v -0.0514720 1.6320590 -0.0627550
v -0.0476150 1.6176701 -0.0674790
v -0.0578320 1.6131240 -0.0582130
v 0.0852960 1.6966010 0.0123670
v 0.0867660 1.6988710 0.0107170
v 0.0946180 1.7432070 0.0003680
v 0.0937460 1.7416559 0.0003830
v 0.0920540 1.7366810 0.0012480
v 0.0930340 1.7342350 -0.0003120
v 0.1026680 1.7262310 -0.0080870
v 0.1055670 1.7150230 -0.0095620
v 0.0867320 1.6995660 -0.0273840
v 0.0809840 1.6815040 -0.0113720
v 0.0920310 1.7372000 0.0024110
v 0.0920490 1.7377300 0.0022060
v 0.0912840 1.7365969 0.0018860
v 0.0911320 1.7358060 0.0021900
v 0.0985760 1.6813000 0.0005000
v 0.1002810 1.7343251 -0.0052400
v 0.0965630 1.7318650 -0.0030240
v 0.0968360 1.7346330 -0.0023870
v 0.1130000 1.7176780 -0.0189150
v 0.1143740 1.7281760 -0.0195230
v 0.1159640 1.7286299 -0.0212590
v 0.1144180 1.7174680 -0.0204120
v 0.0834070 1.6806560 0.0051570
v 0.0900350 1.7255820 -0.0025950
v 0.0911960 1.7233270 -0.0020090
v 0.0900530 1.7326140 -0.0010220
v 0.0900890 1.7345300 0.0010730
v 0.0867560 1.7027290 0.0112720
v 0.1087990 1.7474860 -0.0167530
v 0.1097640 1.7450770 -0.0184910
v 0.1067450 1.7457390 -0.0152510
v 0.1062140 1.7472090 -0.0133280
v 0.1051000 1.7492419 -0.0096430
v 0.1051620 1.7510930 -0.0090640
v 0.1076500 1.7495630 -0.0143280
v 0.0945540 1.7329520 -0.0015830
v 0.0953150 1.7351310 -0.0012490
v 0.0958700 1.6971600 0.0027490
v 0.0968420 1.6894521 0.0013020
v 0.1074000 1.7042050 -0.0122070
v 0.1068920 1.7050900 -0.0085860
v 0.1076570 1.7177759 -0.0232920
v 0.1072340 1.7298430 -0.0234360
v 0.1054660 1.7291290 -0.0213710
v 0.1063740 1.7177370 -0.0220490
v 0.0997160 1.7193210 -0.0194700
v 0.0957580 1.7201771 -0.0195310
v 0.0904370 1.7190400 0.0079210
v 0.0893650 1.7237450 0.0100140
v 0.0896300 1.7317290 -0.0008840
v 0.0897570 1.7336860 0.0010980
v 0.1005960 1.6979210 -0.0154750
v 0.0948930 1.6887161 -0.0073540
v 0.1003480 1.6953490 -0.0132910
v 0.0897290 1.6877069 -0.0055140
v 0.0889850 1.6865970 -0.0028850
v 0.0922600 1.6866460 -0.0044120
v 0.1027920 1.6995670 -0.0057690
v 0.1053080 1.7011160 -0.0088250
v 0.0873880 1.7203120 0.0025190
v 0.0856310 1.7185010 0.0010650
v 0.0861320 1.7200220 0.0030480
v 0.1069180 1.7250830 -0.0095120
v 0.1084890 1.7144459 -0.0102950
v 0.0950680 1.7382890 0.0024630
v 0.0932600 1.7253810 0.0019370
v 0.0940940 1.7296560 0.0040540
v 0.0986160 1.7424930 0.0026710
v 0.0967450 1.7406070 0.0020360
v 0.0961610 1.7393380 0.0023390
v 0.0973290 1.7397480 0.0031400
v 0.0789830 1.7083189 0.0018960
v 0.0829120 1.7059500 0.0035570
v 0.0847340 1.7099280 0.0038650
v 0.1038910 1.7505540 -0.0071180
v 0.1044220 1.7480260 -0.0085630
v 0.1037590 1.7378310 -0.0185870
v 0.0948690 1.7404850 -0.0022300
v 0.0956050 1.7385910 -0.0032400
v 0.0960180 1.7523280 -0.0100930
v 0.0953840 1.7502110 -0.0063750
v 0.0952150 1.7506280 -0.0049420
v 0.0953010 1.7553070 -0.0050410
v 0.0874250 1.6834739 0.0005100
v 0.0910170 1.6839430 -0.0022610
v 0.0909560 1.6852961 -0.0027510
v 0.0882500 1.6850760 -0.0007760
v 0.0908460 1.7026900 0.0025910
v 0.0893800 1.7017330 -0.0000730
v 0.1085390 1.7059259 -0.0157320
v 0.1078240 1.7048380 -0.0144090
v 0.1092770 1.7101229 -0.0167600
v 0.1101050 1.7117250 -0.0179420
v 0.0909910 1.7304410 -0.0048310
v 0.0904280 1.7289190 -0.0042890
v 0.0966820 1.7434731 -0.0080450
v 0.0993400 1.7467660 -0.0094720
v 0.0975990 1.7501800 -0.0053290
v 0.0955850 1.7473220 -0.0053060
v 0.1055830 1.7392130 -0.0208360
v 0.0959080 1.7367400 -0.0026390
v 0.0969340 1.7370310 -0.0037780
v 0.0951460 1.7372420 -0.0021780
v 0.0916920 1.7337070 0.0023470
v 0.0941540 1.7321219 0.0019770
v 0.0980660 1.7431170 0.0011850
v 0.1028880 1.7478050 -0.0022020
v 0.1020270 1.7478940 -0.0022840
v 0.0975930 1.7441450 0.0009640
v 0.0928500 1.7398310 0.0015270
v 0.0182570 1.6823380 -0.0895020
v 0.0210440 1.6948431 -0.0968720
v -0.0515800 1.7850740 0.0962030
v -0.0611080 1.7836660 0.0902820
v -0.0590930 1.7758350 0.0928530
v -0.0501360 1.7768320 0.0971940
v 0.0955820 1.7509310 0.0032540
v 0.0968570 1.7531260 -0.0011420
v 0.0982820 1.7545559 -0.0014500
v 0.0964060 1.7520760 0.0022810
v 0.1059010 1.7456230 -0.0127160
v 0.1114360 1.7406560 -0.0189010
v 0.0921400 1.7212120 -0.0004830
v 0.0884230 1.7175990 -0.0005190
v 0.0756420 1.7164090 0.0004280
v 0.0760500 1.7179511 0.0005240
v 0.0768230 1.7174860 -0.0008670
v 0.0764250 1.7158340 -0.0012160
v 0.0801590 1.7098171 -0.0017470
v 0.0836800 1.7083460 -0.0002550
v 0.0824700 1.7058030 0.0010340
v 0.0791930 1.7070940 -0.0012610
v 0.0750700 1.7124430 -0.0002710
v 0.0753540 1.7144840 0.0001980
v 0.0762600 1.7136610 -0.0016000
v 0.0761130 1.7113500 -0.0023010
v 0.1029620 1.7503690 -0.0046620
v 0.1052580 1.7503260 -0.0067320
v 0.1133670 1.7391130 -0.0177350
v 0.1139450 1.7361890 -0.0188300
v 0.1100600 1.7457989 -0.0155050
v 0.1108300 1.7434300 -0.0172500
v 0.0898160 1.7089080 0.0085300
v 0.0912520 1.7092251 0.0068240
v 0.0907980 1.7071850 0.0067200
v 0.1146010 1.7429750 -0.0176060
v 0.1147950 1.7455339 -0.0193580
v 0.0894970 1.6864350 0.0098760
v 0.0880330 1.6844831 0.0104100
v 0.0453890 1.5951090 0.0157790
v 0.0553390 1.6023580 0.0027800
v 0.0537610 1.5897410 0.0013570
v 0.0437370 1.5828190 0.0136220
v 0.0980220 1.7455140 0.0043190
v 0.0964800 1.7483920 0.0046950
v 0.0751560 1.7103390 0.0006830
v 0.0751010 1.7093250 -0.0010000
v 0.0784600 1.7072080 0.0002230
v 0.0814000 1.7152290 0.0029670
v 0.0763280 1.7163060 0.0020940
v 0.0804610 1.7119890 -0.0015250
v 0.0813100 1.7183800 0.0000080
v 0.0816620 1.7196850 0.0017320
v 0.0848800 1.7011210 0.0031940
v 0.0871230 1.7005800 0.0009820
v 0.0888420 1.7002460 0.0045410
v 0.0760340 1.7088200 -0.0023650
v 0.0904360 1.7316760 -0.0027240
v 0.0845560 1.7128910 -0.0006300
v 0.0885450 1.7096850 -0.0025650
v 0.0879600 1.7069449 -0.0019130
v 0.0842420 1.7104440 -0.0006650
v 0.1003220 1.6959110 -0.0042550
v 0.1007570 1.6983110 -0.0037590
v 0.0918270 1.7037680 -0.0046330
v 0.0959850 1.7036670 -0.0023540
v 0.0914820 1.7250839 -0.0009870
v 0.0928900 1.7289350 0.0008750
v 0.0880410 1.7204800 0.0023790
v 0.0849840 1.7155800 -0.0000290
v 0.0885060 1.7127661 -0.0021510
v 0.0816860 1.7169360 0.0027900
v 0.0862740 1.7167690 0.0036790
v 0.0860570 1.7182200 0.0035470
v 0.0817310 1.7182350 0.0025690
v 0.0988940 1.7387230 -0.0046320
v 0.0949370 1.7454530 0.0061480
v 0.0966770 1.7420011 0.0051520
v 0.0983260 1.7572910 -0.0235690
v 0.0970030 1.7471770 -0.0296150
v 0.0962500 1.7484180 -0.0146170
v 0.0806310 1.7143140 -0.0011860
v 0.0768260 1.7191050 0.0008510
v 0.0773750 1.7183580 0.0018820
v 0.1075750 1.7005130 -0.0133570
v 0.0899380 1.6996330 0.0047470
v 0.0902910 1.7313380 0.0016250
v 0.1073120 1.7108300 -0.0218150
v 0.1059740 1.7040030 -0.0196490
v 0.0896010 1.7330430 0.0011740
v 0.0903780 1.7344140 0.0018360
v 0.0884620 1.7010109 0.0003410
v 0.0900410 1.7015160 0.0034620
v 0.0906180 1.7349190 0.0020090
v 0.0910860 1.7086771 0.0054480
v 0.1056860 1.7385041 -0.0107060
v 0.0960430 1.6853729 -0.0072030
v 0.0934330 1.6833540 -0.0043220
v 0.0768740 1.7175690 0.0021260
v 0.0815220 1.7060471 0.0018000
v 0.0810380 1.7164871 -0.0006990
v 0.0891570 1.7137049 0.0041010
v 0.0886300 1.7109740 0.0043410
v 0.0914770 1.7114919 0.0055170
v 0.0980390 1.7044020 -0.0040120
v 0.0931870 1.7060879 -0.0068820
v 0.0949030 1.7073350 -0.0091610
v 0.1004910 1.7055080 -0.0056120
v 0.1040120 1.6978240 -0.0171060
v 0.1015450 1.6922590 -0.0136070
v 0.1040180 1.6903950 -0.0133150
v 0.1070790 1.6963060 -0.0170040
v 0.1002450 1.7763010 -0.0325060
v 0.0982030 1.7643800 -0.0155720
v 0.1003040 1.7843800 -0.0193330
v 0.1033310 1.7494400 -0.0152680
v 0.1039320 1.7464360 -0.0172870
v 0.1105240 1.7480190 -0.0204070
v 0.0942550 1.7534710 0.0010640
v 0.0950470 1.7507041 -0.0031320
v 0.0956050 1.7521210 -0.0008220
v 0.1115540 1.7176120 -0.0243590
v 0.0917440 1.7314830 0.0074670
v 0.0942230 1.7323470 0.0048990
v 0.0996660 1.6992379 -0.0166390
v 0.1011570 1.7026930 -0.0035840
v 0.1041630 1.7033930 -0.0057590
v 0.1093530 1.7508150 -0.0071850
v 0.1052120 1.7487971 -0.0043880
v 0.0048490 1.5836070 0.0426070
v 0.0047390 1.5743760 0.0371980
v 0.0054530 1.7145680 0.1176300
v 0.0072950 1.7144120 0.1159470
v 0.0058020 1.7169900 0.1148540
v 0.0049800 1.7169729 0.1156730
v 0.0056830 1.7027810 0.1154140
v 0.0050080 1.7049650 0.1142070
v 0.0062550 1.7046360 0.1130980
v 0.0072600 1.7027570 0.1143880
v 0.0019690 1.7166600 0.1145860
v -0.0000270 1.7131550 0.1173900
v 0.0019050 1.7141780 0.1191480
v 0.0033450 1.7172660 0.1155250
v 0.1095760 1.7546170 -0.0079160
v 0.0099110 1.7022901 0.1151260
v 0.0087430 1.7048531 0.1138540
v 0.0095910 1.7053050 0.1160650
v 0.0115830 1.7031660 0.1172070
v 0.0004620 1.7033130 0.1243790
v 0.0019120 1.7059860 0.1247760
v 0.0006020 1.7051350 0.1220120
v 0.0005030 1.7025990 0.1214220
v 0.0041960 1.7065620 0.1241650
v 0.0065080 1.7056990 0.1262180
v 0.0087730 1.7057019 0.1243880
v 0.0061270 1.7064379 0.1224890
v 0.0005150 1.7084390 0.1164670
v 0.0020860 1.7057920 0.1179850
v -0.0005450 1.7084520 0.1206330
v 0.0099950 1.7084800 0.1140690
v 0.0083520 1.7072880 0.1122890
v 0.0070880 1.7122730 0.1118890
v 0.0086380 1.7131931 0.1130080
v 0.0516640 1.6157930 0.0197860
v 0.0597530 1.6193030 0.0038780
v 0.0389550 1.7294760 0.0930740
v 0.0380450 1.7259901 0.0943590
v 0.0331190 1.7275521 0.0950270
v 0.0342210 1.7305950 0.0939040
v 0.0922380 1.7142850 0.0064340
v 0.0914540 1.7152680 0.0077230
v 0.1046220 1.7429020 -0.0191250
v 0.1087750 1.7477560 -0.0129980
v 0.1028060 1.7516490 -0.0127210
v 0.1009230 1.7541450 -0.0071690
v 0.0990890 1.7520450 -0.0061720
v 0.1007040 1.7491430 -0.0109280
v 0.1125620 1.7474710 -0.0135880
v 0.0916170 1.6977810 0.0048140
v 0.1036110 1.7333090 -0.0070710
v 0.0996030 1.7546680 -0.0042490
v 0.1039540 1.7569129 -0.0047940
v 0.1117560 1.7179550 -0.0188560
v 0.1136870 1.7454979 -0.0157810
v 0.1112770 1.7439200 -0.0146200
v 0.1002450 1.7454660 0.0019560
v 0.0967850 1.7107480 -0.0112240
v 0.1048060 1.7104040 -0.0085330
v 0.1029470 1.7071230 -0.0070780
v -0.1159680 1.7480130 -0.0278330
v -0.1163380 1.7445860 -0.0291700
v -0.1167120 1.7426760 -0.0272120
v -0.1162650 1.7457100 -0.0259980
v -0.1126830 1.7242720 -0.0262940
v -0.1118010 1.7341590 -0.0277970
v -0.1129870 1.7376390 -0.0288070
v -0.1135210 1.7347330 -0.0279330
v 0.0960850 1.7084000 -0.0103350
v 0.0901660 1.7274550 -0.0036960
v 0.0861750 1.7035260 0.0134830
v 0.0993600 1.6899689 -0.0021580
v -0.1137230 1.7101170 -0.0232920
v -0.1125030 1.7109660 -0.0225910
v -0.1140310 1.7170720 -0.0246580
v -0.1152430 1.7166390 -0.0256580
v 0.1008810 1.6913730 -0.0045790
v 0.0387000 1.6820210 -0.0823170
v 0.0438570 1.6955960 -0.0887520
v 0.1141110 1.7174670 -0.0226430
v 0.1029200 1.7498870 -0.0057880
v 0.0942910 1.6972880 0.0035990
v 0.0937340 1.6898990 0.0041240
v 0.0915840 1.6904891 0.0060670
v 0.0963470 1.7375720 -0.0036140
v 0.0990720 1.7004830 -0.0170650
v 0.0994430 1.7032260 -0.0183980
v 0.0772070 1.7183610 -0.0003530
v 0.1006820 1.6939189 -0.0132270
v 0.0955940 1.6870871 -0.0072190
v 0.0643940 1.6240680 -0.0113920
v 0.0638050 1.6281250 -0.0286100
v -0.0963900 1.6838070 0.0016110
v -0.0998110 1.6867909 -0.0001930
v -0.1002660 1.6837660 -0.0020860
v -0.0946530 1.6816710 -0.0004950
v 0.0620620 1.6139740 -0.0276870
v 0.0611920 1.6085900 -0.0118810
v 0.0882060 1.7211220 0.0133420
v 0.0884760 1.7122000 0.0105500
v 0.0875920 1.7107050 0.0121690
v 0.0217230 1.5939170 0.0399140
v 0.0176450 1.5788341 0.0333950
v 0.0860260 1.7039760 0.0174790
v 0.0844960 1.7025360 0.0293190
v 0.0869420 1.7222850 0.0305500
v 0.0876120 1.7161570 0.0189040
v 0.0719320 1.7606519 0.0718020
v 0.0742070 1.7612489 0.0671150
v 0.0742690 1.7493570 0.0666290
v 0.0716080 1.7509550 0.0705870
v 0.0233720 1.8330491 0.0927260
v 0.0103810 1.8347009 0.0952550
v 0.0110820 1.8438790 0.0886640
v 0.0243440 1.8419800 0.0858380
v 0.0465680 1.7054790 -0.0924330
v 0.0491340 1.7181890 -0.0965200
v 0.0243930 1.7156830 -0.1055850
v 0.0226450 1.7039410 -0.1008380
v 0.0257620 1.8629220 0.0616150
v 0.0124550 1.8655140 0.0642720
v 0.0130810 1.8716950 0.0532360
v -0.0908440 1.6831460 -0.0017060
v -0.0963480 1.6826680 -0.0064400
v -0.0957880 1.6864080 -0.0073310
v -0.0914330 1.6861150 -0.0036800
v 0.0265710 1.8687420 0.0510120
v 0.0606610 1.7262740 0.0833360
v 0.0623070 1.7183850 0.0827920
v 0.0574430 1.7178960 0.0864630
v 0.0565290 1.7258080 0.0862930
v 0.0933420 1.6839120 0.0067880
v 0.0918220 1.6850320 0.0080790
v -0.1081740 1.7599640 -0.0107130
v -0.1084110 1.7560951 -0.0104490
v -0.1061230 1.7548630 -0.0076640
v -0.1058380 1.7587340 -0.0075320
v -0.0968270 1.7143800 -0.0247330
v -0.0953540 1.7058450 -0.0229040
v -0.1023910 1.7126880 -0.0256160
v -0.1022950 1.7164810 -0.0257490
v 0.0138200 1.8769730 0.0402240
v 0.0276090 1.8738180 0.0384910
v 0.0128900 1.7392730 0.1022730
v -0.1070000 1.7474680 -0.0190520
v -0.1082310 1.7487410 -0.0231030
v -0.1089840 1.7459900 -0.0245740
v -0.1078960 1.7438480 -0.0213810
v -0.1115120 1.7500319 -0.0288610
v -0.1120920 1.7462440 -0.0303670
v -0.0935300 1.6951801 0.0042130
v -0.0917260 1.6997740 0.0052920
v -0.0923020 1.7019100 0.0041590
v -0.0932330 1.7006299 0.0026140
v -0.0935740 1.7183920 -0.0096670
v -0.0949340 1.7237430 -0.0075650
v -0.1094800 1.6964530 -0.0178550
v -0.1094220 1.6988850 -0.0164680
v -0.1117390 1.7042010 -0.0202580
v -0.1119510 1.7024850 -0.0217670
v 0.0135490 1.7417080 0.0991530
v 0.0179240 1.7377371 0.0974570
v 0.0173870 1.7352290 0.1000270
v 0.0063070 1.8003080 0.1064770
v 0.0078070 1.8099140 0.1040760
v 0.0190260 1.8091940 0.1022500
v 0.0167850 1.7997460 0.1051200
v 0.0229620 1.7343320 0.0957270
v 0.0219430 1.7319400 0.0976050
v 0.0115660 1.8519011 0.0813180
v 0.0249320 1.8497840 0.0783880
v 0.0287080 1.8816810 -0.0180780
v -0.1061200 1.7020260 -0.0134240
v -0.1087860 1.7055430 -0.0174060
v -0.1098400 1.7064670 -0.0195950
v -0.1086970 1.7035900 -0.0172810
v 0.0290900 1.8821599 -0.0085880
v 0.0150210 1.8857360 -0.0093170
v -0.1100470 1.7516950 -0.0190280
v -0.1074500 1.7542330 -0.0133420
v -0.1085050 1.7536989 -0.0133880
v -0.1111450 1.7509249 -0.0191120
v 0.0166870 1.8846190 -0.0235660
v 0.0883930 1.7222470 -0.0502570
v 0.0924280 1.7207290 -0.0325940
v 0.0954260 1.7358460 -0.0330910
v 0.0931590 1.7430500 -0.0518400
v 0.0356920 1.6011420 0.0320860
v 0.0317810 1.5858810 0.0262000
v -0.1028320 1.7327460 -0.0241650
v -0.1006710 1.7391500 -0.0213830
v -0.0998000 1.7379659 -0.0214340
v -0.1019710 1.7323290 -0.0239440
v -0.1112530 1.7475801 -0.0266620
v -0.1119690 1.7441700 -0.0279240
v -0.1100080 1.7425950 -0.0260830
v -0.0950370 1.7432190 -0.0052220
v -0.0957320 1.7445810 -0.0067050
v -0.0963750 1.7425690 -0.0072990
v -0.0961590 1.7407950 -0.0060140
v -0.0997700 1.6824009 -0.0061330
v -0.0928830 1.6946350 -0.0157280
v -0.0949370 1.6958441 -0.0171900
v -0.0981980 1.7014060 -0.0202850
v -0.0966710 1.7025059 -0.0209310
v 0.0642740 1.7878460 0.0814640
v 0.0666250 1.7942190 0.0765280
v 0.0706150 1.7854370 0.0723350
v 0.0682880 1.7803000 0.0776760
v 0.0039980 1.7846260 0.1094600
v 0.0131800 1.7841890 0.1086660
v 0.0107230 1.7764961 0.1091160
v 0.0029490 1.7766030 0.1096490
v -0.0905720 1.6854759 0.0035300
v -0.0945350 1.6860490 0.0038200
v -0.0956600 1.6845640 0.0026680
v -0.0917950 1.6835279 0.0018890
v 0.0708610 1.7418430 0.0707970
v 0.0740740 1.7380210 0.0678620
v 0.0721950 1.7279340 0.0726370
v 0.0687480 1.7330670 0.0745580
v 0.0642040 1.7276320 0.0803990
v -0.0984900 1.7492000 -0.0069720
v -0.1015800 1.7486430 -0.0096340
v -0.0993180 1.7472481 -0.0086750
v -0.0972240 1.7474840 -0.0066170
v 0.0665480 1.7201570 0.0795020
v -0.1109170 1.7315741 -0.0256470
v -0.1089130 1.7402130 -0.0232480
v 0.0214040 1.8209350 0.0988770
v 0.0091670 1.8222769 0.1009650
v 0.0731330 1.7738960 0.0688370
v 0.0708850 1.7708280 0.0743120
v 0.0091300 1.7430660 0.1052220
v 0.0103080 1.7449780 0.1012830
v 0.0059770 1.7499130 0.1034560
v -0.1122130 1.7191950 -0.0190770
v -0.1119110 1.7195170 -0.0228230
v -0.1115110 1.7140909 -0.0212310
v -0.1116530 1.7139310 -0.0176180
v 0.0006870 1.7494540 0.1097890
v 0.0005310 1.7544180 0.1079380
v 0.0048800 1.7542350 0.1039670
v 0.0397010 1.7984850 0.0980390
v 0.0420610 1.8070980 0.0944500
v 0.0517310 1.8050830 0.0885460
v 0.0494790 1.7969820 0.0925120
v 0.0253250 1.8565741 0.0705130
v -0.1109550 1.7298790 -0.0187360
v -0.1109650 1.7300270 -0.0230350
v 0.0119680 1.8589100 0.0733520
v 0.0014350 1.7663800 0.1077230
v 0.0069580 1.7662950 0.1063140
v 0.0055810 1.7618940 0.1044500
v -0.1137620 1.7418780 -0.0257510
v -0.1144860 1.7338980 -0.0264550
v -0.1129700 1.7426910 -0.0266250
v -0.0972140 1.7426760 -0.0183030
v -0.0968210 1.7464030 -0.0225410
v -0.0972630 1.7378490 -0.0250650
v -0.0982790 1.7394511 -0.0202420
v 0.0011250 1.7621320 0.1068000
v 0.0275170 1.7294190 0.0962290
v 0.0285180 1.7320660 0.0949070
v 0.0833360 1.6834000 0.0007690
v 0.0847010 1.6825960 0.0020030
v 0.0897940 1.7426440 0.0173570
v 0.0886360 1.7293720 0.0187180
v 0.0872980 1.7388670 0.0303990
v 0.0877600 1.7551780 0.0283930
v 0.0901660 1.7698489 0.0246970
v 0.0922270 1.7809380 0.0186190
v 0.0934110 1.7616990 0.0101430
v 0.0917050 1.7538821 0.0149960
v 0.0590420 1.6178280 -0.0422240
v 0.0581030 1.6304380 -0.0449370
v 0.0007100 1.7458110 0.1130750
v 0.0004780 1.7422410 0.1159230
v 0.0284040 1.7673850 -0.1148070
v -0.0924170 1.7070910 0.0040990
v -0.0937670 1.7099360 0.0029050
v -0.0927080 1.7071120 0.0013210
v -0.0922230 1.7041410 0.0016550
v 0.0273490 1.7507570 -0.1137480
v 0.0528280 1.7549050 -0.1030830
v 0.0534680 1.7707500 -0.1037130
v 0.0847570 1.7089490 -0.0470190
v -0.0989230 1.6990250 -0.0187660
v -0.0957400 1.6946890 -0.0161910
v -0.0962580 1.6942810 -0.0152390
v -0.0995360 1.6969500 -0.0170200
v 0.0896610 1.7095020 -0.0305120
v 0.0082070 1.7100970 0.1179500
v 0.0044050 1.7164570 0.1126430
v 0.0045660 1.7119470 0.1117700
v 0.0041680 1.7154109 0.1123510
v 0.0081160 1.7060471 0.1199560
v 0.0109130 1.7048980 0.1214930
v 0.0054590 1.7069890 0.1117740
v 0.0043240 1.7072520 0.1124230
v 0.0035800 1.7123370 0.1121030
v 0.0058060 1.7169020 0.1134660
v -0.0034120 1.7011850 0.1266420
v -0.0027780 1.7029181 0.1300020
v 0.0022770 1.7043040 0.1290320
v 0.0004430 1.7026950 0.1265450
v 0.0016820 1.7156180 0.1140150
v 0.0003840 1.7126670 0.1148030
v 0.0010840 1.7094440 0.1230700
v 0.0036930 1.7144710 0.1187830
v 0.0042080 1.7172300 0.1157420
v 0.0034820 1.7102320 0.1222610
v 0.0021670 1.7026880 0.1185390
v 0.0057920 1.7104130 0.1204780
v -0.1041280 1.7504010 -0.0123800
v -0.1052040 1.7437440 -0.0132180
v -0.1030730 1.7435920 -0.0114490
v -0.1008740 1.7034760 -0.0041870
v -0.1017830 1.7052931 -0.0059790
v -0.1034170 1.7014281 -0.0083490
v -0.1025080 1.6987350 -0.0069570
v 0.0990460 1.7017410 -0.0018650
v 0.0650620 1.6417080 0.0124950
v 0.0737490 1.6598070 0.0054500
v 0.0739050 1.6583869 -0.0009030
v -0.1049800 1.6876830 -0.0115800
v -0.1020540 1.6871120 -0.0126910
v -0.0993010 1.6842700 -0.0094060
v -0.1024330 1.6843410 -0.0087710
v -0.0926990 1.7026930 0.0022130
v -0.0922950 1.7037340 0.0040330
v -0.1051560 1.7336680 -0.0260250
v -0.1033670 1.7413850 -0.0229410
v 0.0667300 1.6395071 0.0018180
v 0.0995940 1.7366641 -0.0051010
v 0.0808450 1.7940590 0.0526950
v 0.0835940 1.8084069 0.0422350
v 0.0894640 1.7946770 0.0287640
v -0.1078860 1.7416019 -0.0183490
v -0.1087600 1.7384660 -0.0200630
v 0.0877500 1.7814209 0.0345970
v 0.0849730 1.8202900 0.0338160
v 0.0911370 1.8076330 0.0211590
v 0.0945420 1.7931350 0.0099660
v 0.0967720 1.7682960 -0.0060480
v 0.0489090 1.7447860 0.0876910
v 0.0492060 1.7445860 0.0879250
v 0.0472690 1.7441460 0.0893440
v -0.0946790 1.7236350 -0.0007190
v -0.0918300 1.7243960 -0.0017980
v -0.0917780 1.7233610 -0.0018620
v -0.0954050 1.7215660 -0.0007650
v 0.0472790 1.7442880 0.0891180
v 0.0483350 1.7448900 0.0869420
v 0.0466130 1.7442170 0.0881100
v -0.0950400 1.7234250 0.0005820
v -0.0957470 1.7213790 0.0005650
v -0.0952570 1.7210300 0.0018380
v -0.0947690 1.7221810 0.0020560
v 0.0494500 1.7454790 0.0858710
v 0.0501140 1.7452300 0.0864920
v 0.0504390 1.7449811 0.0866960
v 0.0273630 1.7459249 0.0909400
v 0.0282130 1.7463020 0.0901260
v 0.0314160 1.7449660 0.0904550
v 0.0305740 1.7449710 0.0917660
v 0.0270760 1.7456549 0.0914680
v 0.0304970 1.7446409 0.0922510
v -0.0909480 1.7248070 -0.0021520
v -0.0912230 1.7243930 -0.0019400
v -0.0916820 1.7251300 -0.0021930
v -0.0973040 1.7296900 -0.0151200
v -0.0995960 1.7196950 -0.0173270
v -0.0976790 1.7192150 -0.0159520
v -0.0954070 1.7279741 -0.0135600
v 0.0323100 1.7488019 0.0838240
v 0.0317330 1.7492540 0.0837550
v -0.1120800 1.7210650 -0.0249510
v 0.0332740 1.7482311 0.0839670
v 0.0253910 1.7487980 0.0884250
v 0.0254860 1.7500830 0.0886210
v -0.1017070 1.7536041 -0.0028950
v -0.0999010 1.7558939 -0.0026020
v -0.1031550 1.7607110 -0.0074840
v 0.0314750 1.7502880 0.0839420
v 0.0314480 1.7496150 0.0837640
v 0.0256630 1.7480960 0.0885430
v -0.0944310 1.7069830 -0.0081140
v -0.0978850 1.7079740 -0.0052460
v -0.0958120 1.7075710 -0.0035790
v -0.0937320 1.7064331 -0.0063930
v -0.0917810 1.7126811 -0.0010460
v -0.0896740 1.7083290 -0.0004600
v -0.0943790 1.7106090 0.0001480
v -0.0943100 1.7310520 0.0010120
v -0.0932150 1.7264800 -0.0016530
v -0.0941220 1.7248820 -0.0004450
v -0.0943640 1.7252250 0.0008070
v -0.1137160 1.7091670 -0.0248430
v -0.1149910 1.7160710 -0.0274440
v -0.1130500 1.7157350 -0.0290180
v -0.1119400 1.7084380 -0.0264650
v 0.0237710 1.7479180 0.0886690
v 0.0227610 1.7484580 0.0883010
v -0.0912160 1.6902640 0.0056500
v -0.0869820 1.6868290 0.0013900
v -0.0894950 1.6943340 0.0062220
v -0.1135600 1.7564270 -0.0215780
v -0.1093820 1.7589390 -0.0217810
v -0.1102270 1.7564141 -0.0246550
v -0.1146550 1.7539901 -0.0241880
v -0.0919780 1.7335290 -0.0075340
v -0.0921880 1.7307930 -0.0070990
v -0.0920630 1.7325240 -0.0057220
v -0.0917130 1.7351201 -0.0059180
v 0.0229090 1.7501330 0.0886690
v 0.0369360 1.7432950 0.0924870
v 0.0371580 1.7423780 0.0925420
v 0.0313120 1.7428970 0.0926630
v 0.0308430 1.7439450 0.0925550
v 0.0367030 1.7438110 0.0922660
v 0.0409720 1.7439150 0.0913590
v 0.0410730 1.7433800 0.0915520
v 0.0411870 1.7424760 0.0915360
v -0.0674600 1.6857539 -0.0606190
v -0.0791350 1.6857181 -0.0396340
v -0.0835620 1.7033110 -0.0483360
v -0.0733830 1.7028540 -0.0659770
v -0.1061890 1.6913410 -0.0104060
v -0.1049750 1.6884620 -0.0078170
v -0.0951770 1.7407240 0.0022150
v -0.0943330 1.7427050 0.0034040
v -0.0951110 1.7495480 0.0018560
v -0.0960740 1.7458510 0.0017000
v 0.0272410 1.7441550 0.0923280
v 0.0271500 1.7452260 0.0919570
v 0.0411650 1.7417001 0.0914780
v 0.0373960 1.7416030 0.0924090
v -0.1133450 1.7358650 -0.0320450
v -0.1168160 1.7350850 -0.0304450
v 0.0315440 1.7421110 0.0926070
v 0.0272240 1.7436420 0.0924410
v 0.0238950 1.7453470 0.0917260
v 0.0252480 1.7455130 0.0917230
v 0.0373810 1.7407150 0.0921130
v 0.0372450 1.7396890 0.0918450
v 0.0313790 1.7401830 0.0923650
v 0.0315280 1.7412100 0.0924620
v -0.0976430 1.7495940 -0.0052150
v -0.1017710 1.7543020 -0.0088240
v -0.0995280 1.7510600 -0.0075250
v -0.0973600 1.7489820 -0.0054770
v -0.0973220 1.7382140 -0.0032340
v -0.0979190 1.7399000 -0.0029120
v -0.0957790 1.7411391 -0.0029390
v -0.0948230 1.7393110 -0.0029910
v 0.0411560 1.7408150 0.0910790
v 0.0410150 1.7397970 0.0907850
v -0.0938050 1.7481880 0.0047550
v -0.0947070 1.7543460 0.0010830
v 0.0518370 1.7452461 0.0848940
v 0.0524570 1.7458880 0.0838690
v 0.0524220 1.7452270 0.0840550
v -0.0908230 1.6937540 -0.0152610
v 0.0520480 1.7446890 0.0846190
v 0.0554210 1.7420590 0.0816460
v 0.0567290 1.7435091 0.0807140
v 0.0589740 1.7424750 0.0797910
v -0.0972760 1.7397389 -0.0003440
v -0.0979320 1.7429860 -0.0001990
v -0.0987300 1.7419900 -0.0027310
v -0.0901930 1.7007800 0.0071890
v -0.0914540 1.7031150 0.0054590
v -0.0965630 1.7477620 -0.0052660
v -0.0957690 1.7461710 -0.0052030
v -0.0943690 1.7411220 -0.0042480
v -0.0953730 1.7387249 -0.0058650
v 0.0574150 1.7408930 0.0809520
v -0.1049000 1.7311770 -0.0142030
v -0.1082370 1.7201180 -0.0158620
v 0.0669340 1.7295840 0.0774060
v 0.0601790 1.7372060 0.0806910
v 0.0620320 1.7388370 0.0787500
v 0.0512560 1.7449020 0.0857660
v 0.0504680 1.7444760 0.0867710
v 0.0511430 1.7453001 0.0856680
v 0.0517010 1.7457650 0.0846250
v 0.0514750 1.7441370 0.0854860
v 0.0505910 1.7437021 0.0866240
v 0.0493030 1.7441740 0.0880040
v 0.0493940 1.7432710 0.0879460
v 0.0473610 1.7428440 0.0893920
v 0.0472570 1.7437510 0.0894380
v 0.0446350 1.7434829 0.0905210
v -0.0891420 1.7037560 -0.0325700
v -0.0852130 1.6854650 -0.0162720
v 0.0449890 1.7440020 0.0903060
v 0.0447360 1.7425730 0.0904640
v 0.0474760 1.7420790 0.0891200
v 0.0448350 1.7418000 0.0903180
v 0.0494010 1.7425110 0.0875660
v 0.0506880 1.7430770 0.0862250
v 0.0516390 1.7436360 0.0850150
v 0.0524080 1.7441900 0.0841250
v 0.0529450 1.7449920 0.0834840
v 0.0519980 1.7430170 0.0843990
v 0.0527500 1.7421401 0.0835560
v 0.0511960 1.7414460 0.0849900
v 0.0508570 1.7424170 0.0857180
v 0.0530410 1.7436970 0.0834160
v 0.0540470 1.7429500 0.0824710
v -0.0943900 1.7416410 -0.0030850
v -0.0943710 1.7421710 -0.0032890
v -0.0936430 1.7410030 -0.0035650
v -0.0935470 1.7402050 -0.0032540
v 0.0495250 1.7418870 0.0870680
v 0.0495190 1.7410080 0.0865520
v 0.0473390 1.7404470 0.0882080
v 0.0474600 1.7413310 0.0887170
v -0.1034630 1.6861140 -0.0054600
v -0.1023040 1.7391510 -0.0112110
v -0.0988440 1.7365210 -0.0087830
v -0.0990230 1.7392991 -0.0081600
v 0.0448280 1.7410320 0.0899250
v 0.0448290 1.7400290 0.0894790
v -0.1149720 1.7231100 -0.0256350
v -0.1158080 1.7336590 -0.0263080
v -0.1172690 1.7341850 -0.0281350
v -0.1163090 1.7229650 -0.0272140
v 0.0365890 1.7438509 0.0919360
v 0.0362230 1.7438890 0.0905220
v 0.0405930 1.7435840 0.0899440
v 0.0409830 1.7439350 0.0910100
v 0.0450010 1.7440259 0.0900860
v -0.0886440 1.6847560 0.0000810
v -0.0926610 1.7299351 -0.0079790
v -0.0939610 1.7277380 -0.0074670
v 0.0442920 1.7436830 0.0890940
v 0.0404260 1.7435330 0.0885870
v 0.0384800 1.7468390 0.0838610
v 0.0401640 1.7468550 0.0834890
v 0.0437830 1.7436240 0.0878240
v -0.0924370 1.7369640 -0.0064000
v -0.0925030 1.7388800 -0.0043090
v 0.0364920 1.7439560 0.0890690
v 0.0365570 1.7470829 0.0840860
v 0.0324020 1.7451349 0.0890560
v -0.0912930 1.7069700 0.0060190
v 0.0347090 1.7475990 0.0841010
v 0.0291500 1.7463300 0.0892440
v 0.0388830 1.7597090 0.0923360
v 0.0389340 1.7599961 0.0926190
v 0.0445520 1.7590960 0.0920650
v 0.0440600 1.7587450 0.0915610
v 0.0651020 1.7215739 -0.0837270
v 0.0673860 1.7404250 -0.0889840
v 0.0517720 1.7351010 -0.1007510
v 0.0475090 1.7556200 0.0904440
v 0.0475590 1.7568090 0.0900550
v 0.0505420 1.7551340 0.0886420
v 0.0502780 1.7540970 0.0887060
v 0.0474660 1.7544140 0.0908520
v -0.1094950 1.7526850 -0.0231870
v -0.1104690 1.7503220 -0.0249830
v -0.1076170 1.7508440 -0.0215690
v -0.1071320 1.7522900 -0.0196160
v -0.1061420 1.7542740 -0.0158690
v -0.1061500 1.7561250 -0.0152920
v -0.1083920 1.7547090 -0.0206960
v -0.0968740 1.7375140 -0.0072240
v -0.0975500 1.7397259 -0.0069340
v 0.0499710 1.7528189 0.0888320
v 0.0440860 1.7559620 0.0926950
v -0.1001450 1.7018300 -0.0030330
v -0.1013950 1.6941760 -0.0045450
v -0.1104230 1.7093960 -0.0186280
v -0.1100890 1.7102610 -0.0149820
v -0.1093830 1.7229470 -0.0296900
v -0.1083790 1.7349790 -0.0297920
v -0.1067720 1.7341840 -0.0276270
v -0.1081770 1.7228490 -0.0283730
v 0.0441320 1.7572850 0.0921840
v 0.0440480 1.7583520 0.0916550
v 0.0491180 1.7512420 0.0838650
v 0.0481800 1.7525070 0.0846880
v -0.1016160 1.7241160 -0.0254050
v -0.0976240 1.7247810 -0.0252300
v -0.0939900 1.7234330 0.0024810
v -0.0928200 1.7280850 0.0046410
v -0.0920630 1.7360580 -0.0062400
v -0.0922140 1.7380220 -0.0042660
v -0.1037450 1.7027900 -0.0215000
v -0.0989740 1.6933360 -0.0130720
v -0.1037490 1.7002130 -0.0193090
v -0.0939820 1.6920860 -0.0109320
v -0.0934490 1.6909450 -0.0082660
v -0.0966210 1.6911480 -0.0099830
v 0.0488140 1.7522320 0.0863700
v 0.0501290 1.7512380 0.0849510
v 0.0499140 1.7503530 0.0831430
v 0.0509440 1.7502910 0.0838920
v 0.0434750 1.7504090 0.0811110
v 0.0430480 1.7509050 0.0814570
v 0.0423770 1.7515160 0.0819280
v -0.1064300 1.7045540 -0.0119380
v -0.1086850 1.7062160 -0.0151340
v 0.0436860 1.7499940 0.0808960
v -0.0905730 1.7245520 -0.0027280
v -0.0888220 1.7226580 -0.0040790
v -0.0893660 1.7242030 -0.0021270
v -0.1091100 1.7302300 -0.0158790
v -0.1111360 1.7196800 -0.0167690
v -0.0973700 1.7428710 -0.0032100
v 0.0437610 1.7496170 0.0808020
v -0.0961520 1.7298950 -0.0036470
v -0.0969040 1.7342070 -0.0015770
v -0.1007200 1.7472399 -0.0032040
v -0.0989070 1.7452660 -0.0037300
v -0.0984020 1.7439710 -0.0033960
v -0.0995940 1.7444370 -0.0026640
v -0.0827260 1.7121720 -0.0028760
v -0.0868540 1.7099940 -0.0014530
v -0.0884990 1.7140549 -0.0012470
v 0.0437260 1.7492520 0.0808150
v 0.0436020 1.7488890 0.0809670
v 0.0687820 1.7094060 0.0760750
v 0.0698050 1.7231160 0.0762390
v -0.1050210 1.7555300 -0.0132760
v -0.1055850 1.7530280 -0.0147520
v -0.1048200 1.7427990 -0.0247340
v 0.0724470 1.7130370 0.0722830
v 0.0507850 1.7456440 0.0853910
v -0.0967920 1.7450510 -0.0078790
v -0.0975570 1.7431920 -0.0089340
v 0.0513950 1.7461700 0.0843890
v -0.0969100 1.7569220 -0.0157760
v -0.0965980 1.7547830 -0.0120310
v -0.0964940 1.7551950 -0.0105900
v -0.0963510 1.7598720 -0.0106870
v 0.0500800 1.7459910 0.0848890
v -0.0922410 1.6877550 -0.0047900
v -0.0956370 1.6883910 -0.0077670
v -0.0954830 1.6897390 -0.0082500
v -0.0929120 1.6893940 -0.0061200
v -0.0948630 1.7071140 -0.0028880
v -0.0932890 1.7060850 -0.0054610
v 0.0506760 1.7465520 0.0840250
v -0.1112700 1.7111650 -0.0222120
v -0.1106860 1.7100461 -0.0208510
v -0.1117460 1.7153900 -0.0232750
v -0.1124260 1.7170280 -0.0245030
v 0.0520610 1.7469070 0.0834490
v 0.0525190 1.7466260 0.0834950
v 0.0475800 1.7448930 0.0860090
v 0.0422790 1.7474360 0.0825590
v 0.0428140 1.7478360 0.0820810
v -0.0932510 1.7348300 -0.0102610
v -0.0927930 1.7332830 -0.0096890
v -0.0981140 1.7481120 -0.0137850
v -0.1005240 1.7515260 -0.0153620
v -0.0988700 1.7548590 -0.0111180
v -0.0969990 1.7519090 -0.0109800
v -0.1064410 1.7442620 -0.0270840
v 0.0484890 1.7457460 0.0850460
v 0.0459540 1.7441620 0.0869480
v 0.0413960 1.7470860 0.0830410
v 0.0431150 1.7481730 0.0816550
v 0.0433860 1.7485170 0.0812700
v -0.0979830 1.7413590 -0.0083540
v -0.0989250 1.7416970 -0.0095500
v 0.0489130 1.7462580 0.0842270
v -0.0972260 1.7418240 -0.0078490
v 0.0495060 1.7468430 0.0834320
v 0.0511670 1.7473520 0.0834060
v -0.0942150 1.7381361 -0.0031340
v -0.0967240 1.7366680 -0.0036500
v -0.1000540 1.7478340 -0.0046540
v -0.1044390 1.7527430 -0.0083130
v -0.1035730 1.7527900 -0.0083440
v -0.0995210 1.7488390 -0.0048450
v 0.0502170 1.7482460 0.0825170
v 0.0503230 1.7489210 0.0825340
v 0.0514200 1.7480921 0.0832400
v -0.0950290 1.7443070 -0.0040110
v 0.0515150 1.7487600 0.0831640
v 0.0499790 1.7475690 0.0827900
v -0.0180240 1.6832030 -0.0905710
v -0.0197750 1.6958150 -0.0980750
v 0.0502290 1.7496170 0.0827160
v 0.0513470 1.7494450 0.0834000
v 0.0528100 1.7460690 0.0834570
v 0.0528460 1.7471080 0.0831390
v 0.0535360 1.7484070 0.0826660
v 0.0533740 1.7460960 0.0829690
v -0.0973290 1.7555250 -0.0024310
v -0.0982370 1.7577710 -0.0068910
v -0.0995720 1.7592670 -0.0072810
v -0.0980390 1.7567070 -0.0034490
v -0.1069300 1.7506920 -0.0189890
v 0.0542600 1.7460710 0.0823180
v 0.0537080 1.7446320 0.0826700
v 0.0548190 1.7491400 0.0824810
v 0.0566050 1.7495559 0.0820100
v -0.1123220 1.7459850 -0.0254940
v -0.0950920 1.7256720 -0.0060030
v -0.0915560 1.7218860 -0.0058250
v 0.0559010 1.7459450 0.0814240
v 0.0549720 1.7442660 0.0817540
v 0.0524290 1.7476990 0.0830840
v -0.0789230 1.7200930 -0.0041320
v -0.0792620 1.7216520 -0.0040580
v -0.0799730 1.7212230 -0.0054910
v -0.0796350 1.7195539 -0.0058190
v 0.0526580 1.7485070 0.0828590
v 0.0540520 1.7504120 0.0837980
v -0.0836130 1.7137190 -0.0065810
v -0.0872810 1.7124190 -0.0052990
v -0.0862710 1.7098240 -0.0039440
v -0.0828080 1.7109530 -0.0060410
v 0.0550810 1.7514060 0.0839020
v 0.0531830 1.7497560 0.0837660
v 0.0525280 1.7506350 0.0851730
v 0.0531700 1.7514970 0.0853680
v -0.0785000 1.7161030 -0.0048020
v -0.0787140 1.7181571 -0.0043470
v -0.0795510 1.7173750 -0.0061960
v -0.0794730 1.7150580 -0.0068920
v 0.0539370 1.7523830 0.0854410
v 0.0520120 1.7526020 0.0870180
v -0.1042460 1.7553040 -0.0107710
v -0.1064190 1.7553670 -0.0129720
v 0.0525460 1.7536190 0.0871020
v 0.0515220 1.7515700 0.0868580
v 0.0524170 1.7494800 0.0835710
v -0.1143900 1.7445379 -0.0244480
v -0.1150400 1.7416430 -0.0255800
v -0.1109060 1.7510620 -0.0220160
v -0.1116830 1.7487299 -0.0238060
v 0.0518090 1.7503220 0.0846680
v 0.0508460 1.7512230 0.0861390
v 0.0494890 1.7519400 0.0882120
v -0.0938890 1.7132840 0.0031100
v -0.0952060 1.7136660 0.0013230
v -0.0948440 1.7116070 0.0012430
v -0.1154430 1.7484530 -0.0243870
v -0.1154120 1.7510160 -0.0261420
v -0.0947200 1.6908230 0.0044390
v -0.0933850 1.6888040 0.0050550
v -0.0554250 1.5975140 0.0128050
v -0.0642360 1.6052110 -0.0007460
v -0.0631780 1.5925320 -0.0020900
v -0.0542350 1.5851570 0.0107330
v -0.1000810 1.7502320 -0.0015200
v -0.0984290 1.7530340 -0.0010490
v 0.0471940 1.7533100 0.0904050
v 0.0463260 1.7534240 0.0882210
v 0.0438250 1.7549530 0.0922820
v -0.0787430 1.7140059 -0.0038580
v -0.0786360 1.7129890 -0.0055360
v -0.0821590 1.7110350 -0.0045170
v -0.0848710 1.7191900 -0.0019370
v -0.0797110 1.7200240 -0.0025090
v 0.0428920 1.7545930 0.0899360
v 0.0396080 1.7608000 0.0939290
v 0.0457780 1.7600460 0.0935290
v 0.0424610 1.7546940 0.0878570
v 0.0394760 1.7525460 0.0833690
v 0.0375000 1.7526840 0.0839240
v 0.0383710 1.7548430 0.0888630
v -0.0838240 1.7159040 -0.0063730
v 0.0261730 1.7509570 0.0891360
v 0.0271510 1.7519751 0.0896090
v -0.0844560 1.7223300 -0.0048800
v -0.0848480 1.7236520 -0.0031780
v -0.0890220 1.7052630 -0.0019370
v -0.0911550 1.7048270 -0.0042780
v -0.0930950 1.7045799 -0.0008270
v -0.0795110 1.7125270 -0.0069550
v -0.0927630 1.7360409 -0.0081220
v 0.0321690 1.7512180 0.0842500
v 0.0317300 1.7507100 0.0840830
v 0.0244300 1.7510370 0.0899020
v 0.0260350 1.7519960 0.0905990
v -0.0879170 1.7170000 -0.0057180
v -0.0919330 1.7139850 -0.0078880
v -0.0915170 1.7112210 -0.0072070
v -0.0877180 1.7145410 -0.0057390
v -0.1042300 1.7007869 -0.0102870
v -0.1045780 1.7032059 -0.0098140
v -0.0953630 1.7082300 -0.0101530
v -0.0996480 1.7083310 -0.0081230
v -0.0942220 1.7295080 -0.0064610
v -0.0955510 1.7334239 -0.0046810
v -0.0912090 1.7247500 -0.0029050
v -0.0882510 1.7197061 -0.0051370
v -0.0917710 1.7170600 -0.0074680
v -0.0850650 1.7209080 -0.0021280
v -0.0896990 1.7209610 -0.0015110
v -0.0894060 1.7224000 -0.0016280
v -0.0850350 1.7222080 -0.0023490
v -0.1007480 1.7434779 -0.0105170
v -0.0971140 1.7500269 0.0004870
v -0.0989550 1.7466609 -0.0006150
v -0.0981810 1.7619710 -0.0293580
v -0.0969880 1.7517970 -0.0353310
v -0.0970600 1.7530200 -0.0203120
v -0.0839030 1.7182330 -0.0060400
v -0.0800000 1.7228420 -0.0037760
v -0.0806450 1.7221230 -0.0027790
v -0.1107060 1.7057149 -0.0197940
v -0.0942300 1.7040200 -0.0006860
v -0.0928890 1.7357010 -0.0037760
v -0.1094550 1.7159950 -0.0282060
v -0.1085730 1.7091150 -0.0259740
v -0.0920920 1.7373710 -0.0041820
v -0.0928410 1.7387780 -0.0035650
v -0.0924320 1.7053200 -0.0049960
v -0.0941670 1.7059031 -0.0019720
v -0.0930660 1.7392950 -0.0034050
v -0.0949850 1.7131090 -0.0000420
v -0.1071730 1.7435740 -0.0169800
v 0.0312250 1.7541341 0.0898780
v 0.0339760 1.7522970 0.0844730
v -0.1002890 1.6900520 -0.0129940
v -0.0979520 1.6879150 -0.0099680
v 0.0328700 1.7517840 0.0844120
v -0.0801980 1.7213110 -0.0025070
v 0.0291390 1.7530570 0.0896260
v -0.0853600 1.7100230 -0.0031250
v -0.0842340 1.7204250 -0.0055740
v 0.0304650 1.7546030 0.0919980
v 0.0277410 1.7531040 0.0911500
v 0.0385630 1.7552921 0.0911230
v -0.0927440 1.7180380 -0.0012660
v -0.0923620 1.7152849 -0.0009990
v -0.0952460 1.7159390 0.0000080
v 0.0309140 1.8118540 -0.1088440
v 0.0300830 1.7925529 -0.1136040
v -0.1015620 1.7091610 -0.0098960
v -0.0964750 1.7106100 -0.0124740
v -0.0979920 1.7119340 -0.0148480
v -0.1038590 1.7103800 -0.0116360
v -0.1070600 1.7028540 -0.0233290
v -0.1050710 1.6971840 -0.0197000
v -0.1076430 1.6954390 -0.0195570
v -0.1101960 1.7014840 -0.0234100
v 0.0543600 1.7940100 -0.1026460
v 0.0545220 1.8107790 -0.0988100
v -0.0986640 1.7810380 -0.0383660
v -0.0981920 1.7690580 -0.0213570
v -0.0991140 1.7891300 -0.0252080
v -0.1040370 1.7543780 -0.0213790
v -0.1046600 1.7514040 -0.0234340
v -0.1109730 1.7532930 -0.0269340
v -0.0957550 1.7579960 -0.0045350
v -0.0964290 1.7552650 -0.0087730
v -0.0970560 1.7567090 -0.0064990
v -0.1132130 1.7229680 -0.0309850
v 0.0455760 1.7537481 0.0864110
v 0.0411170 1.7521091 0.0826630
v 0.0667540 1.8119900 -0.0897150
v 0.0658360 1.8226230 -0.0860600
v 0.0551860 1.8251950 -0.0924010
v 0.0446920 1.6475000 -0.0644930
v 0.0313300 1.6347719 -0.0728010
v -0.0946740 1.7359250 0.0019710
v -0.0969540 1.7369020 -0.0007370
v 0.0218760 1.7507720 0.0911740
v -0.1026860 1.7040600 -0.0226040
v 0.0239560 1.7524130 0.0916100
v -0.1047790 1.7076020 -0.0096560
v -0.1076150 1.7084410 -0.0120020
v -0.1104510 1.7560480 -0.0136630
v -0.1065820 1.7538410 -0.0106310
v 0.0205270 1.7493520 0.0908910
v 0.0197960 1.7492369 0.0912040
v 0.0210970 1.7509370 0.0913930
v 0.0228930 1.7526430 0.0917350
v 0.0264580 1.7538710 0.0921230
v 0.0256630 1.7542400 0.0926160
v 0.0298160 1.7559760 0.0937630
v 0.0299140 1.7551810 0.0933910
v 0.0388720 1.7559730 0.0932730
v 0.0389760 1.7569050 0.0936780
v 0.0293590 1.7569180 0.0932120
v 0.0251200 1.7548651 0.0921890
v 0.0287980 1.7579590 0.0925310
v 0.0249230 1.7560450 0.0917630
v 0.0388590 1.7592160 0.0926310
v 0.0390180 1.7581450 0.0932340
v 0.0237250 1.7464290 0.0911350
v 0.0210980 1.7470090 0.0910570
v 0.0243420 1.7467400 0.0908350
v 0.0214680 1.7473110 0.0906310
v 0.0257670 1.7471570 0.0896090
v 0.0206630 1.7479510 0.0905980
v 0.0198280 1.7477781 0.0910060
v -0.0171280 1.5841300 0.0419580
v -0.0171380 1.5748971 0.0365520
v 0.0267770 1.7473119 0.0890270
v 0.0203330 1.7511179 0.0912360
v 0.0188060 1.7491380 0.0913720
v 0.0191210 1.7518330 0.0907140
v 0.0180470 1.7494760 0.0911440
v 0.0217160 1.7544330 0.0908670
v 0.0221690 1.7530960 0.0912410
v 0.0187450 1.7476960 0.0911150
v 0.0193360 1.7470360 0.0910970
v 0.0180040 1.7477050 0.0911860
v 0.0186130 1.7468740 0.0911670
v 0.0269540 1.7428660 0.0925070
v 0.0266870 1.7420950 0.0924560
v 0.0230440 1.7447701 0.0918970
v 0.0224220 1.7442930 0.0918710
v 0.0369650 1.7385440 0.0916250
v 0.0407470 1.7386520 0.0904790
v 0.0365690 1.7371269 0.0915690
v -0.0159230 1.7150780 0.1170000
v -0.0176680 1.7150069 0.1152110
v -0.0159930 1.7175100 0.1142110
v -0.0152220 1.7174550 0.1150770
v 0.0405800 1.7370970 0.0903670
v 0.0305710 1.7378581 0.0924380
v 0.0311070 1.7390250 0.0923270
v 0.0308610 1.5757240 0.0229070
v 0.0537370 1.7409860 0.0829380
v 0.0552090 1.7395500 0.0825530
v 0.0528860 1.7385980 0.0841720
v 0.0518210 1.7403049 0.0843750
v 0.0497530 1.7397360 0.0860210
v -0.0165820 1.7033120 0.1147580
v -0.0157340 1.7054590 0.1135960
v -0.0169280 1.7051890 0.1124150
v -0.0180950 1.7033610 0.1136410
v 0.0502220 1.7379270 0.0859530
v 0.0472830 1.7374940 0.0876930
v 0.0471960 1.7391770 0.0877840
v 0.0446820 1.7388880 0.0890660
v 0.0443940 1.7371020 0.0890350
v 0.0580360 1.7453270 0.0801540
v 0.0597410 1.7493110 0.0801740
v 0.0604230 1.7445680 0.0789000
v 0.0626720 1.7489450 0.0782800
v 0.0173880 1.7529950 0.0910950
v -0.0121700 1.7169970 0.1141700
v -0.0105110 1.7134060 0.1170820
v -0.0124920 1.7145220 0.1187240
v -0.0135680 1.7176690 0.1150260
v 0.0168640 1.7500420 0.0910170
v 0.0154970 1.7538670 0.0926430
v 0.0153050 1.7505230 0.0922190
v 0.0166820 1.7575550 0.0934670
v 0.0190780 1.7564130 0.0917470
v 0.0171380 1.7477360 0.0912790
v 0.0178580 1.7466350 0.0912770
v 0.0157670 1.7478200 0.0917510
v 0.0168490 1.7460040 0.0916840
v 0.0261650 1.7411940 0.0924920
v 0.0256330 1.7401540 0.0925410
v 0.0218150 1.7436661 0.0920000
v 0.0208870 1.7427870 0.0922000
v 0.0626580 1.7081230 -0.0793030
v 0.0686060 1.7600040 -0.0909040
v 0.0554630 1.7649050 0.0925720
v 0.0524440 1.7614150 0.0926300
v 0.0478700 1.7630750 0.0946750
v 0.0503960 1.7674410 0.0955430
v 0.0594580 1.7697541 0.0914610
v 0.0624970 1.7653871 0.0882230
v 0.0589290 1.7619179 0.0895960
v 0.0558110 1.7591881 0.0902810
v 0.0606680 1.7528400 0.0815810
v 0.0581360 1.7528000 0.0831460
v 0.0582490 1.7549070 0.0850110
v 0.0607950 1.7556940 0.0838450
v 0.0637150 1.7528770 0.0796890
v 0.0642350 1.7567500 0.0821360
v 0.0601690 1.7585270 0.0866850
v 0.0573550 1.7568560 0.0875560
v 0.0638210 1.7606260 0.0852250
v 0.0262270 1.7629139 0.0958280
v 0.0272380 1.7607599 0.0940570
v 0.0233410 1.7586100 0.0926240
v 0.0215920 1.7597960 0.0933690
v 0.0245520 1.7650011 0.0977350
v 0.0188390 1.7611730 0.0950270
v 0.0419940 1.7684669 0.0979200
v 0.0409140 1.7644060 0.0960920
v 0.0284540 1.7586050 0.0921930
v 0.0258260 1.7573130 0.0918410
v 0.0282760 1.7589110 0.0922570
v 0.0250770 1.7572110 0.0917150
v 0.0765050 1.8361030 -0.0653610
v 0.0789490 1.8437721 -0.0509070
v 0.0588890 1.8577440 -0.0581000
v 0.0579890 1.8482530 -0.0722330
v 0.0476850 1.7573210 0.0900760
v 0.0484260 1.7577890 0.0907100
v 0.0515430 1.7561131 0.0893130
v 0.0507990 1.7556380 0.0887950
v 0.0530550 1.7542470 0.0872700
v 0.0539250 1.7547410 0.0876610
v 0.0553250 1.7535020 0.0857790
v 0.0545630 1.7531470 0.0857210
v 0.0553360 1.7522790 0.0844270
v 0.0561000 1.7522740 0.0841080
v 0.0254620 1.7583390 0.0922560
v 0.0281430 1.7593600 0.0927280
v 0.0682500 1.7972400 -0.0916780
v 0.0547760 1.8142180 0.0833410
v 0.0634790 1.8097520 0.0760900
v 0.0604470 1.8015881 0.0821210
v 0.0499060 1.7587360 0.0919660
v 0.0531630 1.7570720 0.0901170
v 0.0553130 1.7555920 0.0878810
v 0.0564660 1.7542580 0.0857400
v 0.0569740 1.7531660 0.0842820
v 0.0870730 1.7070900 0.0119660
v 0.0878380 1.7071670 0.0103540
v 0.1015820 1.7187340 -0.0192430
v 0.0995090 1.7271190 -0.0180260
v 0.0976260 1.7316380 -0.0163150
v 0.0962500 1.7449700 0.0008560
v 0.1007800 1.7491260 -0.0022160
v 0.1051190 1.6963640 -0.0100470
v 0.1009910 1.6940171 -0.0055910
v -0.1104500 1.7598550 -0.0144000
v 0.1051520 1.6975520 -0.0104540
v 0.1102860 1.7444800 -0.0148710
v 0.1111520 1.7422160 -0.0164860
v 0.1123620 1.7416660 -0.0161540
v 0.0531050 1.6823860 -0.0703060
v 0.0595820 1.6978461 -0.0760250
v 0.1120060 1.7395580 -0.0180070
v 0.0905350 1.7131830 0.0083090
v 0.1029130 1.7181860 -0.0193440
v 0.1051170 1.7177140 -0.0210110
v 0.1062000 1.7112050 -0.0209920
v 0.1053090 1.7115880 -0.0204040
v 0.1050820 1.7047590 -0.0189500
v 0.1044750 1.7055550 -0.0186630
v 0.1072130 1.7010380 -0.0133400
v 0.1090320 1.7059450 -0.0159210
v 0.1024040 1.7497250 -0.0036570
v 0.1014250 1.7485480 -0.0021540
v 0.1033180 1.7495550 -0.0039820
v 0.0916360 1.7116860 0.0068470
v 0.0941900 1.7425370 0.0011280
v 0.0933340 1.7395090 0.0023420
v 0.0931110 1.7400570 0.0018970
v 0.0876880 1.7185650 0.0036230
v 0.0877240 1.7197320 0.0034180
v 0.0891290 1.7164590 0.0035790
v 0.0920460 1.7143691 0.0050070
v 0.0845960 1.7049580 0.0044190
v 0.0842540 1.7035450 0.0023070
v 0.0846910 1.7022200 0.0027220
v 0.1060470 1.7568970 -0.0083560
v 0.0934180 1.7381970 0.0026420
v 0.0949510 1.7395940 0.0025010
v 0.0953770 1.7412890 0.0021500
v 0.1042430 1.7489920 -0.0044010
v 0.0957810 1.7425770 0.0018490
v 0.0949150 1.7424830 0.0018500
v 0.0969810 1.7446820 0.0009690
v 0.0944250 1.7425070 0.0016020
v 0.0949860 1.7104530 -0.0099510
v 0.0931030 1.7101220 -0.0076430
v 0.0895280 1.7333370 0.0122930
v 0.0901590 1.7309850 0.0100800
v 0.0995150 1.6932729 -0.0032360
v 0.0952080 1.7405980 -0.0107600
v 0.0952250 1.7441519 -0.0121890
v 0.1108320 1.7118380 -0.0178950
v 0.1024800 1.7048800 -0.0053000
v 0.0995160 1.7039870 -0.0035060
v 0.1051620 1.7063110 -0.0071750
v 0.1072980 1.7096220 -0.0090020
v 0.0899910 1.7305140 -0.0024710
v 0.1043850 1.7359370 -0.0079360
v 0.1057670 1.7330040 -0.0092080
v 0.1021200 1.7361480 -0.0062080
v 0.0954290 1.7487000 -0.0098330
v 0.0950400 1.7487980 -0.0071510
v 0.0956250 1.7424470 -0.0083840
v 0.0948090 1.7466871 -0.0066390
v 0.0868160 1.7093370 0.0043510
v 0.0870630 1.7017920 0.0002580
v 0.0869410 1.7044110 -0.0003580
v 0.0886620 1.7017940 -0.0006630
v 0.0890180 1.7031471 -0.0019530
v 0.0899440 1.7051491 -0.0034870
v 0.0909130 1.7076620 -0.0046000
v 0.0910540 1.7107871 -0.0049360
v 0.0862190 1.7146930 0.0038170
v 0.0943130 1.7490990 0.0045540
v 0.0856570 1.7123710 0.0039370
v 0.0880110 1.7167280 0.0037310
v 0.0880770 1.7143919 0.0040140
v 0.0876340 1.7119020 0.0043860
v 0.0948830 1.7001870 0.0024790
v 0.0961090 1.7023489 0.0002800
v 0.0928700 1.7010630 0.0031260
v 0.0974610 1.7031060 -0.0018220
v 0.0911550 1.7013930 0.0034960
v 0.0954100 1.7421581 -0.0092320
v 0.0949520 1.7463230 -0.0089300
v 0.0871670 1.7113860 0.0140600
v 0.0757300 1.7194680 0.0677080
v 0.0781490 1.7314620 0.0624590
v 0.0268290 1.6593260 0.0862980
v 0.0257780 1.6553130 0.0865180
v 0.0639570 1.7063100 0.0800710
v 0.0577190 1.7035030 0.0851710
v 0.0254170 1.6656240 0.1007730
v 0.0245020 1.6646950 0.1009330
v 0.0233790 1.6654480 0.1010340
v 0.0243050 1.6658790 0.1006920
v 0.0215700 1.6663700 0.0987880
v 0.0225890 1.6663080 0.0979970
v 0.0228210 1.6662270 0.0991050
v 0.0219260 1.6662850 0.0998750
v 0.0295090 1.6852510 0.1030290
v 0.0337650 1.6903630 0.1010030
v 0.0371410 1.6848480 0.0995240
v 0.0329740 1.6804330 0.1016470
v 0.0250350 1.6651740 0.0893980
v 0.0247240 1.6672200 0.0900720
v 0.0232370 1.6668520 0.0946190
v 0.0236130 1.6660540 0.0940580
v 0.0247540 1.6618440 0.0893150
v 0.0234460 1.6644320 0.0934420
v 0.0270340 1.6644280 0.0865080
v 0.0264270 1.6676570 0.0871030
v 0.0359970 1.6576630 0.0959900
v 0.0320160 1.6602440 0.0985120
v 0.0331150 1.6642170 0.0988730
v 0.0373330 1.6634361 0.0968130
v 0.0262310 1.6996790 0.1022180
v 0.0302730 1.6949610 0.1016950
v 0.0263620 1.6899010 0.1033950
v 0.0222400 1.6952890 0.1038160
v 0.0181320 1.7014199 0.1050830
v 0.0218380 1.7047319 0.1030690
v 0.0167060 1.7109070 0.1092260
v 0.0169260 1.7062590 0.1104090
v 0.0160820 1.7049770 0.1140670
v 0.0166890 1.7076230 0.1128120
v 0.0137960 1.7002050 0.1119920
v 0.0168890 1.7035770 0.1086010
v 0.0088130 1.6989870 0.1124070
v -0.0208050 1.7030220 0.1142210
v -0.0194440 1.7055250 0.1130240
v -0.0203980 1.7060190 0.1151820
v -0.0225520 1.7039790 0.1162010
v 0.0085590 1.6999570 0.1134530
v 0.0139230 1.6994530 0.1104120
v -0.0118790 1.7036070 0.1240150
v -0.0132210 1.7063470 0.1243300
v -0.0117930 1.7054300 0.1216470
v -0.0117800 1.7028919 0.1210600
v 0.0142390 1.6985110 0.1085270
v 0.0091660 1.6980720 0.1111980
v 0.0078720 1.7014591 0.1144180
v 0.0113570 1.7010770 0.1146330
v -0.0154350 1.7070301 0.1235860
v -0.0179020 1.7062809 0.1254990
v -0.0200530 1.7063890 0.1235390
v -0.0172670 1.7069960 0.1218000
v -0.0112220 1.7087190 0.1161200
v -0.0130040 1.7061520 0.1175400
v -0.0104100 1.7086880 0.1203430
v -0.0205320 1.7092080 0.1131690
v -0.0188450 1.7079360 0.1114880
v -0.0173240 1.7128540 0.1111690
v -0.0188930 1.7138489 0.1121970
v 0.0133550 1.7032690 0.1165450
v -0.0002770 1.7019399 0.1239240
v 0.0012540 1.7033820 0.1263490
v 0.0088300 1.7404060 0.1085980
v 0.0126790 1.7362990 0.1051700
v 0.0087320 1.7372130 0.1111220
v 0.0123380 1.7334239 0.1076190
v 0.0123520 1.7057890 0.1209690
v 0.0142210 1.7079290 0.1191530
v 0.0092890 1.7071530 0.1253240
v 0.0108810 1.7101800 0.1249050
v 0.0007060 1.7583690 0.1068700
v -0.0030090 1.6978120 0.1188720
v -0.0026960 1.6967191 0.1183490
v -0.0034580 1.6991440 0.1210700
v 0.0320190 1.8399240 -0.0936130
v 0.0326130 1.8555170 -0.0804530
v 0.0311790 1.8725860 -0.0543730
v 0.0280250 1.8779900 -0.0404430
v 0.0008940 1.6757600 0.1185520
v 0.0004770 1.6790110 0.1184570
v 0.0103030 1.6716900 0.0989100
v 0.0034300 1.6721090 0.1005050
v 0.0027170 1.6694380 0.1056940
v 0.0093470 1.6691780 0.1043710
v 0.0144060 1.6689260 0.1020530
v 0.0157970 1.6712040 0.0966550
v 0.0108710 1.6734819 0.0960200
v 0.0036920 1.6739990 0.0974630
v 0.0085750 1.6675950 0.1094060
v 0.0020160 1.6679860 0.1116660
v 0.0018000 1.6699200 0.1149550
v 0.0086040 1.6692801 0.1121090
v 0.0173340 1.6927530 0.1067230
v 0.0121230 1.6936700 0.1093060
v 0.0067870 1.6938720 0.1130540
v 0.0026050 1.6936480 0.1158970
v 0.0019150 1.6963429 0.1164340
v 0.0052010 1.6971880 0.1140420
v 0.0016510 1.6975420 0.1168970
v 0.0049450 1.6982640 0.1147650
v 0.0048790 1.6994669 0.1154240
v 0.0055950 1.7014070 0.1157260
v 0.0031820 1.7011620 0.1171050
v 0.0038420 1.7027510 0.1167240
v 0.0016200 1.6988040 0.1172320
v -0.0000460 1.7292690 0.1242940
v 0.0000330 1.7340670 0.1213740
v 0.0062700 1.6809700 0.1162280
v 0.0002090 1.6816580 0.1175640
v -0.0005170 1.6866570 0.1169000
v 0.0049440 1.6866060 0.1154920
v 0.0106590 1.6856490 0.1129580
v 0.0126000 1.6788020 0.1134270
v -0.0023030 1.6955841 0.1179020
v 0.0067470 1.6781960 0.1166310
v 0.0071830 1.6750840 0.1163720
v 0.0132610 1.6758530 0.1136390
v 0.0135830 1.6730580 0.1130530
v 0.0184800 1.6756250 0.1097110
v 0.0172110 1.6831430 0.1096660
v 0.0241800 1.6805420 0.1056880
v 0.0233330 1.6722620 0.1058600
v 0.0329390 1.6682590 0.0998610
v 0.0271360 1.6652530 0.1006210
v 0.0272180 1.6669590 0.1011300
v 0.0267960 1.6684630 0.1021700
v 0.0317340 1.6722100 0.1013050
v 0.0371120 1.6692760 0.0982260
v 0.0356370 1.6750751 0.0999370
v 0.0291150 1.6761130 0.1031340
v 0.0257490 1.6701241 0.1035290
v 0.0255510 1.6665750 0.1013080
v 0.0243810 1.6663320 0.1010270
v 0.0252030 1.6674550 0.1022300
v 0.0240250 1.6667650 0.1018210
v 0.0244500 1.6682760 0.1034790
v 0.0234110 1.6671600 0.1028320
v 0.0222010 1.6678931 0.1044520
v 0.0229180 1.6696301 0.1054160
v 0.0217320 1.6665421 0.0991160
v 0.0204940 1.6665940 0.1003520
v 0.0205900 1.6664720 0.1018800
v 0.0217730 1.6663560 0.1005320
v 0.0225310 1.6664610 0.0983160
v 0.0224470 1.6663070 0.0997580
v 0.0226060 1.6675600 0.0956030
v 0.0213780 1.6678081 0.0965330
v -0.0609360 1.6184779 0.0164630
v -0.0678940 1.6223480 0.0001130
v 0.0232150 1.6663010 0.0974710
v 0.0232280 1.6662680 0.0987110
v 0.0232560 1.6661730 0.1003900
v 0.0230670 1.6664050 0.1009210
v 0.0224310 1.6665720 0.1017910
v 0.0213070 1.6668680 0.1031060
v 0.0135680 1.6706420 0.1115130
v 0.0181560 1.6705550 0.1090830
v 0.0177750 1.6686190 0.1072920
v 0.0133970 1.6682210 0.1089580
v 0.0172830 1.6672870 0.1053380
v 0.0166160 1.6728150 0.0939560
v 0.0130970 1.6671780 0.1067380
v 0.0203880 1.6701080 0.0938570
v 0.0216940 1.6715690 0.0910630
v 0.0188770 1.6682650 0.0986900
v 0.0240620 1.6686590 0.0912900
v 0.0227650 1.6688730 0.0919160
v 0.0253330 1.6699179 0.0884880
v 0.0237980 1.6705980 0.0896200
v 0.0171940 1.6666909 0.1031810
v 0.0185170 1.6728190 0.1097840
v 0.0077740 1.6722000 0.1146770
v 0.0012620 1.6729510 0.1170270
v -0.0471760 1.7315280 0.0905350
v -0.0465080 1.7280040 0.0918660
v -0.0415620 1.7293299 0.0928260
v -0.0424510 1.7324210 0.0916430
v 0.0004010 1.7196770 0.1314100
v 0.0002160 1.7246990 0.1276040
v 0.0225280 1.6660020 0.1008380
v 0.0049400 1.5668221 0.0328160
v -0.0959250 1.7187680 0.0008830
v -0.0951720 1.7197140 0.0022180
v -0.1054070 1.7479039 -0.0253140
v 0.0262130 1.6637350 0.1006470
v 0.0239630 1.6588000 0.0892120
v 0.0224250 1.6631449 0.0937510
v 0.0324370 1.6520190 0.0964140
v 0.0268310 1.6465859 0.0986330
v 0.0243550 1.6517930 0.1009960
v 0.0291380 1.6560510 0.0990760
v 0.0211480 1.6595640 0.1039170
v 0.0244470 1.6618830 0.1018230
v -0.1096790 1.7529570 -0.0194360
v 0.0229040 1.6635669 0.1024040
v 0.0198940 1.6622380 0.1046760
v 0.0187950 1.6642710 0.1050830
v 0.0217200 1.6649280 0.1024170
v 0.0163020 1.6666820 0.1032100
v 0.0107620 1.6671530 0.1062640
v 0.0101490 1.6627390 0.1004210
v 0.0160340 1.6623430 0.0978120
v 0.0210010 1.6626290 0.0950520
v 0.0203830 1.6664751 0.0998000
v -0.1035580 1.7565629 -0.0188020
v -0.1018880 1.7589750 -0.0131450
v -0.1002180 1.7567910 -0.0120450
v -0.1016870 1.7539620 -0.0168920
v 0.0170830 1.6666130 0.1042100
v 0.0206840 1.6663500 0.1009920
v 0.0113290 1.6670530 0.1076080
v 0.0174470 1.5701050 0.0292940
v 0.0211040 1.6659369 0.1019770
v 0.0177100 1.6660300 0.1046960
v 0.0122410 1.6659830 0.1084700
v 0.0135420 1.6635590 0.1091030
v 0.0146420 1.6606680 0.1091280
v 0.0154280 1.6570981 0.1078620
v 0.0174220 1.6479440 0.1041220
v 0.0189440 1.6413720 0.1023940
v 0.0099070 1.6455970 0.1069350
v 0.0109500 1.6388870 0.1061410
v 0.0088900 1.6552200 0.1113560
v 0.0085840 1.6596709 0.1134140
v 0.0076140 1.6631300 0.1130570
v 0.0067310 1.6658920 0.1119010
v -0.0016810 1.6933050 0.1173340
v 0.0014910 1.7010330 0.1185350
v -0.0000500 1.7011660 0.1210830
v 0.0040370 1.7050340 0.1275180
v -0.0036090 1.7000951 0.1236510
v 0.0073590 1.7068340 0.1272000
v 0.0051460 1.7061530 0.1287000
v 0.0060990 1.7079279 0.1298340
v 0.0077620 1.7087530 0.1285220
v 0.0031200 1.7054280 0.1299200
v 0.0047900 1.7076640 0.1308150
v -0.0022860 1.7043800 0.1315130
v -0.0012360 1.7084550 0.1338310
v 0.0000830 1.7151901 0.1337870
v -0.0007090 1.7110130 0.1344760
v 0.0065790 1.7099800 0.1303900
v 0.0085940 1.7123359 0.1285660
v -0.1134340 1.7528530 -0.0202480
v 0.0091750 1.7163390 0.1261250
v 0.0119060 1.7136890 0.1220770
v 0.0152310 1.8847960 0.0087970
v 0.0058580 1.6673150 0.1107620
v 0.0047860 1.6674830 0.1086080
v -0.0959960 1.7022500 -0.0007200
v -0.1055660 1.7382920 -0.0132360
v 0.0098880 1.6500630 0.0918870
v 0.0099660 1.6555500 0.0949950
v 0.0040030 1.6553741 0.0965040
v -0.1007190 1.7594380 -0.0101520
v -0.1049180 1.7618860 -0.0109490
v 0.0038990 1.6501200 0.0935860
v -0.0001330 1.6675479 0.1093970
v -0.1137210 1.7233280 -0.0255030
v -0.1145200 1.7509331 -0.0225070
v -0.1122610 1.7492430 -0.0212090
v -0.1021600 1.7502860 -0.0040090
v -0.0995840 1.7154300 -0.0170120
v -0.1077580 1.7154710 -0.0147970
v -0.1061450 1.7121069 -0.0132410
v -0.0990500 1.7130520 -0.0160870
v -0.0926370 1.7318090 -0.0090840
v -0.0003850 1.6630820 0.1029790
v 0.0042700 1.6630800 0.1022650
v 0.0001140 1.6675000 0.1119810
v 0.0006770 1.6658469 0.1134470
v 0.0013180 1.6629820 0.1149160
v -0.0006610 1.6552870 0.0971540
v -0.0006190 1.6498280 0.0942250
v -0.0908050 1.7077399 0.0082620
v 0.0218740 1.6569000 0.0902780
v -0.1036760 1.6948080 -0.0081460
v -0.1049840 1.6962800 -0.0106500
v -0.0388470 1.6838690 -0.0846030
v -0.0429640 1.6976640 -0.0913110
v -0.1158700 1.7229470 -0.0294220
v 0.0226010 1.6522480 0.0876450
v 0.0161010 1.6555370 0.0929110
v 0.0165230 1.6506940 0.0901200
v 0.0029370 1.6381670 0.1085900
v 0.0021740 1.6447150 0.1083630
v 0.0016990 1.6588790 0.1151110
v 0.0017630 1.6540890 0.1127330
v 0.0323880 1.8655000 -0.0679960
v 0.0775230 1.8172081 0.0506500
v 0.0750860 1.8086870 0.0593140
v -0.1041640 1.7548200 -0.0118930
v 0.0674520 1.8183150 0.0672500
v 0.0698260 1.8251740 0.0593550
v 0.0787740 1.8269180 0.0419640
v 0.0708430 1.8332810 0.0510560
v 0.0528780 1.8735729 -0.0120070
v 0.0530780 1.8726730 0.0041170
v 0.0292770 1.8812430 0.0076970
v 0.0468680 1.8737690 -0.0279300
v 0.0624590 1.8631270 -0.0382760
v 0.0646500 1.8663950 -0.0160670
v 0.0640070 1.8660320 0.0011700
v -0.0986150 1.7018830 -0.0020910
v -0.0984410 1.6944780 -0.0015450
v -0.0963830 1.6949670 0.0005210
v -0.0983240 1.7422090 -0.0093520
v 0.0296820 1.6192760 -0.0740980
v 0.0688490 1.7754440 -0.0916750
v 0.0618720 1.8646600 0.0166940
v 0.0517080 1.8703170 0.0196160
v 0.0505480 1.8664660 0.0334530
v 0.0597490 1.8617960 0.0297650
v 0.0284570 1.8779980 0.0240130
v 0.0145020 1.8813030 0.0256870
v 0.0262020 1.7312430 -0.1106320
v 0.0001710 1.7385790 0.1185430
v 0.0596410 1.6623000 -0.0528920
v 0.0704560 1.6599610 -0.0317500
v 0.0595600 1.5962210 -0.0129530
v 0.0887500 1.6882950 -0.0067600
v 0.0885860 1.6888800 -0.0078210
v 0.0688770 1.6416180 -0.0119050
v 0.0743760 1.6581060 -0.0113050
v 0.0477890 1.6640760 -0.0662850
v 0.1011710 1.7029780 -0.0182400
v 0.1019470 1.7078331 -0.0193510
v 0.1023830 1.7021540 -0.0175080
v 0.1034330 1.7072620 -0.0189550
v 0.1034350 1.7127360 -0.0195240
v 0.1028920 1.7001350 -0.0163570
v 0.0950330 1.7490950 -0.0042450
v 0.0966310 1.7513820 -0.0032200
v -0.1020110 1.7052751 -0.0229930
v -0.1021720 1.7080300 -0.0243410
v 0.0874500 1.6864500 -0.0018900
v 0.0875240 1.6872300 -0.0038250
v -0.0803450 1.7221169 -0.0050010
v 0.0867420 1.6867950 -0.0029430
v 0.0863100 1.6862050 -0.0014690
v 0.0868700 1.6853580 -0.0002020
v 0.0860070 1.6854711 -0.0002540
v 0.0948720 1.7677960 0.0036870
v 0.0848990 1.6857620 -0.0046930
v 0.0876420 1.6882590 -0.0073650
v 0.0873460 1.6876600 -0.0054580
v 0.0861490 1.6867360 -0.0040160
v 0.0853210 1.6855760 -0.0017720
v 0.0849640 1.6846060 0.0001600
v 0.0859380 1.6840121 0.0008550
v -0.1041530 1.6988010 -0.0192670
v -0.0997580 1.6917440 -0.0129810
v -0.0713910 1.6273071 -0.0153920
v -0.0695980 1.6313120 -0.0325440
v -0.0685830 1.6170940 -0.0315380
v -0.0689040 1.6116960 -0.0157160
v -0.0919850 1.7254130 0.0080290
v -0.0925140 1.7165101 0.0052100
v -0.0917990 1.7149770 0.0068780
v 0.1031590 1.6991010 -0.0164800
v 0.0929860 1.6853160 -0.0044630
v -0.0333070 1.5952280 0.0382900
v -0.0295720 1.5799600 0.0320020
v 0.0977090 1.7394210 -0.0116960
v 0.0982440 1.7371579 -0.0135250
v 0.1010630 1.7395210 -0.0150780
v 0.1003750 1.7424070 -0.0132790
v 0.0756820 1.7095070 -0.0652100
v 0.0784260 1.7226870 -0.0698720
v 0.0141830 1.6218860 -0.0797560
v 0.0149290 1.6383770 -0.0795280
v 0.0958770 1.7640001 -0.0502010
v 0.0971070 1.7415230 -0.0098240
v 0.0998310 1.7446640 -0.0114490
v 0.1020830 1.7133020 -0.0196880
v 0.0960670 1.7405109 -0.0099070
v 0.0967220 1.7384050 -0.0117680
v 0.1012030 1.7471830 -0.0131330
v 0.1018190 1.7444270 -0.0151340
v 0.1025640 1.7412670 -0.0169050
v 0.0973230 1.7360200 -0.0136190
v -0.0908680 1.7081870 0.0122620
v -0.0901080 1.7066920 0.0241720
v -0.0916830 1.7265379 0.0252860
v -0.0919540 1.7204320 0.0136100
v 0.0957040 1.7467490 -0.0120550
v 0.1007200 1.8013570 -0.0216730
v 0.1003030 1.7939529 -0.0377540
v 0.0974880 1.8222240 -0.0249650
v 0.0967280 1.8159400 -0.0424000
v 0.0916540 1.8084520 -0.0607510
v 0.0951490 1.7850159 -0.0562090
v 0.0948560 1.7487260 -0.0056320
v 0.0979670 1.7529430 -0.0036740
v 0.0799230 1.8347470 0.0336270
v 0.0863110 1.8283859 0.0254200
v 0.0714030 1.8403350 0.0434060
v 0.0715840 1.8466500 0.0362420
v 0.0796220 1.8422281 0.0261950
v 0.0887490 1.8338660 0.0123570
v 0.0981160 1.7905310 -0.0053920
v 0.0981120 1.8080580 -0.0055990
v 0.0940470 1.8128541 0.0097150
v -0.0773200 1.7642050 0.0674060
v -0.0792830 1.7649040 0.0625950
v -0.0798840 1.7530280 0.0620870
v -0.0773880 1.7545030 0.0661970
v 0.0945660 1.8281680 -0.0072000
v 0.0841690 1.8449500 0.0056730
v 0.0892060 1.8404760 -0.0110240
v 0.0758210 1.8553540 0.0016570
v 0.0789180 1.8532830 -0.0150970
v 0.0791910 1.8501559 -0.0334730
v 0.0916490 1.8358700 -0.0284920
v 0.0777460 1.8488640 0.0196020
v 0.0699230 1.8523480 0.0304750
v 0.0718040 1.8565860 0.0159790
v 0.0673780 1.8571860 0.0256000
v 0.0914750 1.8148210 0.0177130
v 0.0794640 1.6787310 -0.0008060
v 0.0795350 1.6790900 0.0050600
v -0.0266850 1.8342410 0.0912520
v -0.0138030 1.8352770 0.0945430
v -0.0136760 1.8444680 0.0879360
v -0.0268230 1.8431990 0.0843330
v 0.0843060 1.6932380 0.0150900
v -0.0449820 1.7076590 -0.0951310
v -0.0466950 1.7204710 -0.0993440
v -0.0216100 1.7167790 -0.1069400
v -0.0207050 1.7049730 -0.1021150
v 0.0815180 1.7230090 0.0548270
v 0.0820010 1.7387670 0.0530410
v 0.0855840 1.7291170 0.0410320
v 0.0835670 1.7105941 0.0416410
v -0.0258140 1.8641500 0.0600970
v -0.0125780 1.8661100 0.0635350
v -0.0122580 1.8722980 0.0524900
v -0.0257190 1.8699870 0.0494720
v -0.0683970 1.7293470 0.0795310
v -0.0703820 1.7215440 0.0788790
v -0.0657710 1.7208290 0.0828300
v -0.0644730 1.7286890 0.0827250
v 0.0810040 1.7558630 0.0518590
v 0.0850530 1.7468060 0.0402400
v 0.0852230 1.7648031 0.0383230
v 0.0807210 1.7740310 0.0515230
v 0.0812720 1.8015980 -0.0783850
v 0.0835460 1.7801861 -0.0769100
v -0.0984920 1.6884810 0.0011280
v -0.0970000 1.6895289 0.0025070
v 0.0837670 1.7647140 -0.0757400
v 0.0582860 1.7943050 0.0864750
v -0.0119790 1.8775880 0.0394650
v -0.0257760 1.8750890 0.0369190
v 0.0315980 1.8288010 -0.1010260
v 0.0582860 1.8237680 0.0754120
v 0.0722110 1.8268510 -0.0780860
v -0.0011460 1.6400410 -0.0817350
v 0.0561920 1.8346310 -0.0855240
v 0.0910800 1.8298780 -0.0458030
v 0.0874240 1.8229880 -0.0612100
v 0.0778020 1.8152241 -0.0784900
v 0.0823480 1.7448020 -0.0746270
v 0.0600300 1.8570020 0.0379950
v 0.0670260 1.7528460 0.0767340
v 0.0658180 1.7472240 0.0755860
v 0.0677440 1.7587980 0.0788460
v 0.0635260 1.7413690 0.0770800
v 0.0168020 1.7324539 0.1022700
v 0.0160930 1.7297740 0.1044610
v 0.0153750 1.7264110 0.1065340
v 0.0199800 1.7263620 0.1017340
v 0.0188860 1.7224170 0.1036420
v 0.0110000 1.7266580 0.1125710
v 0.0118300 1.7301270 0.1099940
v 0.0143200 1.7231480 0.1086850
v 0.0134530 1.7190480 0.1107080
v 0.0106250 1.7225710 0.1150650
v 0.0177240 1.7033300 0.1062700
v 0.0193980 1.7093030 0.1043680
v 0.0166290 1.7146800 0.1068770
v 0.0232020 1.7186500 0.1018590
v 0.0216060 1.7143800 0.1033770
v 0.0177730 1.7189370 0.1054010
v 0.0249500 1.7230220 0.0998820
v 0.0142020 1.7144200 0.1133750
v 0.0150340 1.7102730 0.1166020
v 0.0112510 1.7181070 0.1185860
v 0.0088230 1.7206700 0.1223560
v 0.0080720 1.7253350 0.1188350
v 0.0209270 1.7292399 0.0997560
v 0.0263720 1.7262180 0.0980960
v 0.0253900 1.7097800 0.1021610
v 0.0303290 1.7054631 0.1012940
v 0.0283540 1.7153200 0.1006290
v 0.0330600 1.7117860 0.1000310
v 0.0301080 1.7199030 0.0987860
v 0.0350850 1.7166780 0.0981940
v 0.0347750 1.7008890 0.1007410
v 0.0383910 1.6959180 0.0993570
v 0.0418500 1.6897629 0.0972450
v 0.0421100 1.7022070 0.0975910
v 0.0458580 1.6954720 0.0949500
v 0.0448310 1.7084450 0.0955780
v 0.0491060 1.7022099 0.0925540
v -0.0212610 1.7400870 0.1012670
v -0.0216180 1.7425460 0.0981160
v -0.0260700 1.7387840 0.0961600
v -0.0258050 1.7362570 0.0987540
v -0.0120380 1.8007460 0.1059360
v -0.0129350 1.8104080 0.1034650
v -0.0240480 1.8102200 0.1009800
v -0.0224320 1.8006800 0.1039630
v 0.0381330 1.7073931 0.0992720
v 0.0405270 1.7128010 0.0972820
v 0.0368690 1.7213650 0.0961570
v 0.0317420 1.7238640 0.0967820
v 0.0475350 1.7225710 0.0923660
v 0.0466770 1.7155120 0.0939300
v 0.0420130 1.7186370 0.0953440
v 0.0430230 1.7243500 0.0935100
v 0.0516230 1.7106060 0.0906290
v 0.0522870 1.7202790 0.0899430
v 0.0520700 1.7266680 0.0889750
v 0.0357350 1.7347651 0.0923210
v 0.0298820 1.7357661 0.0931530
v 0.0399890 1.7343770 0.0912490
v 0.0476050 1.7276390 0.0909830
v 0.0435430 1.7285030 0.0921760
v 0.0576060 1.7358580 0.0827760
v 0.0545320 1.7349020 0.0848500
v 0.0475440 1.7341861 0.0888060
v 0.0440600 1.7342030 0.0901750
v 0.0512140 1.7344630 0.0869360
v 0.0245710 1.7380770 0.0933510
v 0.0192320 1.7408530 0.0936590
v 0.0662760 1.6442320 -0.0299370
v 0.0079960 1.7297220 0.1163320
v 0.0083790 1.7336800 0.1137600
v 0.0153480 1.7614690 0.0977400
v 0.0133510 1.7578080 0.0965620
v 0.0048200 1.7581630 0.1039870
v 0.0203460 1.7660730 0.1011280
v 0.0154560 1.7440701 0.0940350
v -0.0311540 1.7356210 0.0941320
v -0.0303620 1.7331851 0.0960630
v 0.0134150 1.7472030 0.0944310
v 0.0126900 1.7502550 0.0951780
v 0.0124660 1.7540090 0.0958470
v -0.0133430 1.8524950 0.0805850
v -0.0265980 1.8510110 0.0768710
v -0.0231690 1.8829170 -0.0196060
v -0.0240850 1.8834270 -0.0101540
v -0.0098430 1.8863280 -0.0100500
v -0.0107190 1.8852710 -0.0243740
v 0.0343320 1.7833411 0.1038750
v 0.0298700 1.7753750 0.1053320
v 0.0709300 1.8003540 0.0690170
v 0.0749180 1.7897050 0.0645910
v 0.0614720 1.7765830 0.0890120
v 0.0652350 1.7713391 0.0852960
v 0.0673210 1.7651240 0.0817570
v 0.0766530 1.7754140 0.0610790
v 0.0774400 1.7598910 0.0600310
v 0.0780880 1.7452090 0.0604230
v -0.0883720 1.7264570 -0.0554660
v -0.0935080 1.7251570 -0.0380750
v -0.0957490 1.7403990 -0.0387250
v -0.0920420 1.7474600 -0.0572970
v 0.0606310 1.8386950 0.0603330
v -0.0464310 1.6030999 0.0296630
v -0.0429100 1.5876631 0.0239950
v -0.0015460 1.6230110 -0.0818040
v 0.0607540 1.8454750 0.0530220
v 0.0599430 1.8314010 0.0679340
v 0.0497240 1.8614910 0.0437980
v 0.0494530 1.8561760 0.0529570
v 0.0606140 1.8516090 0.0456580
v 0.0497450 1.8500140 0.0608080
v 0.0499720 1.8432500 0.0680660
v 0.0492560 1.8360460 0.0757080
v 0.0478720 1.8280669 0.0830970
v 0.0448900 1.8173740 0.0901880
v 0.0562640 1.6461819 -0.0508000
v 0.0048940 1.7171789 0.1139050
v 0.0039940 1.7173460 0.1147140
v -0.0689560 1.7910180 0.0775410
v -0.0707070 1.7974890 0.0724840
v -0.0748570 1.7889000 0.0680520
v -0.0730950 1.7836660 0.0735130
v 0.0035510 1.7167970 0.1131790
v 0.0026500 1.7169170 0.1139520
v 0.0023330 1.7151660 0.1133460
v 0.0035440 1.7053720 0.1157910
v 0.0017980 1.7079910 0.1143660
v 0.0014660 1.7125781 0.1133610
v 0.0821410 1.6850300 0.0121310
v -0.0106590 1.7849760 0.1090280
v -0.0197880 1.7849740 0.1076950
v -0.0177310 1.7771740 0.1082770
v -0.0100060 1.7769120 0.1092660
v -0.0770880 1.7453660 0.0664360
v -0.0803000 1.7416980 0.0633120
v -0.0791870 1.7315390 0.0681740
v -0.0756190 1.7365050 0.0703020
v -0.0716920 1.7308670 0.0763920
v -0.0743320 1.7235110 0.0753480
v -0.0256620 1.8220561 0.0974910
v -0.0135200 1.8228180 0.1002960
v -0.0777110 1.7774860 0.0643960
v -0.0759390 1.7743241 0.0699880
v -0.0175040 1.7437000 0.1044370
v -0.0183560 1.7456610 0.1004380
v -0.0139300 1.7503870 0.1028690
v -0.0090510 1.7496860 0.1095010
v -0.0085510 1.7546340 0.1076700
v -0.0126620 1.7546530 0.1034500
v -0.0449240 1.8005000 0.0955460
v -0.0466550 1.8092110 0.0918370
v -0.0560460 1.8076490 0.0853720
v -0.0544190 1.7994550 0.0894510
v -0.0262040 1.8578010 0.0689960
v -0.0129410 1.8595040 0.0726190
v -0.0088700 1.7666260 0.1074190
v -0.0142990 1.7668020 0.1056870
v -0.0130250 1.7623370 0.1039020
v -0.0087090 1.7623670 0.1065100
v -0.0359590 1.7309300 0.0943580
v -0.0367540 1.7336200 0.0929830
v -0.0881830 1.6874850 -0.0042890
v -0.0896550 1.6867501 -0.0031410
v -0.0927790 1.7469910 0.0119770
v -0.0923370 1.7336810 0.0133830
v -0.0912390 1.7431180 0.0251370
v -0.0908040 1.7594290 0.0231320
v -0.0922890 1.7741930 0.0193230
v -0.0934580 1.7853600 0.0131490
v -0.0950540 1.7661880 0.0045900
v -0.0940110 1.7583030 0.0095240
v -0.0645340 1.6207780 -0.0458670
v -0.0628410 1.6333250 -0.0485030
v -0.0094400 1.7460530 0.1127760
v -0.0095460 1.7424790 0.1156280
v -0.0226080 1.7686000 -0.1163100
v -0.0224100 1.7519420 -0.1152140
v -0.0482460 1.7573110 -0.1060610
v -0.0480930 1.7731690 -0.1067060
v -0.0855700 1.7130060 -0.0520400
v -0.0914050 1.7138150 -0.0358500
v -0.0189000 1.7107430 0.1171510
v -0.0144950 1.7169080 0.1120870
v -0.0148180 1.7124100 0.1111990
v -0.0142900 1.7158509 0.1118070
v -0.0191200 1.7066960 0.1191530
v -0.0220550 1.7056830 0.1205220
v -0.0159440 1.7074990 0.1111430
v -0.0148390 1.7077090 0.1118590
v -0.0138360 1.7127531 0.1115900
v -0.0159190 1.7174200 0.1128250
v -0.0082510 1.7013010 0.1265000
v -0.0089980 1.7030660 0.1298190
v -0.0139160 1.7046890 0.1285550
v -0.0120170 1.7029920 0.1261780
v -0.0118990 1.7159420 0.1136160
v -0.0107920 1.7129340 0.1144740
v -0.0121310 1.7097590 0.1226810
v -0.0142410 1.7148989 0.1182540
v -0.0144430 1.7176740 0.1151920
v -0.0144370 1.7106590 0.1217330
v -0.0132650 1.7030560 0.1180840
v -0.0166260 1.7109470 0.1198170
v -0.1028210 1.7065530 -0.0078170
v -0.0726370 1.6449890 0.0084340
v -0.0800210 1.6634710 0.0009170
v -0.0798680 1.6620539 -0.0054360
v -0.0737710 1.6428580 -0.0023240
v -0.1015170 1.7414540 -0.0110290
v -0.0834880 1.7979720 0.0478550
v -0.0849300 1.8124210 0.0372710
v -0.0906450 1.7989670 0.0234590
v -0.0899140 1.7856520 0.0293650
v -0.0852450 1.8243440 0.0288020
v -0.0912490 1.8119770 0.0157870
v -0.0946760 1.7976429 0.0043930
v -0.0971400 1.7729150 -0.0117600
v -0.0560560 1.7472850 0.0845960
v -0.0563750 1.7471000 0.0848120
v -0.0545480 1.7465709 0.0863420
v -0.0545380 1.7467130 0.0861160
v -0.0554340 1.7473640 0.0838820
v -0.0538170 1.7466120 0.0851500
v -0.0564550 1.7480010 0.0827490
v -0.0571660 1.7477850 0.0833290
v -0.0575140 1.7475520 0.0835130
v -0.0347100 1.7474030 0.0891090
v -0.0354900 1.7478200 0.0882490
v -0.0387670 1.7466360 0.0883880
v -0.0380050 1.7466040 0.0897430
v -0.0344670 1.7471200 0.0896530
v -0.0379730 1.7462710 0.0902320
v -0.0390850 1.7505029 0.0817210
v -0.0384840 1.7509270 0.0816870
v -0.0400820 1.7499790 0.0818070
v -0.0324590 1.7501730 0.0867200
v -0.0325010 1.7514640 0.0869120
v -0.0381880 1.7519480 0.0818880
v -0.0381840 1.7512730 0.0817120
v -0.0327690 1.7494860 0.0868210
v -0.0309000 1.7492170 0.0870570
v -0.0298460 1.7497081 0.0867500
v -0.0299330 1.7513920 0.0871120
v -0.0444710 1.7452331 0.0900860
v -0.0447390 1.7443280 0.0901270
v -0.0388930 1.7445680 0.0905930
v -0.0383690 1.7455930 0.0905130
v -0.0442010 1.7457380 0.0898800
v -0.0483990 1.7460440 0.0887240
v -0.0485370 1.7455140 0.0889100
v -0.0486930 1.7446170 0.0888860
v -0.0347530 1.7456310 0.0904990
v -0.0345900 1.7466960 0.0901360
v -0.0487050 1.7438411 0.0888280
v -0.0450060 1.7435660 0.0899790
v -0.0391590 1.7437950 0.0905220
v -0.0347680 1.7451180 0.0906130
v -0.0313260 1.7466620 0.0900970
v -0.0326660 1.7468920 0.0900150
v -0.0450160 1.7426770 0.0896840
v -0.0449130 1.7416461 0.0894220
v -0.0390720 1.7418610 0.0902880
v -0.0391770 1.7428941 0.0903780
v -0.0487140 1.7429560 0.0884290
v -0.0486050 1.7419310 0.0881420
v -0.0587880 1.7478811 0.0816320
v -0.0593160 1.7485501 0.0805740
v -0.0593230 1.7478880 0.0807600
v -0.0590100 1.7473340 0.0813440
v -0.0623210 1.7448630 0.0781740
v -0.0635020 1.7463720 0.0771690
v -0.0657350 1.7454450 0.0761140
v -0.0643250 1.7437921 0.0773620
v -0.0741440 1.7329440 0.0732460
v -0.0672400 1.7402411 0.0769350
v -0.0688960 1.7419550 0.0748900
v -0.0582770 1.7475110 0.0825360
v -0.0575710 1.7470490 0.0835850
v -0.0581400 1.7479030 0.0824450
v -0.0586130 1.7483920 0.0813730
v -0.0585150 1.7467560 0.0822430
v -0.0577220 1.7462820 0.0834300
v -0.0564970 1.7466940 0.0848850
v -0.0566270 1.7457970 0.0848210
v -0.0547050 1.7452750 0.0863830
v -0.0545610 1.7461770 0.0864370
v -0.0520230 1.7457850 0.0876710
v -0.0523380 1.7463200 0.0874370
v -0.0521630 1.7448810 0.0876070
v -0.0548400 1.7445160 0.0861040
v -0.0522910 1.7441140 0.0874550
v -0.0566470 1.7450370 0.0844390
v -0.0578240 1.7456620 0.0830260
v -0.0586750 1.7462640 0.0817620
v -0.0593630 1.7468520 0.0808300
v -0.0598220 1.7476780 0.0801590
v -0.0590260 1.7456610 0.0811250
v -0.0597670 1.7448200 0.0802380
v -0.0583350 1.7440550 0.0817600
v -0.0579950 1.7450100 0.0825080
v -0.0599750 1.7463890 0.0800840
v -0.0609580 1.7456890 0.0790800
v -0.0567710 1.7444190 0.0839340
v -0.0567770 1.7435400 0.0834170
v -0.0547270 1.7428780 0.0851990
v -0.0548350 1.7437680 0.0857000
v -0.0522980 1.7433460 0.0870620
v -0.0523190 1.7423429 0.0866140
v -0.0440660 1.7457711 0.0895570
v -0.0436150 1.7457910 0.0881710
v -0.0479520 1.7456950 0.0873340
v -0.0483890 1.7460639 0.0883750
v -0.0523360 1.7463450 0.0872170
v -0.0515860 1.7459691 0.0862680
v -0.0477080 1.7456350 0.0859910
v -0.0453330 1.7488370 0.0813920
v -0.0469900 1.7489330 0.0809220
v -0.0510070 1.7458839 0.0850310
v -0.0437940 1.7458700 0.0867050
v -0.0434170 1.7489901 0.0817310
v -0.0396590 1.7468520 0.0869340
v -0.0415510 1.7494169 0.0818560
v -0.0363700 1.7478909 0.0873150
v -0.0456220 1.7617220 0.0898460
v -0.0456760 1.7620120 0.0901260
v -0.0512880 1.7613790 0.0892400
v -0.0507840 1.7610040 0.0887670
v -0.0632100 1.7246300 -0.0875090
v -0.0642810 1.7435610 -0.0928640
v -0.0482720 1.7374840 -0.1036990
v -0.0543060 1.7580460 0.0874440
v -0.0542760 1.7592350 0.0870540
v -0.0572470 1.7577020 0.0854650
v -0.0570360 1.7566530 0.0855440
v -0.0543440 1.7568400 0.0878510
v -0.0567990 1.7553620 0.0856850
v -0.0510090 1.7582270 0.0898920
v -0.0509620 1.7595490 0.0893810
v -0.0507970 1.7606111 0.0888600
v -0.0557320 1.7537400 0.0807750
v -0.0547850 1.7549590 0.0816530
v -0.0555290 1.7547160 0.0832940
v -0.0568050 1.7537839 0.0818000
v -0.0565250 1.7528890 0.0800060
v -0.0575990 1.7528770 0.0806930
v -0.0499820 1.7526350 0.0783570
v -0.0495530 1.7531110 0.0787280
v -0.0488830 1.7536891 0.0792390
v -0.0502000 1.7522320 0.0781290
v -0.0502870 1.7518580 0.0780300
v -0.0502700 1.7514920 0.0780450
v -0.0501730 1.7511230 0.0782030
v -0.0768690 1.7128730 0.0717800
v -0.0772470 1.7266170 0.0719040
v -0.0801270 1.7166700 0.0677840
v -0.0577500 1.7482280 0.0821910
v -0.0582750 1.7487820 0.0811560
v -0.0570010 1.7485420 0.0817320
v -0.0575180 1.7491300 0.0808350
v -0.0588480 1.7495490 0.0801790
v -0.0593210 1.7492900 0.0801980
v -0.0546260 1.7473290 0.0829960
v -0.0490160 1.7496120 0.0798680
v -0.0495020 1.7500360 0.0793610
v -0.0554350 1.7482229 0.0819830
v -0.0530930 1.7465250 0.0840290
v -0.0481810 1.7492220 0.0804010
v -0.0497610 1.7503870 0.0789180
v -0.0499930 1.7507420 0.0785180
v -0.0557850 1.7487530 0.0811420
v -0.0563020 1.7493629 0.0803140
v -0.0579330 1.7499510 0.0801900
v -0.0568900 1.7507980 0.0793600
v -0.0569660 1.7514770 0.0793710
v -0.0581400 1.7507020 0.0800110
v -0.0581980 1.7513731 0.0799300
v -0.0567020 1.7501100 0.0796450
v -0.0568500 1.7521681 0.0795590
v -0.0580130 1.7520510 0.0801760
v -0.0596340 1.7487479 0.0801420
v -0.0596030 1.7497860 0.0798230
v -0.0602000 1.7511160 0.0793130
v -0.0601670 1.7488010 0.0796210
v -0.0610130 1.7488170 0.0789190
v -0.0605520 1.7473530 0.0793010
v -0.0614340 1.7519090 0.0790540
v -0.0631670 1.7524090 0.0784790
v -0.0626020 1.7487680 0.0779300
v -0.0617750 1.7470469 0.0783110
v -0.0591550 1.7503570 0.0797940
v -0.0593320 1.7511750 0.0795580
v -0.0606860 1.7531450 0.0804160
v -0.0616700 1.7541870 0.0804600
v -0.0598490 1.7524480 0.0804330
v -0.0592370 1.7532970 0.0818780
v -0.0598470 1.7541890 0.0820360
v -0.0605740 1.7551110 0.0820650
v -0.0587370 1.7552410 0.0837530
v -0.0592260 1.7562820 0.0838070
v -0.0582890 1.7541860 0.0836210
v -0.0590870 1.7521360 0.0802840
v -0.0585050 1.7529490 0.0814160
v -0.0575890 1.7538060 0.0829420
v -0.0563240 1.7544611 0.0850920
v -0.0540990 1.7557230 0.0874190
v -0.0531000 1.7557900 0.0852890
v -0.0507730 1.7572060 0.0894930
v -0.0497200 1.7567960 0.0872040
v -0.0463860 1.7628490 0.0913950
v -0.0525500 1.7623889 0.0906310
v -0.0491640 1.7568750 0.0851550
v -0.0460250 1.7545830 0.0808480
v -0.0440810 1.7546279 0.0815190
v -0.0451360 1.7568320 0.0864000
v -0.0331750 1.7523720 0.0873860
v -0.0341310 1.7534370 0.0878020
v -0.0388540 1.7529120 0.0821560
v -0.0384310 1.7523820 0.0820140
v -0.0314780 1.7523700 0.0882540
v -0.0330750 1.7534060 0.0888560
v -0.0381060 1.7557890 0.0878330
v -0.0406170 1.7540770 0.0822740
v -0.0395360 1.7535110 0.0822770
v -0.0360620 1.7546120 0.0877030
v -0.0374500 1.7562220 0.0899950
v -0.0347570 1.7545940 0.0893060
v -0.0454380 1.7572930 0.0886450
v -0.0233470 1.8131460 -0.1104420
v -0.0231560 1.7938210 -0.1151730
v -0.0479390 1.7964460 -0.1056610
v -0.0475290 1.8132091 -0.1018170
v -0.0522300 1.7560760 0.0835280
v -0.0476410 1.7542230 0.0800460
v -0.0602040 1.8150140 -0.0934550
v -0.0589980 1.8255960 -0.0897380
v -0.0478830 1.8276500 -0.0954380
v -0.0475140 1.6496990 -0.0672110
v -0.0343060 1.6363370 -0.0747360
v -0.0290220 1.7519850 0.0896740
v -0.0310430 1.7537230 0.0899890
v -0.0277280 1.7505020 0.0894690
v -0.0270220 1.7503520 0.0898240
v -0.0282500 1.7521130 0.0899380
v -0.0299790 1.7539020 0.0901770
v -0.0334980 1.7552990 0.0903560
v -0.0327170 1.7556310 0.0908960
v -0.0368430 1.7575639 0.0917990
v -0.0369570 1.7567739 0.0914200
v -0.0458440 1.7579900 0.0907760
v -0.0459260 1.7589270 0.0911750
v -0.0363100 1.7584820 0.0912770
v -0.0321210 1.7562290 0.0905020
v -0.0356610 1.7594950 0.0906310
v -0.0318430 1.7573980 0.0900900
v -0.0456390 1.7612290 0.0901410
v -0.0458840 1.7601670 0.0907320
v -0.0310700 1.7477340 0.0895190
v -0.0284180 1.7481880 0.0895970
v -0.0316530 1.7480730 0.0891840
v -0.0287470 1.7485070 0.0891500
v -0.0329810 1.7485549 0.0878770
v -0.0279120 1.7491080 0.0891660
v -0.0271120 1.7488970 0.0896220
v -0.0339450 1.7487580 0.0872380
v -0.0274710 1.7522570 0.0898270
v -0.0260500 1.7502069 0.0900500
v -0.0261970 1.7529130 0.0893780
v -0.0252640 1.7505080 0.0898670
v -0.0286700 1.7556340 0.0893830
v -0.0292070 1.7543200 0.0897270
v -0.0260430 1.7487630 0.0897950
v -0.0266620 1.7481320 0.0897400
v -0.0253080 1.7487370 0.0899100
v -0.0259540 1.7479370 0.0898530
v -0.0345400 1.7443300 0.0906940
v -0.0343080 1.7435480 0.0906580
v -0.0305140 1.7460450 0.0903180
v -0.0299160 1.7455400 0.0903280
v -0.0446760 1.7404890 0.0892180
v -0.0483740 1.7407750 0.0878510
v -0.0443440 1.7390550 0.0891830
v -0.0482740 1.7392139 0.0877480
v -0.0383800 1.7395000 0.0904050
v -0.0388530 1.7406909 0.0902650
v -0.0422800 1.5774690 0.0207490
v -0.0607700 1.7437130 0.0795620
v -0.0622830 1.7423480 0.0790890
v -0.0601070 1.7412890 0.0808400
v -0.0589760 1.7429440 0.0811080
v -0.0570390 1.7422800 0.0828720
v -0.0575880 1.7404950 0.0827740
v -0.0547810 1.7399260 0.0846840
v -0.0546200 1.7416019 0.0847810
v -0.0522040 1.7411950 0.0862100
v -0.0519990 1.7393980 0.0861930
v -0.0646850 1.7482500 0.0765360
v -0.0661970 1.7523110 0.0764620
v -0.0670270 1.7476040 0.0751430
v -0.0690250 1.7520820 0.0743980
v -0.0244360 1.7539910 0.0898620
v -0.0240500 1.7510170 0.0898110
v -0.0226000 1.7547740 0.0915200
v -0.0225420 1.7514250 0.0911030
v -0.0236540 1.7585160 0.0922790
v -0.0259960 1.7574871 0.0904200
v -0.0244470 1.7487270 0.0900540
v -0.0252180 1.7476619 0.0900070
v -0.0231040 1.7487460 0.0906050
v -0.0242650 1.7469831 0.0904720
v -0.0338310 1.7426240 0.0907230
v -0.0333540 1.7415590 0.0908020
v -0.0293470 1.7448850 0.0904920
v -0.0284750 1.7439630 0.0907450
v -0.0616730 1.7110840 -0.0829670
v -0.0644530 1.7631730 -0.0948250
v -0.0619190 1.7677010 0.0891140
v -0.0590780 1.7640719 0.0893440
v -0.0545590 1.7655160 0.0916560
v -0.0569200 1.7699980 0.0923810
v -0.0656060 1.7727320 0.0877770
v -0.0686540 1.7685100 0.0843600
v -0.0653410 1.7648770 0.0859350
v -0.0624030 1.7620040 0.0867980
v -0.0670360 1.7558820 0.0778180
v -0.0646050 1.7557250 0.0795280
v -0.0647270 1.7578371 0.0813870
v -0.0671600 1.7587420 0.0800750
v -0.0699620 1.7560610 0.0757490
v -0.0704390 1.7599570 0.0781680
v -0.0665680 1.7615460 0.0829500
v -0.0638930 1.7597440 0.0839830
v -0.0700240 1.7638140 0.0812810
v -0.0330550 1.7643270 0.0940820
v -0.0340620 1.7622200 0.0922510
v -0.0301940 1.7598860 0.0910480
v -0.0284380 1.7609880 0.0918950
v -0.0313980 1.7663341 0.0960870
v -0.0257240 1.7622340 0.0937140
v -0.0486350 1.7706270 0.0952490
v -0.0476440 1.7665160 0.0934820
v -0.0352670 1.7601230 0.0903150
v -0.0326880 1.7587080 0.0901170
v -0.0350800 1.7604210 0.0903910
v -0.0319380 1.7585690 0.0900350
v -0.0702130 1.8395970 -0.0696830
v -0.0731370 1.8473940 -0.0553870
v -0.0520460 1.8603870 -0.0613690
v -0.0507680 1.8508420 -0.0754370
v -0.0543790 1.7597520 0.0870680
v -0.0551320 1.7602570 0.0876580
v -0.0582370 1.7587290 0.0860770
v -0.0574880 1.7582181 0.0856040
v -0.0597130 1.7569330 0.0839460
v -0.0605800 1.7574700 0.0842860
v -0.0619240 1.7562960 0.0823230
v -0.0611780 1.7559050 0.0823100
v -0.0619130 1.7550720 0.0809700
v -0.0626580 1.7551030 0.0806070
v -0.0323010 1.7597160 0.0905550
v -0.0349530 1.7608640 0.0908700
v -0.0622810 1.8003490 -0.0955240
v -0.0583410 1.8169121 0.0800110
v -0.0668050 1.8128550 0.0722540
v -0.0645250 1.8045640 0.0784410
v -0.0566360 1.7612760 0.0888250
v -0.0598540 1.7597650 0.0867860
v -0.0619360 1.7583849 0.0844260
v -0.0630240 1.7571050 0.0822180
v -0.0634970 1.7560360 0.0807310
v -0.0914410 1.7113410 0.0067000
v -0.0921070 1.7114530 0.0050460
v -0.1035170 1.7236190 -0.0252880
v -0.1011230 1.7318970 -0.0239400
v -0.0991310 1.7363230 -0.0221140
v -0.0981360 1.7495990 -0.0048740
v -0.1022740 1.7539620 -0.0082020
v -0.1086500 1.7014591 -0.0163490
v -0.1049080 1.6989250 -0.0116620
v -0.1086020 1.7026480 -0.0167570
v -0.1112310 1.7497560 -0.0214000
v -0.1121070 1.7475330 -0.0230670
v -0.1133590 1.7470410 -0.0228070
v -0.0539000 1.6849350 -0.0734600
v -0.0592870 1.7006780 -0.0795290
v -0.1129960 1.7449160 -0.0246380
v -0.0943890 1.7175879 0.0028540
v -0.1048650 1.7231350 -0.0254680
v -0.1069870 1.7227670 -0.0272630
v -0.1083770 1.7163180 -0.0273180
v -0.1075050 1.7166589 -0.0266780
v -0.1076890 1.7098280 -0.0252240
v -0.1070630 1.7105950 -0.0248990
v -0.1103210 1.7062230 -0.0197540
v -0.1117480 1.7112070 -0.0224310
v -0.1037810 1.7546350 -0.0097350
v -0.1029490 1.7534150 -0.0081780
v -0.1046830 1.7545080 -0.0101130
v -0.0954730 1.7161430 0.0013270
v -0.0962140 1.7470720 -0.0044840
v -0.0955760 1.7440079 -0.0032270
v -0.0953010 1.7445450 -0.0036570
v -0.0910200 1.7228220 -0.0016480
v -0.0909890 1.7239890 -0.0018530
v -0.0925550 1.7207870 -0.0017810
v -0.0956460 1.7188400 -0.0005300
v -0.0886310 1.7090850 -0.0006920
v -0.0882320 1.7076540 -0.0027820
v -0.0887560 1.7063510 -0.0023950
v -0.1067980 1.7619650 -0.0146280
v -0.0957390 1.7427020 -0.0029330
v -0.0971930 1.7441690 -0.0031630
v -0.0975170 1.7458830 -0.0035350
v -0.1056060 1.7539890 -0.0105870
v -0.0978410 1.7471880 -0.0038580
v -0.0969820 1.7470520 -0.0038060
v -0.0988860 1.7493460 -0.0048040
v -0.0964770 1.7470530 -0.0040250
v -0.0978800 1.7150500 -0.0156370
v -0.0961560 1.7146320 -0.0132240
v -0.0926590 1.7376760 0.0069220
v -0.0932710 1.7353550 0.0046730
v -0.1036100 1.6981150 -0.0092260
v -0.0966190 1.7451640 -0.0164130
v -0.0963840 1.7487130 -0.0178350
v -0.1131460 1.7171760 -0.0244980
v -0.1058930 1.7098470 -0.0114430
v -0.1030850 1.7088170 -0.0094790
v -0.1083890 1.7114021 -0.0134700
v -0.1102540 1.7148070 -0.0154150
v -0.0923880 1.7348590 -0.0078460
v -0.1061610 1.7409530 -0.0141420
v -0.1076030 1.7380860 -0.0154970
v -0.1039940 1.7410580 -0.0122830
v -0.0965100 1.7532700 -0.0154880
v -0.0962760 1.7533540 -0.0127880
v -0.0970870 1.7470360 -0.0140630
v -0.0961760 1.7512350 -0.0122670
v -0.0906320 1.7135630 -0.0008850
v -0.0909950 1.7060350 -0.0049950
v -0.0907130 1.7086440 -0.0056000
v -0.0925350 1.7061110 -0.0060090
v -0.0927500 1.7074780 -0.0073150
v -0.0934880 1.7095200 -0.0088980
v -0.0942680 1.7120759 -0.0100620
v -0.0942410 1.7152020 -0.0104010
v -0.0897510 1.7188849 -0.0013740
v -0.0962250 1.7536370 -0.0010610
v -0.0893080 1.7165390 -0.0012250
v -0.0914360 1.7210020 -0.0015620
v -0.0916290 1.7186730 -0.0012880
v -0.0913280 1.7161649 -0.0008940
v -0.0990010 1.7048070 -0.0032400
v -0.0999900 1.7070220 -0.0055030
v -0.0969900 1.7055860 -0.0024740
v -0.1011770 1.7078400 -0.0076800
v -0.0952860 1.7058340 -0.0020040
v -0.0968380 1.7467340 -0.0148980
v -0.0962010 1.7508740 -0.0145630
v -0.0914540 1.7156390 0.0087920
v -0.0828250 1.7232430 0.0630330
v -0.0843570 1.7353320 0.0576700
v -0.0380220 1.6608670 0.0843870
v -0.0371780 1.6568090 0.0846620
v -0.0724410 1.7095560 0.0760490
v -0.0666540 1.7064641 0.0815040
v -0.0371670 1.6671129 0.0989290
v -0.0363080 1.6661420 0.0991410
v -0.0351590 1.6668400 0.0993090
v -0.0360420 1.6673130 0.0989140
v -0.0331800 1.6676700 0.0971750
v -0.0341520 1.6676559 0.0963260
v -0.0344530 1.6675880 0.0974180
v -0.0336020 1.6676050 0.0982390
v -0.0404460 1.6869160 0.1009670
v -0.0443270 1.6922220 0.0987020
v -0.0478690 1.6868711 0.0970190
v -0.0440500 1.6822660 0.0993770
v -0.0361380 1.6666270 0.0875960
v -0.0357700 1.6686569 0.0882890
v -0.0345730 1.6682250 0.0929160
v -0.0349520 1.6674440 0.0923330
v -0.0360110 1.6632880 0.0875240
v -0.0348270 1.6658150 0.0917250
v -0.0379970 1.6659729 0.0845920
v -0.0372720 1.6691710 0.0852260
v -0.0478140 1.6596560 0.0935200
v -0.0438690 1.6620480 0.0962760
v -0.0447980 1.6660700 0.0965770
v -0.0489200 1.6654880 0.0942720
v -0.0364440 1.7011710 0.1003730
v -0.0406670 1.6966500 0.0996050
v -0.0371080 1.6914120 0.1015240
v -0.0327670 1.6965981 0.1021950
v -0.0284530 1.7025280 0.1037110
v -0.0318720 1.7060100 0.1014870
v -0.0268220 1.7119410 0.1079440
v -0.0273330 1.7073110 0.1091050
v -0.0267680 1.7059960 0.1128050
v -0.0271720 1.7086650 0.1115200
v -0.0245940 1.7011170 0.1108610
v -0.0273180 1.7046270 0.1072980
v -0.0197080 1.6996650 0.1115670
v -0.0194690 1.7006240 0.1126270
v -0.0246640 1.7003700 0.1092760
v -0.0249130 1.6994420 0.1073740
v -0.0200320 1.6987669 0.1103380
v -0.0187700 1.7020940 0.1136330
v -0.0222750 1.7018770 0.1136420
v -0.0242760 1.7041650 0.1154360
v -0.0111810 1.7022001 0.1236020
v -0.0127810 1.7037170 0.1259360
v -0.0175300 1.7410330 0.1078220
v -0.0213620 1.7371089 0.1041660
v -0.0177320 1.7378420 0.1103420
v -0.0213020 1.7342250 0.1066280
v -0.0234160 1.7066400 0.1199160
v -0.0250720 1.7088630 0.1179960
v -0.0205540 1.7078640 0.1244450
v -0.0219720 1.7109621 0.1239380
v -0.0084750 1.7585880 0.1066000
v -0.0083550 1.6979390 0.1187140
v -0.0086890 1.6968620 0.1181720
v -0.0079740 1.6992520 0.1209370
v -0.0240100 1.8412580 -0.0952640
v -0.0246360 1.8568799 -0.0821400
v -0.0239290 1.8738980 -0.0559960
v -0.0213460 1.8791660 -0.0418970
v -0.0132790 1.6760980 0.1181340
v -0.0127030 1.6793261 0.1180690
v -0.0216980 1.6724530 0.0979660
v -0.0149190 1.6725460 0.0999630
v -0.0146400 1.6698509 0.1051820
v -0.0211860 1.6699040 0.1034710
v -0.0261060 1.6698910 0.1008590
v -0.0270670 1.6722260 0.0953920
v -0.0220080 1.6742671 0.0950510
v -0.0149100 1.6744430 0.0969150
v -0.0207880 1.6682930 0.1085400
v -0.0143620 1.6683750 0.1111840
v -0.0142490 1.6703030 0.1144810
v -0.0208960 1.6699820 0.1112390
v -0.0281660 1.6938350 0.1053820
v -0.0230790 1.6945070 0.1082690
v -0.0179690 1.6944610 0.1123240
v -0.0139780 1.6940420 0.1154090
v -0.0131930 1.6967030 0.1159890
v -0.0162880 1.6976990 0.1134090
v -0.0128990 1.6978880 0.1164680
v -0.0160240 1.6987630 0.1141470
v -0.0159400 1.6999630 0.1148100
v -0.0165780 1.7019351 0.1150730
v -0.0142650 1.7015780 0.1165910
v -0.0148250 1.7031950 0.1161730
v -0.0128280 1.6991481 0.1168060
v -0.0101320 1.7295090 0.1239970
v -0.0098110 1.7343010 0.1210840
v -0.0182550 1.6815540 0.1155050
v -0.0122570 1.6819561 0.1171970
v -0.0112550 1.6869140 0.1165840
v -0.0166210 1.6871190 0.1148560
v -0.0222160 1.6864320 0.1119890
v -0.0245040 1.6796850 0.1123330
v -0.0091090 1.6957459 0.1177020
v -0.0188860 1.6788070 0.1158750
v -0.0194530 1.6757179 0.1155870
v -0.0253170 1.6767710 0.1125020
v -0.0257370 1.6739930 0.1118940
v -0.0303000 1.6767859 0.1082720
v -0.0286740 1.6842350 0.1083130
v -0.0355130 1.6819630 0.1039280
v -0.0350730 1.6736521 0.1041390
v -0.0444880 1.6701010 0.0975790
v -0.0388900 1.6668230 0.0986750
v -0.0389210 1.6685320 0.0991800
v -0.0384890 1.6700150 0.1002460
v -0.0431840 1.6739920 0.0990970
v -0.0485050 1.6713130 0.0957030
v -0.0468590 1.6770380 0.0975050
v -0.0404940 1.6777689 0.1010820
v -0.0374470 1.6716270 0.1016670
v -0.0372870 1.6680690 0.0994560
v -0.0361150 1.6677700 0.0992450
v -0.0369520 1.6689330 0.1003980
v -0.0357860 1.6681870 0.1000590
v -0.0362360 1.6697190 0.1016910
v -0.0352150 1.6685539 0.1011050
v -0.0340690 1.6692320 0.1027940
v -0.0347580 1.6710020 0.1037160
v -0.0333510 1.6678510 0.0974930
v -0.0321870 1.6678470 0.0988000
v -0.0323800 1.6677320 0.1003190
v -0.0334850 1.6676700 0.0989040
v -0.0341050 1.6678070 0.0966470
v -0.0341130 1.6676520 0.0980920
v -0.0339680 1.6689050 0.0939360
v -0.0327860 1.6690969 0.0949360
v -0.0347450 1.6676780 0.0957640
v -0.0348330 1.6676490 0.0970010
v -0.0349640 1.6675570 0.0986750
v -0.0347960 1.6677810 0.0992160
v -0.0342050 1.6679190 0.1001220
v -0.0331480 1.6681640 0.1015010
v -0.0257460 1.6715770 0.1103540
v -0.0301820 1.6717050 0.1076580
v -0.0297890 1.6697510 0.1058910
v -0.0255400 1.6691480 0.1078100
v -0.0292470 1.6683940 0.1039660
v -0.0276470 1.6738700 0.0926510
v -0.0251600 1.6680880 0.1056090
v -0.0315310 1.6713450 0.0923260
v -0.0325990 1.6728621 0.0894630
v -0.0303980 1.6694380 0.0972370
v -0.0351130 1.6700670 0.0895460
v -0.0338460 1.6702200 0.0902470
v -0.0361550 1.6713800 0.0866760
v -0.0346590 1.6719880 0.0878970
v -0.0290580 1.6677910 0.1018180
v -0.0304750 1.6739850 0.1083390
v -0.0200810 1.6728630 0.1138560
v -0.0136900 1.6733069 0.1165860
v -0.0114530 1.7199590 0.1310600
v -0.0108060 1.7249610 0.1272790
v -0.0342720 1.6673520 0.0991640
v -0.0174380 1.5673540 0.0321550
v -0.0380440 1.6652640 0.0987530
v -0.0353610 1.6602089 0.0874630
v -0.0338880 1.6644820 0.0920920
v -0.0445570 1.6538500 0.0941450
v -0.0393550 1.6481600 0.0966810
v -0.0367780 1.6532470 0.0991930
v -0.0412330 1.6577240 0.0970020
v -0.0333830 1.6608599 0.1023090
v -0.0364390 1.6633300 0.1000290
v -0.0348550 1.6649400 0.1007020
v -0.0320500 1.6634721 0.1031460
v -0.0308820 1.6654520 0.1036190
v -0.0336100 1.6662440 0.1007860
v -0.0281720 1.6677380 0.1018990
v -0.0228050 1.6679490 0.1052740
v -0.0220590 1.6635040 0.0994710
v -0.0277940 1.6633840 0.0965210
v -0.0325710 1.6639010 0.0934730
v -0.0320510 1.6677210 0.0982540
v -0.0290130 1.6677080 0.1028510
v -0.0324270 1.6676120 0.0994270
v -0.0234540 1.6678790 0.1065820
v -0.0295480 1.5712260 0.0279080
v -0.0329230 1.6672210 0.1003850
v -0.0296940 1.6671571 0.1032990
v -0.0244650 1.6668550 0.1073880
v -0.0259150 1.6644959 0.1079390
v -0.0271500 1.6616600 0.1078960
v -0.0280280 1.6581300 0.1065800
v -0.0302310 1.6490771 0.1027160
v -0.0319590 1.6425830 0.1008930
v -0.0230140 1.6463790 0.1059650
v -0.0243260 1.6397260 0.1051010
v -0.0218040 1.6559490 0.1104520
v -0.0214090 1.6603841 0.1125300
v -0.0202560 1.6637920 0.1122350
v -0.0191770 1.6665070 0.1111370
v -0.0098050 1.6934990 0.1170950
v -0.0126690 1.7013710 0.1181170
v -0.0112760 1.7014340 0.1207510
v -0.0155460 1.7055010 0.1269410
v -0.0079300 1.7001981 0.1235240
v -0.0187540 1.7074560 0.1264310
v -0.0166690 1.7066730 0.1280580
v -0.0176000 1.7084930 0.1291360
v -0.0191420 1.7093940 0.1277300
v -0.0147550 1.7058530 0.1293930
v -0.0163660 1.7081680 0.1301920
v -0.0095080 1.7045521 0.1313000
v -0.0104970 1.7086760 0.1335590
v -0.0114890 1.7154660 0.1334460
v -0.0109400 1.7112560 0.1341750
v -0.0180150 1.7105650 0.1296660
v -0.0198040 1.7130120 0.1277290
v -0.0200490 1.7170340 0.1252650
v -0.0226610 1.7145110 0.1210590
v -0.0111630 1.8854250 0.0080200
v -0.0181720 1.6678860 0.1100530
v -0.0169690 1.6679990 0.1079660
v -0.0218990 1.6508170 0.0909500
v -0.0218990 1.6563060 0.0940560
v -0.0160500 1.6558501 0.0959130
v -0.0160240 1.6505930 0.0929980
v -0.0121070 1.6678320 0.1090440
v -0.0116900 1.6633511 0.1026460
v -0.0162890 1.6635680 0.1016580
v -0.0125080 1.6677999 0.1116080
v -0.0132330 1.6661770 0.1130360
v -0.0140950 1.6633470 0.1144610
v -0.0114420 1.6555420 0.0968350
v -0.0115700 1.6500880 0.0939010
v -0.0334320 1.6582140 0.0886470
v -0.0342230 1.6535990 0.0859700
v -0.0278960 1.6565820 0.0916140
v -0.0283820 1.6517611 0.0887960
v -0.0165140 1.6386300 0.1080170
v -0.0154290 1.6451340 0.1078460
v -0.0146810 1.6592680 0.1146280
v -0.0148330 1.6544830 0.1122450
v -0.0246700 1.8668590 -0.0696770
v -0.0789520 1.8209350 0.0460410
v -0.0774400 1.8123190 0.0548220
v -0.0698390 1.8215851 0.0632080
v -0.0714110 1.8285379 0.0551950
v -0.0792270 1.8306810 0.0373100
v -0.0715520 1.8366730 0.0468620
v -0.0480120 1.8759760 -0.0149790
v -0.0492030 1.8751090 0.0011050
v -0.0252740 1.8825430 0.0060910
v -0.0410730 1.8758630 -0.0305200
v -0.0565160 1.8659610 -0.0417810
v -0.0598530 1.8693600 -0.0197340
v -0.0602430 1.8689920 -0.0024900
v -0.0333120 1.6207790 -0.0759570
v -0.0639160 1.7786061 -0.0955860
v -0.0590940 1.8675410 0.0131310
v -0.0488620 1.8727130 0.0166540
v -0.0487020 1.8688300 0.0305310
v -0.0578820 1.8645980 0.0263010
v -0.0255710 1.8792850 0.0224220
v -0.0115970 1.8819250 0.0249190
v -0.0223770 1.7323999 -0.1120640
v -0.0095670 1.7388110 0.1182560
v -0.0623990 1.6652091 -0.0564900
v -0.0745350 1.6634190 -0.0360250
v -0.0678050 1.5992620 -0.0167050
v -0.0929050 1.6926250 -0.0121170
v -0.0926510 1.6932000 -0.0131650
v -0.0750020 1.6450530 -0.0161470
v -0.0797380 1.6617820 -0.0158480
v -0.0497080 1.6664000 -0.0691590
v -0.1039160 1.7078640 -0.0242860
v -0.1043930 1.7127490 -0.0254330
v -0.1052060 1.7071000 -0.0236280
v -0.1059250 1.7122500 -0.0251270
v -0.1056330 1.7177160 -0.0256860
v -0.1058770 1.7051090 -0.0225120
v -0.0964270 1.7536540 -0.0098870
v -0.0979720 1.7560160 -0.0089550
v -0.0919840 1.6907260 -0.0071820
v -0.0919060 1.6915060 -0.0091170
v -0.0911990 1.6910350 -0.0081900
v -0.0908830 1.6904280 -0.0066950
v -0.0915570 1.6896100 -0.0054640
v -0.0906880 1.6896811 -0.0054650
v -0.0958410 1.7723390 -0.0019310
v -0.0893080 1.6899120 -0.0098300
v -0.0917660 1.6925350 -0.0126550
v -0.0916130 1.6919240 -0.0107350
v -0.0905470 1.6909460 -0.0092270
v -0.0899090 1.6897510 -0.0069400
v -0.0897130 1.6887670 -0.0049920
v -0.0907540 1.6882221 -0.0043570
v -0.1061860 1.7040900 -0.0226530
v -0.0974050 1.6898530 -0.0100790
v -0.0991160 1.7441080 -0.0174960
v -0.0996490 1.7418710 -0.0193570
v -0.1022560 1.7443630 -0.0210700
v -0.1015390 1.7472150 -0.0192290
v -0.0754230 1.7131060 -0.0696630
v -0.0772580 1.7263950 -0.0744600
v -0.0174010 1.6226400 -0.0806880
v -0.0173840 1.6391470 -0.0804810
v -0.0938520 1.7685190 -0.0557910
v -0.0985260 1.7461830 -0.0155890
v -0.1009970 1.7494470 -0.0173670
v -0.1042490 1.7182170 -0.0257690
v -0.0975290 1.7451220 -0.0156120
v -0.0981740 1.7430470 -0.0175120
v -0.1021470 1.7520250 -0.0191260
v -0.1027750 1.7493000 -0.0211630
v -0.1035630 1.7461760 -0.0229790
v -0.0987770 1.7406900 -0.0193980
v -0.0967460 1.7513310 -0.0177240
v -0.0985830 1.8061030 -0.0275440
v -0.0975730 1.7986660 -0.0435830
v -0.0941740 1.8267890 -0.0306110
v -0.0926900 1.8204520 -0.0479800
v -0.0869060 1.8127050 -0.0660110
v -0.0917730 1.7894681 -0.0617160
v -0.0961860 1.7532760 -0.0112610
v -0.0992030 1.7576380 -0.0094840
v -0.0795110 1.8385440 0.0289320
v -0.0857000 1.8324831 0.0203540
v -0.0713250 1.8437350 0.0392020
v -0.0707840 1.8500410 0.0320490
v -0.0784180 1.8459920 0.0215400
v -0.0871030 1.8380550 0.0071780
v -0.0974610 1.7951900 -0.0111530
v -0.0966100 1.8126960 -0.0113350
v -0.0932290 1.8173150 0.0041990
v -0.0920230 1.8326120 -0.0126970
v -0.0816150 1.8488990 0.0007900
v -0.0858680 1.8446460 -0.0161810
v -0.0725600 1.8588880 -0.0027130
v -0.0747610 1.8569430 -0.0196240
v -0.0741000 1.8538080 -0.0379890
v -0.0874940 1.8401370 -0.0337690
v -0.0758440 1.8525230 0.0150790
v -0.0685180 1.8556449 0.0263980
v -0.0693390 1.8599480 0.0118220
v -0.0654630 1.8603500 0.0216880
v -0.0910410 1.8191680 0.0123370
v -0.0844510 1.6826349 -0.0056380
v -0.0848530 1.6830029 0.0002110
v -0.0895240 1.6973760 0.0099620
v -0.0876700 1.7270370 0.0498410
v -0.0872970 1.7427990 0.0480530
v -0.0906220 1.7333120 0.0358400
v -0.0895270 1.7147150 0.0365390
v -0.0854180 1.7598250 0.0469560
v -0.0892020 1.7509550 0.0351070
v -0.0884020 1.7689360 0.0332090
v -0.0842520 1.7779590 0.0466640
v -0.0758420 1.8053401 -0.0830140
v -0.0792140 1.7840630 -0.0817060
v -0.0802400 1.7686189 -0.0805720
v -0.0629730 1.7971920 0.0829040
v -0.0236830 1.8301179 -0.1026550
v -0.0609200 1.8266079 0.0719030
v -0.0656220 1.8301330 -0.0821470
v -0.0488420 1.8371320 -0.0886190
v -0.0861930 1.8341000 -0.0510250
v -0.0819690 1.8270220 -0.0662010
v -0.0717270 1.8187850 -0.0828950
v -0.0798370 1.7486650 -0.0794060
v -0.0588740 1.8598340 0.0344930
v -0.0730900 1.7561830 0.0726050
v -0.0720850 1.7505090 0.0715210
v -0.0736470 1.7621650 0.0746810
v -0.0701670 1.7445530 0.0731380
v -0.0254850 1.7334610 0.1010230
v -0.0250350 1.7307529 0.1032490
v -0.0246000 1.7273630 0.1053560
v -0.0289130 1.7275250 0.1002940
v -0.0281210 1.7235360 0.1022580
v -0.0205810 1.7274081 0.1116400
v -0.0210920 1.7309099 0.1090240
v -0.0238290 1.7240551 0.1075620
v -0.0232780 1.7199210 0.1096260
v -0.0205480 1.7233120 0.1141470
v -0.0280250 1.7044170 0.1049220
v -0.0292970 1.7104610 0.1029340
v -0.0264280 1.7157040 0.1056080
v -0.0324990 1.7199770 0.1002180
v -0.0312000 1.7156360 0.1018220
v -0.0272800 1.7200090 0.1040740
v -0.0339180 1.7244231 0.0981470
v -0.0244020 1.7153380 0.1122370
v -0.0256190 1.7112390 0.1154040
v -0.0215910 1.7188880 0.1176190
v -0.0192700 1.7213380 0.1215280
v -0.0180920 1.7259570 0.1180640
v -0.0296030 1.7304430 0.0982670
v -0.0350790 1.7276810 0.0962850
v -0.0351210 1.7112200 0.1003780
v -0.0402000 1.7071420 0.0992160
v -0.0377220 1.7168930 0.0986810
v -0.0425470 1.7135860 0.0978030
v -0.0391440 1.7215520 0.0967450
v -0.0442260 1.7185659 0.0958560
v -0.0448180 1.7027839 0.0983960
v -0.0485790 1.6979880 0.0967940
v -0.0521970 1.6920021 0.0944730
v -0.0518840 1.7044450 0.0948200
v -0.0557860 1.6978910 0.0919530
v -0.0541810 1.7108020 0.0926590
v -0.0585620 1.7047729 0.0893800
v -0.0477710 1.7094380 0.0967400
v -0.0497830 1.7149510 0.0946200
v -0.0456620 1.7233300 0.0937240
v -0.0404670 1.7255840 0.0946530
v -0.0560170 1.7250370 0.0893130
v -0.0555890 1.7179470 0.0909150
v -0.0508730 1.7208490 0.0926060
v -0.0515010 1.7266010 0.0907240
v -0.0605590 1.7132760 0.0873210
v -0.0607210 1.7229691 0.0866110
v -0.0601440 1.7293400 0.0856670
v -0.0436690 1.7366570 0.0899800
v -0.0378350 1.7373790 0.0911570
v -0.0478660 1.7364700 0.0886590
v -0.0557650 1.7301010 0.0879350
v -0.0517430 1.7307720 0.0893660
v -0.0648620 1.7387739 0.0791640
v -0.0619640 1.7376770 0.0814150
v -0.0552640 1.7366350 0.0857750
v -0.0518710 1.7364880 0.0873470
v -0.0588000 1.7370830 0.0836920
v -0.0324410 1.7394350 0.0916710
v -0.0270030 1.7419540 0.0922960
v -0.0712190 1.6475140 -0.0339910
v -0.0176610 1.7303309 0.1155760
v -0.0177040 1.7343000 0.1129910
v -0.0223890 1.7623680 0.0966270
v -0.0205020 1.7586139 0.0955640
v -0.0124160 1.7585740 0.1034790
v -0.0273530 1.7672091 0.0997220
v -0.0231070 1.7449880 0.0928980
v -0.0209460 1.7480210 0.0934180
v -0.0201220 1.7510370 0.0942100
v -0.0197590 1.7547770 0.0948970
v -0.0406360 1.7851270 0.1016670
v -0.0366530 1.7769610 0.1033720
v -0.0742660 1.8038110 0.0647430
v -0.0784890 1.7933570 0.0600750
v -0.0671420 1.7796450 0.0852230
v -0.0709280 1.7745810 0.0812850
v -0.0730960 1.7684680 0.0776200
v -0.0806920 1.7791600 0.0564460
v -0.0821540 1.7636900 0.0553300
v -0.0835230 1.7490580 0.0556610
v -0.0616580 1.8416070 0.0567310
v -0.0610280 1.8483760 0.0494360
v -0.0617670 1.8343000 0.0643500
v -0.0487260 1.8638361 0.0408990
v -0.0492470 1.8585269 0.0500500
v -0.0601640 1.8544860 0.0421010
v -0.0502930 1.8523970 0.0578620
v -0.0512690 1.8456620 0.0650850
v -0.0513470 1.8384420 0.0727460
v -0.0507840 1.8304160 0.0801920
v -0.0487370 1.8196040 0.0874320
v -0.0599160 1.6489540 -0.0542250
v -0.0150220 1.7176540 0.1133180
v -0.0141640 1.7177780 0.1141790
v -0.0136590 1.7172080 0.1126720
v -0.0128000 1.7172860 0.1134960
v -0.0125310 1.7155210 0.1129080
v -0.0143480 1.7057980 0.1152630
v -0.0123990 1.7083300 0.1139470
v -0.0117900 1.7128950 0.1129700
v -0.0875860 1.6890690 0.0071220
v -0.0679640 1.6049100 -0.0321740
v -0.0645690 1.6095140 -0.0465390
v 0.0609040 1.6018341 -0.0283760
v 0.0585810 1.6065750 -0.0429090
v 0.0177090 1.5619320 0.0266330
v 0.0313140 1.5664810 0.0208750
v 0.0327130 1.5552630 0.0190020
v 0.0182890 1.5512789 0.0241060
v 0.0660760 1.5793450 -0.0343450
v 0.0618450 1.5906490 -0.0307170
v 0.0598010 1.5954410 -0.0459440
v 0.0644410 1.5844810 -0.0509570
v 0.0532680 1.5986390 -0.0592930
v 0.0572440 1.5867701 -0.0654040
v 0.0452910 1.5873930 -0.0764920
v 0.0427800 1.6012239 -0.0698370
v 0.0291330 1.6032550 -0.0776400
v 0.0305680 1.5878381 -0.0836840
v 0.0444260 1.5725020 0.0120310
v 0.0546530 1.5788910 -0.0000380
v 0.0578690 1.5672240 -0.0020020
v 0.0468060 1.5608630 0.0102870
v 0.0603350 1.5851370 -0.0148280
v 0.0638980 1.5735151 -0.0175680
v 0.0144930 1.5881701 -0.0876730
v 0.0139780 1.6046350 -0.0822370
v 0.0200770 1.5241660 0.0187010
v 0.0055340 1.5220070 0.0189300
v 0.0053880 1.5360740 0.0226300
v 0.0191770 1.5381850 0.0211830
v 0.0572980 1.5200000 0.0031100
v 0.0748000 1.5292140 -0.0084610
v 0.0826810 1.5173950 -0.0061070
v 0.0631900 1.5068890 0.0059770
v 0.1095910 1.5209520 -0.0178640
v 0.1222510 1.5365300 -0.0401680
v 0.0384990 1.5142291 0.0122850
v 0.0420200 1.5010660 0.0160860
v -0.0022800 1.5732419 -0.0970780
v -0.0021470 1.5885090 -0.0892340
v 0.1102530 1.5439190 -0.0425440
v 0.1105480 1.5504780 -0.0690410
v 0.1252680 1.5425730 -0.0675760
v 0.0611630 1.5269700 -0.1145890
v 0.0614420 1.5183430 -0.1180840
v 0.0795370 1.5236109 -0.1148140
v 0.0746600 1.5318950 -0.1106590
v 0.0854250 1.5664140 -0.0632340
v 0.0732050 1.5669830 -0.0802380
v 0.0826510 1.5573090 -0.0864800
v 0.0977950 1.5585810 -0.0674320
v 0.0412470 1.5477340 -0.1066960
v 0.0627150 1.5532120 -0.0991050
v 0.0560650 1.5642980 -0.0924990
v 0.0370170 1.5609800 -0.1000580
v 0.0986830 1.5507970 -0.0431400
v 0.0860650 1.5584720 -0.0418790
v 0.0883160 1.5392630 -0.0244010
v 0.0784400 1.5491000 -0.0237640
v 0.0681780 1.5411850 -0.0074250
v 0.0642040 1.5760829 -0.0730120
v 0.0501000 1.5751270 -0.0845980
v 0.0334630 1.5738270 -0.0918430
v 0.0157400 1.5731320 -0.0955800
v -0.0031210 1.5118901 -0.1182180
v -0.0028250 1.5276860 -0.1154740
v 0.0192090 1.5442430 -0.1095400
v 0.0173850 1.5589950 -0.1036200
v 0.0983540 1.5303550 -0.0225930
v 0.0700310 1.5610590 -0.0208950
v 0.0625550 1.5542930 -0.0047600
v 0.0702460 1.4962190 0.0167090
v 0.0924890 1.5053980 0.0017600
v 0.0462830 1.4902730 0.0264920
v 0.0246400 1.4861079 0.0316220
v 0.0205780 1.5286460 -0.1138740
v 0.0199160 1.5132530 -0.1167440
v 0.0423210 1.5161260 -0.1172860
v 0.0469370 1.5321580 -0.1129910
v 0.0533210 1.5337400 0.0050430
v 0.0366380 1.5279360 0.0139780
v 0.0212040 1.5107239 0.0181390
v 0.0730730 1.5746310 -0.0570760
v 0.0740720 1.5684170 -0.0386290
v 0.0500140 1.5475610 0.0077360
v 0.0347370 1.5419880 0.0164980
v 0.0052070 1.5491090 0.0264780
v 0.0227800 1.4979920 0.0228420
v 0.1124170 1.5386820 -0.0916260
v 0.0967940 1.5306950 -0.1066410
v 0.0883660 1.5358810 -0.1044390
v -0.0025620 1.5437690 -0.1112580
v -0.0067050 1.5355810 0.0225310
v -0.0069090 1.5214200 0.0179950
v -0.0065240 1.5485730 0.0268800
v 0.0937150 1.5459950 -0.0933470
v 0.0694570 1.5413810 -0.1053440
v -0.0063870 1.5586290 0.0303760
v -0.0019010 1.6053571 -0.0839730
v -0.0071720 1.5065210 0.0148650
v -0.0076430 1.4915000 0.0186850
v -0.0082420 1.4794000 0.0292210
v 0.0051020 1.5593230 0.0297070
v 0.0067890 1.4934310 0.0210340
v 0.0061370 1.5075620 0.0169750
v 0.0073120 1.4811320 0.0304650
v -0.0023810 1.5588880 -0.1052110
v -0.0300400 1.5630701 0.0252250
v -0.0430510 1.5682540 0.0186820
v -0.0448700 1.5571110 0.0167150
v -0.0309750 1.5524520 0.0226540
v -0.0738430 1.5826820 -0.0384700
v -0.0693000 1.5937790 -0.0345820
v -0.0661360 1.5984460 -0.0496570
v -0.0709910 1.5877120 -0.0549510
v -0.0586860 1.6013110 -0.0625950
v -0.0628550 1.5896350 -0.0689470
v -0.0502520 1.5896710 -0.0793100
v -0.0474830 1.6033790 -0.0725000
v -0.0333170 1.6047460 -0.0794830
v -0.0351260 1.5894049 -0.0856220
v -0.0553190 1.5748810 0.0090900
v -0.0645010 1.5817330 -0.0035500
v -0.0681470 1.5702280 -0.0057170
v -0.0581420 1.5633640 0.0071930
v -0.0689970 1.5882241 -0.0186380
v -0.0729400 1.5767790 -0.0216020
v -0.0188460 1.5889660 -0.0886570
v -0.0178700 1.6053960 -0.0831770
v -0.0337260 1.5254480 0.0171140
v -0.0193430 1.5226001 0.0181950
v -0.0187460 1.5366490 0.0219190
v -0.0323100 1.5394109 0.0196660
v -0.0701230 1.5230390 -0.0006450
v -0.0864550 1.5330560 -0.0132140
v -0.0950170 1.5216320 -0.0113400
v -0.0767920 1.5102290 0.0018550
v -0.1209880 1.5264480 -0.0246550
v -0.1315570 1.5425770 -0.0476470
v -0.0521900 1.5163900 0.0096090
v -0.0565530 1.5034170 0.0131810
v -0.1191000 1.5493820 -0.0493040
v -0.1175210 1.5559100 -0.0757640
v -0.1326620 1.5487159 -0.0751780
v -0.0667140 1.5300159 -0.1183600
v -0.0671970 1.5214080 -0.1218780
v -0.0851830 1.5275350 -0.1196710
v -0.0801700 1.5355840 -0.1152240
v -0.0920530 1.5706429 -0.0684670
v -0.0788390 1.5706090 -0.0847200
v -0.0883510 1.5613840 -0.0915220
v -0.1045120 1.5634010 -0.0733970
v -0.0463310 1.5498199 -0.1092780
v -0.0679240 1.5563220 -0.1029570
v -0.0611540 1.5670860 -0.0959570
v -0.0418720 1.5628600 -0.1023840
v -0.1071990 1.5557020 -0.0492090
v -0.0943260 1.5627710 -0.0471970
v -0.0985150 1.5437150 -0.0299080
v -0.0882350 1.5530710 -0.0286780
v -0.0793440 1.5447010 -0.0117740
v -0.0698560 1.5792789 -0.0769660
v -0.0551550 1.5776360 -0.0877020
v -0.0382010 1.5755351 -0.0939570
v -0.0203420 1.5739990 -0.0966430
v -0.0243520 1.5452900 -0.1108240
v -0.0221760 1.5599160 -0.1047870
v -0.1090560 1.5352980 -0.0287050
v -0.0794510 1.5646220 -0.0253040
v -0.0732700 1.5575290 -0.0087660
v -0.0849660 1.4999200 0.0121360
v -0.1058300 1.5101250 -0.0040810
v -0.0619310 1.4928510 0.0233030
v -0.0408520 1.4876680 0.0296940
v -0.0262090 1.5297600 -0.1152540
v -0.0261130 1.5143501 -0.1181010
v -0.0482840 1.5182850 -0.1199580
v -0.0523750 1.5345240 -0.1159190
v -0.0656180 1.5365731 0.0015380
v -0.0497820 1.5299940 0.0114290
v -0.0354570 1.5120740 0.0164660
v -0.0797070 1.5782731 -0.0615820
v -0.0820850 1.5721400 -0.0432340
v -0.0618220 1.5502239 0.0044390
v -0.0473700 1.5439420 0.0140780
v -0.0181710 1.5496650 0.0257890
v -0.0379140 1.4994390 0.0210540
v -0.1186180 1.5441860 -0.0984380
v -0.1025350 1.5354429 -0.1125180
v -0.0940120 1.5402260 -0.1098170
v -0.0995180 1.5505980 -0.0990450
v -0.0748420 1.5448190 -0.1095990
v -0.0177720 1.5598670 0.0290320
v -0.0220800 1.4941200 0.0201840
v -0.0205170 1.5081969 0.0161880
v -0.0237430 1.4818710 0.0295500
v -0.0140050 1.7156039 0.1119210
v -0.0852990 1.6856230 0.0304480
v -0.0839100 1.6765040 0.0215830
v -0.0783490 1.6626630 0.0285170
v -0.0806060 1.6727870 0.0380460
v -0.0716410 1.6499050 0.0364510
v -0.0759000 1.6622140 0.0439650
v -0.0646290 1.6396220 0.0459720
v -0.0700060 1.6524010 0.0512460
v -0.0591950 1.6336401 0.0568500
v -0.0648800 1.6459460 0.0602620
v -0.0456280 1.6264420 0.0824750
v -0.0434700 1.6201251 0.0777850
v -0.0361550 1.6159580 0.0862600
v -0.0371460 1.6210740 0.0912920
v -0.0276550 1.6130559 0.0937910
v -0.0286490 1.6176510 0.0986470
v -0.0183550 1.6112360 0.0982920
v -0.0185920 1.6153650 0.1033580
v -0.0072280 1.6102940 0.1005300
v -0.0072830 1.6143939 0.1057150
v -0.0071120 1.6262580 0.1094700
v -0.0179100 1.6267250 0.1082270
v -0.0184260 1.6207960 0.1066790
v -0.0072400 1.6195740 0.1084080
v -0.0269620 1.6284440 0.1038810
v -0.0282780 1.6225010 0.1017520
v -0.0347760 1.6321120 0.0982580
v -0.0365470 1.6263460 0.0951220
v -0.0441220 1.6382819 0.0909910
v -0.0458390 1.6322610 0.0867600
v -0.0507100 1.6457380 0.0863040
v -0.0536550 1.6421731 0.0805390
v -0.0170410 1.6077350 0.0910200
v -0.0071120 1.6070380 0.0939670
v -0.0255400 1.6091330 0.0867350
v -0.0333820 1.6114230 0.0802910
v -0.0395720 1.6145010 0.0725600
v -0.0530130 1.6287680 0.0678800
v -0.0458930 1.6185549 0.0629860
v -0.0533960 1.6248170 0.0534510
v -0.0599480 1.6302460 0.0415560
v -0.0683020 1.6412070 0.0302800
v -0.0762210 1.6557690 0.0202580
v -0.0824470 1.6708500 0.0130150
v -0.0874720 1.6863580 0.0165540
v -0.0258130 1.6338381 0.1046160
v -0.0172840 1.6324930 0.1083930
v -0.0332840 1.6368591 0.0998070
v -0.0417270 1.6431890 0.0940800
v -0.0476030 1.6498080 0.0906750
v -0.0529220 1.6650130 0.0905780
v -0.0514730 1.6571810 0.0896480
v -0.0507600 1.6803091 0.0947990
v -0.0525480 1.6728400 0.0924970
v -0.0590220 1.6892160 0.0882270
v -0.0612750 1.6785220 0.0842200
v -0.0569050 1.6750220 0.0885380
v -0.0550350 1.6842300 0.0915670
v -0.0627340 1.6962240 0.0847810
v -0.0656400 1.6840750 0.0796530
v -0.0156860 1.6051290 0.0842610
v -0.0069380 1.6043071 0.0858940
v -0.0230260 1.6062731 0.0800930
v -0.0294710 1.6077920 0.0736750
v -0.0341300 1.6091970 0.0658680
v -0.0394000 1.6109810 0.0570070
v -0.0458740 1.6136169 0.0474390
v -0.0544380 1.6187680 0.0365630
v -0.0646130 1.6302580 0.0241540
v -0.0742780 1.6491880 0.0129430
v -0.0808230 1.6655411 0.0053500
v -0.0298710 1.6009279 0.0490660
v -0.0254670 1.6022570 0.0568030
v -0.0216050 1.6030750 0.0635180
v -0.0181950 1.6030670 0.0690880
v -0.0132020 1.6016880 0.0683150
v -0.0064850 1.6010430 0.0678440
v -0.0122860 1.5985250 0.0582430
v -0.0062810 1.5982580 0.0586830
v -0.0148790 1.5946630 0.0520040
v -0.0061950 1.5938650 0.0522080
v -0.0169570 1.5906800 0.0467610
v -0.0061570 1.5881160 0.0462630
v -0.0553670 1.6550410 0.0848320
v -0.0593180 1.6542979 0.0790700
v -0.0616870 1.6666811 0.0807560
v -0.0663430 1.6705149 0.0748680
v -0.0636400 1.6558141 0.0718820
v -0.0572380 1.6650831 0.0859820
v -0.0694690 1.6606020 0.0634760
v -0.0718190 1.6763530 0.0685470
v -0.0703650 1.6911870 0.0751550
v -0.0765080 1.6829970 0.0634620
v -0.0747010 1.6677940 0.0560420
v -0.0750830 1.6965660 0.0704700
v -0.0790500 1.7016950 0.0661730
v -0.0800440 1.6888700 0.0591480
v -0.0789210 1.6752970 0.0515130
v -0.0566650 1.6394200 0.0720720
v -0.0817870 1.6830100 0.0462560
v -0.0819290 1.7070290 0.0617510
v -0.0825940 1.6953059 0.0541510
v -0.0847550 1.7143030 0.0561970
v -0.0856360 1.7033080 0.0460850
v -0.0850860 1.6931630 0.0376880
v -0.0896940 1.6963691 0.0218420
v -0.0069740 1.6320840 0.1094790
v -0.0849750 1.6839310 -0.0108470
v -0.0319380 1.6872300 0.1047140
v -0.0259980 1.6897570 0.1081900
v -0.0200540 1.6904620 0.1121870
v -0.0152710 1.6906180 0.1150890
v -0.0104550 1.6901309 0.1168450
v -0.0062720 1.5733041 0.0382650
v -0.0035400 1.7765620 0.1096650
v -0.0062190 1.5817300 0.0432230
v -0.0061060 1.6498320 0.0943540
v 0.0014590 1.8832740 0.0264280
v -0.0068170 1.6382450 0.1091410
v -0.0060610 1.6556000 0.0974440
v -0.0053290 1.7258180 0.1293760
v -0.0066420 1.6445830 0.1083160
v -0.0065150 1.6585360 0.1152430
v -0.0062970 1.6657400 0.1136550
v -0.0022080 1.8228060 0.1018900
v -0.0064180 1.6626710 0.1152760
v -0.0057550 1.6929390 0.1172720
v -0.0055550 1.7209780 0.1331500
v -0.0062040 1.6677361 0.1121050
v -0.0004050 1.6679860 -0.0843080
v -0.0065570 1.6541740 0.1131620
v -0.0060480 1.6631430 0.1031260
v -0.0061350 1.6677310 0.1097670
v -0.0056250 1.6741520 0.0976600
v -0.0058230 1.6894740 0.1167830
v -0.0043680 1.7476360 0.1144020
v 0.0014380 1.7155451 -0.1084160
v -0.0045360 1.7439650 0.1171600
v -0.0009140 1.8530440 0.0824650
v -0.0017300 1.8358430 0.0962270
v -0.0051090 1.7306420 0.1258220
v 0.0035790 1.7930430 -0.1184070
v 0.0039260 1.8134570 -0.1136980
v -0.0028760 1.8008740 0.1068310
v 0.0034950 1.8806490 -0.0447930
v -0.0057430 1.7161560 0.1356370
v -0.0057850 1.6995960 0.1236810
v 0.0004080 1.8734620 0.0541530
v 0.0025550 1.7504210 -0.1181290
v 0.0040050 1.8684990 -0.0719120
v -0.0062520 1.6697360 0.1153620
v 0.0009270 1.8788440 0.0409110
v -0.0061900 1.6680239 0.1118690
v -0.0059300 1.7038760 0.1320550
v 0.0019860 1.7309930 -0.1145120
v 0.0029900 1.7671930 -0.1193260
v -0.0060270 1.6812910 0.1170770
v -0.0058900 1.6861370 0.1163360
v 0.0037880 1.8757260 -0.0587080
v -0.0033330 1.7849430 0.1094400
v -0.0061350 1.6784680 0.1184550
v -0.0039250 1.7585911 0.1082030
v -0.0062270 1.6752040 0.1189450
v -0.0063100 1.5659950 0.0336900
v 0.0041580 1.8430090 -0.0976890
v -0.0062490 1.6722940 0.1173070
v -0.0059730 1.6701421 0.1062350
v -0.0048980 1.7355840 0.1226710
v -0.0057740 1.6721300 0.1010850
v -0.0025910 1.8102940 0.1048010
v -0.0057150 1.6964830 0.1187780
v -0.0057090 1.6975260 0.1194360
v -0.0040530 1.7549340 0.1096130
v -0.0013200 1.8450000 0.0897430
v -0.0038310 1.7621320 0.1078880
v -0.0057230 1.6954100 0.1181690
v 0.0041130 1.8316170 -0.1053900
v 0.0030630 1.8866040 -0.0253220
v 0.0026400 1.8876090 -0.0101540
v -0.0042040 1.7511560 0.1116690
v -0.0047020 1.7402300 0.1197620
v -0.0007340 1.6558909 -0.0829020
v -0.0059180 1.7079910 0.1349570
v -0.0058690 1.7114249 0.1360800
v -0.0000790 1.8670210 0.0654560
v 0.0010160 1.7040020 -0.1034060
v 0.0020530 1.8869470 0.0092380
v -0.0005090 1.8602030 0.0745540
v 0.0001550 1.6826060 -0.0914840
v 0.0006750 1.6948240 -0.0992610
v -0.0059130 1.7023140 0.1302050
v -0.0037460 1.7662530 0.1083290
v -0.0058490 1.7006090 0.1266620
v 0.0041420 1.8589400 -0.0842860
v -0.0057340 1.6986040 0.1211410
v 0.0038650 1.7151780 0.1124480
v 0.0783240 1.6817290 0.0352730
v 0.0770270 1.6726730 0.0263300
v 0.0704150 1.6591220 0.0329050
v 0.0725870 1.6691411 0.0425640
v 0.0626530 1.6467080 0.0404130
v 0.0670450 1.6588120 0.0481820
v 0.0546160 1.6367830 0.0494910
v 0.0602740 1.6493000 0.0550890
v -0.0114540 1.7038840 0.1291900
v -0.0101300 1.7021379 0.1263430
v 0.0482730 1.6310810 0.0600220
v 0.0543250 1.6431090 0.0637790
v -0.0241640 1.7499070 0.0899160
v -0.0162960 1.7012200 0.1150500
v -0.0139110 1.7279850 0.1213350
v -0.0228150 1.7500840 0.0908440
v 0.0328920 1.6245760 0.0847910
v 0.0307160 1.6183610 0.0799730
v 0.0227260 1.6145570 0.0879980
v 0.0236610 1.6196280 0.0930870
v -0.0190800 1.7015640 0.1133810
v 0.0136690 1.6120729 0.0950100
v 0.0145930 1.6166230 0.0999230
v 0.0040440 1.6107039 0.0989520
v 0.0041780 1.6148241 0.1040290
v -0.0135570 1.7371140 0.1159220
v -0.0157660 1.7482491 0.1019620
v 0.0037500 1.6262100 0.1088640
v 0.0040750 1.6202610 0.1073420
v -0.0135380 1.7325400 0.1187350
v -0.0255750 1.7048440 0.1138860
v -0.0235490 1.7016079 0.1123530
v -0.0144970 1.7109150 0.1319390
v -0.0155010 1.7143620 0.1307790
v 0.0131150 1.6274900 0.1050630
v -0.0156960 1.7071950 0.1299260
v -0.0121730 1.7052571 0.1303870
v 0.0142700 1.6214880 0.1030070
v -0.0258570 1.7495060 0.0899790
v -0.0381030 1.7515939 0.0817850
v -0.0136010 1.7085530 0.1317860
v -0.0099530 1.7061950 0.1324360
v -0.0295030 1.7505960 0.0868300
v -0.0251670 1.7496700 0.0899310
v -0.0212180 1.7095730 0.1244090
v -0.0137170 1.7466559 0.1066110
v 0.0214110 1.6307750 0.0999150
v 0.0230890 1.6249270 0.0968820
v 0.0314510 1.6364840 0.0932190
v 0.0331270 1.6303819 0.0890880
v -0.0242710 1.7078950 0.1191430
v 0.0386490 1.6436130 0.0889380
v 0.0417570 1.6399040 0.0833530
v 0.0029970 1.6072580 0.0916110
v -0.0268110 1.7495980 0.0896710
v -0.0274500 1.7497751 0.0893210
v -0.0150200 1.7231930 0.1246280
v 0.0117900 1.6082450 0.0878370
v 0.0200970 1.6101520 0.0818690
v 0.0268710 1.6129210 0.0745210
v 0.0412270 1.6265260 0.0706600
v -0.0324300 1.7508420 0.0867740
v -0.0096030 1.7003680 0.1208310
v -0.0190090 1.7085220 0.1271480
v -0.0172380 1.7077420 0.1287650
v -0.0103190 1.6997650 0.1185610
v 0.0339300 1.6166559 0.0653410
v 0.0422730 1.6225390 0.0562740
v -0.0204240 1.7496010 0.0939310
v 0.0497630 1.6276309 0.0447930
v -0.0134310 1.7438990 0.1106040
v -0.0133310 1.7406260 0.1136610
v 0.0592730 1.6381700 0.0340430
v 0.0684520 1.6523230 0.0245250
v -0.0095670 1.7011940 0.1235590
v 0.0758040 1.6670820 0.0176840
v 0.0813460 1.6823400 0.0215340
v 0.0121820 1.6329340 0.1057360
v 0.0033910 1.6320010 0.1090020
v 0.0200580 1.6355900 0.1013800
v -0.0156900 1.7185750 0.1282850
v 0.0291140 1.6415040 0.0961690
v 0.0354870 1.6478320 0.0931230
v 0.0415190 1.6627671 0.0933620
v -0.0134080 1.7006270 0.1168260
v 0.0397570 1.6550111 0.0923370
v 0.0398420 1.6781540 0.0974700
v 0.0414050 1.6706049 0.0952660
v 0.0488920 1.6866471 0.0914090
v 0.0508660 1.6758530 0.0875270
v 0.0460860 1.6725709 0.0915740
v -0.0059320 1.7056940 0.1335860
v -0.0128250 1.7066960 0.1311810
v 0.0444810 1.6818610 0.0945000
v 0.0531300 1.6934659 0.0881980
v 0.0557520 1.6811850 0.0832330
v 0.0019200 1.6047111 0.0847810
v -0.0404960 1.7680740 0.0954130
v -0.0407030 1.7648849 0.0933310
v 0.0095380 1.6054980 0.0810550
v 0.0164140 1.6066990 0.0750290
v 0.0215860 1.6078711 0.0675120
v 0.0274460 1.6093900 0.0589800
v 0.0345920 1.6117010 0.0498150
v 0.0440160 1.6164210 0.0394690
v -0.0316590 1.7717870 0.1016280
v -0.0093940 1.7714150 0.1082370
v -0.0158000 1.7716900 0.1069180
v 0.0554350 1.6273969 0.0276960
v -0.0410030 1.7593130 0.0910190
v -0.0411180 1.7570120 0.0894540
v -0.0405420 1.7621371 0.0913500
v -0.0412960 1.7573860 0.0911530
v -0.0413000 1.7582320 0.0914920
v 0.0666320 1.6458319 0.0170980
v -0.0402780 1.7612100 0.0902570
v 0.0743850 1.6618429 0.0099270
v -0.0403500 1.7609020 0.0900720
v 0.0179350 1.5997900 0.0504770
v -0.0378230 1.7711190 0.0980820
v 0.0131510 1.6013380 0.0579440
v 0.0089450 1.6023470 0.0644200
v -0.0405580 1.7603461 0.0903910
v -0.0412700 1.7565650 0.0873920
v 0.0052160 1.6025100 0.0697790
v -0.0421840 1.7544680 0.0820220
v 0.0002170 1.6013690 0.0687110
v -0.0036440 1.7713170 0.1089600
v -0.0297590 1.7850400 0.1055170
v -0.0678720 1.7849810 0.0817030
v -0.0002550 1.5982389 0.0585980
v -0.0717980 1.7784760 0.0780780
v 0.0025150 1.5942481 0.0525180
v -0.0631600 1.7337910 0.0821100
v -0.0663910 1.7350330 0.0794370
v -0.0266030 1.7772150 0.1066050
v 0.0047060 1.5901650 0.0474010
v 0.0438220 1.6526819 0.0877560
v 0.0480660 1.6517431 0.0822370
v 0.0509170 1.6640019 0.0840770
v 0.0560900 1.6676010 0.0784790
v -0.0355870 1.8097780 0.0974580
v -0.0383620 1.8670660 0.0455910
v -0.0339020 1.8007489 0.1007280
v -0.0524350 1.7916430 0.0935400
v 0.0528720 1.6530420 0.0753190
v -0.0389620 1.8615381 0.0555930
v 0.0460970 1.6626250 0.0890290
v 0.0594070 1.6575350 0.0672780
v 0.0622000 1.6731631 0.0724990
v 0.0610670 1.6880590 0.0790310
v 0.0674920 1.6795700 0.0677090
v -0.0618400 1.7900790 0.0868970
v 0.0654040 1.6644580 0.0601740
v -0.0723240 1.7414210 0.0720150
v -0.0110940 1.7923290 0.1077700
v -0.0740640 1.7485280 0.0694800
v 0.0663030 1.6932009 0.0746400
v -0.0210730 1.7923150 0.1061060
v -0.0315930 1.8797820 -0.0245130
v 0.0707560 1.6981300 0.0705920
v 0.0715520 1.6852610 0.0636190
v 0.0702350 1.6717470 0.0559120
v 0.0451280 1.6369990 0.0750750
v -0.0204010 1.7668560 0.1031800
v 0.0737680 1.6793070 0.0508440
v -0.0518980 1.7340471 0.0882740
v -0.0555050 1.7337379 0.0867770
v 0.0741420 1.7033139 0.0663540
v -0.0369130 1.8797359 -0.0119950
v -0.0710150 1.7384700 0.0742820
v -0.0394500 1.8328860 0.0867660
v -0.0161270 1.7585940 0.1000330
v -0.0176930 1.7624040 0.1005620
v -0.0398560 1.8413970 0.0795080
v 0.0746930 1.6915621 0.0587890
v 0.0776320 1.7104371 0.0609850
v 0.0785820 1.6993990 0.0509270
v -0.0397490 1.8488680 0.0719200
v 0.0780440 1.6892810 0.0424990
v 0.0837290 1.6922410 0.0269560
v -0.0383480 1.8720630 0.0338120
v -0.0317860 1.7375710 0.0925720
v 0.0803550 1.6799910 -0.0059740
v 0.0208200 1.6859750 0.1062690
v 0.0148130 1.6887860 0.1093940
v -0.0743010 1.7710110 0.0744970
v -0.0751600 1.7630720 0.0718180
v -0.0381880 1.8789570 0.0036860
v -0.0431240 1.7347560 0.0907380
v -0.0748500 1.7555780 0.0700750
v -0.0163740 1.8820360 -0.0333700
v 0.0086840 1.6897780 0.1130340
v -0.0691440 1.7364730 0.0768010
v 0.0037520 1.6901650 0.1156490
v -0.0011770 1.6899101 0.1171180
v -0.0428440 1.7924401 0.0988550
v -0.0476380 1.7342280 0.0894800
v -0.0161370 1.7547081 0.0993750
v -0.0263570 1.7403960 0.0936570
v -0.0225060 1.7439070 0.0950250
v -0.0393630 1.8554720 0.0641930
v -0.0195660 1.7471761 0.0966820
v -0.0170080 1.7508010 0.0985560
v -0.0373410 1.7356679 0.0919490
v -0.0378290 1.8212140 0.0934840
v -0.0381500 1.8760980 0.0195750
v -0.0594540 1.7336890 0.0846420
v 0.0033050 1.8833719 -0.0361360
v -0.0031250 1.7923059 0.1083370
v -0.0181290 1.7489491 0.0978760
v -0.0233990 1.7718370 0.1048600
v -0.0320600 1.7924440 0.1033540
v -0.0065850 1.6496730 0.1104700
v -0.0386600 1.6742650 0.1016420
v -0.0404770 1.6717020 0.0998680
v -0.0404830 1.6639420 0.0979330
v -0.0298680 1.6803280 0.1082670
v -0.0351210 1.6771070 0.1043610
v -0.0289990 1.6539850 0.1047660
v -0.0412700 1.6692050 0.0986120
v -0.0222990 1.6515270 0.1081560
v -0.0413510 1.6665280 0.0979160
v -0.0150650 1.6501631 0.1098090
v -0.0059550 1.6837870 0.1166520
v -0.0174410 1.6844560 0.1151280
v -0.0116990 1.6845061 0.1168470
v -0.0235610 1.6830660 0.1120860
v -0.0384460 1.6609020 0.0989310
v -0.0349980 1.6574380 0.1009470
v -0.0002540 1.7036170 0.1295200
v -0.0014880 1.7019310 0.1265970
v 0.0169190 1.7489280 0.0911270
v 0.0052800 1.7007060 0.1156860
v 0.0038070 1.7275651 0.1218570
v 0.0155290 1.7491699 0.0919750
v 0.0081720 1.7009150 0.1141850
v 0.0042050 1.7366920 0.1164450
v 0.0077590 1.7476890 0.1026550
v 0.0038040 1.7321270 0.1192460
v 0.0147740 1.7038850 0.1150750
v 0.0126900 1.7007470 0.1134200
v 0.0029540 1.7104990 0.1324530
v 0.0041880 1.7138931 0.1313590
v 0.0040910 1.7067230 0.1305090
v 0.0004580 1.7049561 0.1307590
v 0.0185840 1.7484469 0.0912890
v 0.0313790 1.7499400 0.0838320
v 0.0019570 1.7081820 0.1322440
v -0.0018310 1.7060020 0.1326760
v 0.0224580 1.7493590 0.0883620
v 0.0179070 1.7486430 0.0912000
v 0.0100350 1.7088290 0.1253290
v 0.0053670 1.7462020 0.1071740
v 0.0133090 1.7070010 0.1202500
v 0.0195580 1.7484930 0.0910380
v 0.0202240 1.7486399 0.0907270
v 0.0044910 1.7227290 0.1252030
v 0.0253920 1.7494659 0.0884780
v -0.0017740 1.7001810 0.1210620
v 0.0076210 1.7078880 0.1279330
v 0.0057240 1.7071950 0.1294410
v -0.0009550 1.6995420 0.1188370
v 0.0129400 1.7488060 0.0949150
v 0.0047160 1.7434670 0.1111380
v 0.0042800 1.7402070 0.1141800
v -0.0019310 1.7010109 0.1237850
v 0.0047240 1.7180890 0.1288860
v 0.0022680 1.7002540 0.1172880
v 0.0011300 1.7063630 0.1315920
v 0.0337460 1.7663050 0.0976010
v 0.0339240 1.7631069 0.0955290
v 0.0247460 1.7704440 0.1032900
v 0.0021370 1.7711411 0.1085770
v 0.0086160 1.7711090 0.1076380
v 0.0340930 1.7575240 0.0932320
v 0.0341930 1.7552160 0.0916760
v 0.0337490 1.7603660 0.0935390
v 0.0342860 1.7555860 0.0933810
v 0.0343110 1.7564310 0.0937200
v 0.0335060 1.7594520 0.0924310
v 0.0335740 1.7591410 0.0922500
v 0.0310700 1.7694780 0.1001120
v 0.0337360 1.7585760 0.0925800
v 0.0344440 1.7547590 0.0896250
v 0.0355710 1.7526140 0.0843140
v 0.0232540 1.7837770 0.1070790
v 0.0626610 1.7818739 0.0855480
v 0.0664790 1.7751840 0.0821510
v 0.0554980 1.7309650 0.0856090
v 0.0589370 1.7320490 0.0831330
v 0.0196700 1.7761130 0.1079680
v 0.0307200 1.8081990 0.0994120
v 0.0392670 1.8652170 0.0478770
v 0.0284170 1.7992640 0.1025640
v 0.0468870 1.7892780 0.0964660
v 0.0390140 1.8596810 0.0578890
v 0.0565840 1.7872590 0.0903850
v 0.0655950 1.7381370 0.0760810
v 0.0048570 1.7919490 0.1082410
v 0.0678170 1.7451490 0.0736610
v 0.0149050 1.7914571 0.1071660
v 0.0372480 1.8781430 -0.0224850
v 0.0131930 1.7660559 0.1041700
v 0.0439170 1.7317650 0.0910990
v 0.0475880 1.7312820 0.0898170
v 0.0418140 1.8778610 -0.0096760
v 0.0640160 1.7352550 0.0782630
v 0.0363010 1.8310820 0.0889970
v 0.0087240 1.7580020 0.1007650
v 0.0104360 1.7617340 0.1013910
v 0.0375390 1.8395540 0.0817860
v 0.0382350 1.8470100 0.0742150
v 0.0401840 1.8701930 0.0361240
v 0.0237760 1.7362469 0.0942100
v 0.0688280 1.7676030 0.0787130
v 0.0694640 1.7596281 0.0760780
v 0.0421260 1.8770430 0.0060510
v 0.0350560 1.7328939 0.0930430
v 0.0689010 1.7521540 0.0743110
v 0.0227020 1.8811049 -0.0322190
v 0.0619060 1.7333530 0.0806660
v 0.0370480 1.7905380 0.1012090
v 0.0396070 1.7321490 0.0920530
v 0.0085880 1.7541200 0.1001040
v 0.0184340 1.7393290 0.0949780
v 0.0146810 1.7430220 0.0961210
v 0.0386190 1.8536140 0.0664890
v 0.0118070 1.7464290 0.0976070
v 0.0093190 1.7501750 0.0993320
v 0.0292620 1.7340820 0.0939130
v 0.0337330 1.8195090 0.0955910
v 0.0410160 1.8742120 0.0219060
v 0.0516480 1.7310430 0.0879180
v 0.0103880 1.7482700 0.0987170
v 0.0163210 1.7708910 0.1060300
v 0.0260290 1.7910600 0.1050650
v 0.0270850 1.6727010 0.1035790
v 0.0288800 1.6700521 0.1019120
v 0.0286320 1.6622980 0.0999700
v 0.0182170 1.6791830 0.1096840
v 0.0235330 1.6757110 0.1060900
v 0.0163070 1.6529080 0.1061020
v 0.0296270 1.6675190 0.1007010
v 0.0093090 1.6507760 0.1090870
v 0.0296210 1.6648400 0.1000080
v 0.0019330 1.6497591 0.1103090
v 0.0056200 1.6839070 0.1158070
v -0.0002050 1.6842320 0.1171860
v 0.0118350 1.6822230 0.1131300
v 0.0263970 1.6593601 0.1008420
v 0.0226770 1.6560659 0.1026470
v 0.0359800 1.7506191 0.0780080
v -0.0423160 1.7524850 0.0757010
v 0.0334820 1.7498260 0.0933420
v 0.0315520 1.7499020 0.0927310
v 0.0297850 1.7499930 0.0917820
v 0.0283160 1.7500920 0.0905770
v 0.0335310 1.7502340 0.0933660
v 0.0316460 1.7507050 0.0927780
v 0.0299220 1.7511580 0.0918490
v 0.0284890 1.7515620 0.0906630
v 0.0336540 1.7506270 0.0933910
v 0.0318900 1.7514720 0.0928270
v 0.0302750 1.7522730 0.0919210
v 0.0289340 1.7529660 0.0907530
v 0.0338490 1.7509850 0.0934160
v 0.0322730 1.7521760 0.0928770
v 0.0308310 1.7532949 0.0919930
v 0.0296350 1.7542551 0.0908440
v 0.0341080 1.7512970 0.0934410
v 0.0327810 1.7527879 0.0929260
v 0.0315680 1.7541850 0.0920640
v 0.0305640 1.7553780 0.0909340
v 0.0344200 1.7515520 0.0934650
v 0.0333930 1.7532870 0.0929720
v 0.0324580 1.7549080 0.0921310
v 0.0316870 1.7562890 0.0910180
v 0.0347740 1.7517370 0.0934860
v 0.0340890 1.7536520 0.0930130
v 0.0334670 1.7554370 0.0921910
v 0.0329600 1.7569571 0.0910930
v 0.0351580 1.7518480 0.0935030
v 0.0348380 1.7538691 0.0930480
v 0.0345560 1.7557520 0.0922410
v 0.0343320 1.7573529 0.0911570
v 0.0355530 1.7518790 0.0935170
v 0.0356150 1.7539290 0.0930750
v 0.0356840 1.7558399 0.0922810
v 0.0357540 1.7574650 0.0912070
v 0.0359470 1.7518300 0.0935270
v 0.0363890 1.7538320 0.0930940
v 0.0368070 1.7556990 0.0923080
v 0.0371700 1.7572850 0.0912410
v 0.0363250 1.7517000 0.0935310
v 0.0371280 1.7535790 0.0931030
v 0.0378810 1.7553320 0.0923210
v 0.0385230 1.7568240 0.0912570
v 0.0366700 1.7514980 0.0935310
v 0.0378060 1.7531821 0.0931020
v 0.0388650 1.7547560 0.0923200
v 0.0397650 1.7560970 0.0912560
v 0.0369710 1.7512290 0.0935260
v 0.0383960 1.7526550 0.0930920
v 0.0397220 1.7539910 0.0923050
v 0.0408470 1.7551330 0.0912370
v 0.0372160 1.7509050 0.0935160
v 0.0388760 1.7520190 0.0930720
v 0.0404190 1.7530670 0.0922760
v 0.0417250 1.7539670 0.0912010
v 0.0373950 1.7505380 0.0935010
v 0.0392280 1.7512970 0.0930430
v 0.0409290 1.7520190 0.0922350
v 0.0423680 1.7526460 0.0911490
v 0.0375020 1.7501400 0.0934830
v 0.0394370 1.7505190 0.0930080
v 0.0412330 1.7508889 0.0921830
v 0.0427500 1.7512220 0.0910830
v 0.0375320 1.7497290 0.0934610
v 0.0394950 1.7497129 0.0929660
v 0.0413170 1.7497190 0.0921220
v 0.0428580 1.7497460 0.0910060
v 0.0374840 1.7493210 0.0934380
v 0.0394010 1.7489100 0.0929190
v 0.0411810 1.7485540 0.0920540
v 0.0426840 1.7482769 0.0909210
v 0.0373590 1.7489280 0.0934130
v 0.0391580 1.7481430 0.0928700
v 0.0408270 1.7474390 0.0919830
v 0.0422400 1.7468730 0.0908310
v 0.0371650 1.7485700 0.0933870
v 0.0387750 1.7474390 0.0928200
v 0.0402720 1.7464170 0.0919100
v 0.0415390 1.7455840 0.0907390
v 0.0369050 1.7482580 0.0933620
v 0.0382670 1.7468270 0.0927710
v 0.0395350 1.7455270 0.0918390
v 0.0406100 1.7444611 0.0906500
v 0.0365930 1.7480030 0.0933390
v 0.0376540 1.7463280 0.0927250
v 0.0386440 1.7448040 0.0917720
v 0.0394860 1.7435490 0.0905660
v 0.0362390 1.7478180 0.0933180
v 0.0369590 1.7459630 0.0926840
v 0.0376350 1.7442750 0.0917130
v 0.0382140 1.7428820 0.0904900
v 0.0358550 1.7477070 0.0933000
v 0.0362090 1.7457460 0.0926490
v 0.0365460 1.7439600 0.0916620
v 0.0368420 1.7424850 0.0904270
v 0.0354600 1.7476760 0.0932860
v 0.0354320 1.7456861 0.0926220
v 0.0354180 1.7438720 0.0916230
v 0.0354200 1.7423730 0.0903770
v 0.0350660 1.7477250 0.0932770
v 0.0346590 1.7457830 0.0926030
v 0.0342960 1.7440130 0.0915960
v 0.0340040 1.7425530 0.0903430
v 0.0346880 1.7478540 0.0932720
v 0.0339200 1.7460361 0.0925940
v 0.0332220 1.7443800 0.0915830
v 0.0326510 1.7430140 0.0903260
v 0.0343430 1.7480561 0.0932720
v 0.0332410 1.7464330 0.0925950
v 0.0322370 1.7449570 0.0915840
v 0.0314090 1.7437420 0.0903280
v 0.0340420 1.7483259 0.0932780
v 0.0326510 1.7469600 0.0926050
v 0.0313800 1.7457221 0.0915990
v 0.0303270 1.7447060 0.0903470
v 0.0337970 1.7486500 0.0932880
v 0.0321710 1.7475960 0.0926250
v 0.0306830 1.7466460 0.0916270
v 0.0294490 1.7458720 0.0903830
v 0.0355010 1.7497669 0.0935880
v 0.0336180 1.7490170 0.0933020
v 0.0318200 1.7483180 0.0926540
v 0.0301740 1.7476929 0.0916690
v 0.0288060 1.7471920 0.0904350
v 0.0335120 1.7494150 0.0933210
v 0.0316100 1.7490960 0.0926890
v 0.0298700 1.7488230 0.0917210
v 0.0284240 1.7486160 0.0905010
v 0.0268790 1.7501810 0.0895380
v 0.0246630 1.7503270 0.0877830
v 0.0227940 1.7504930 0.0855190
v 0.0214330 1.7506640 0.0829590
v 0.0206320 1.7508340 0.0802000
v 0.0204190 1.7509950 0.0773490
v 0.0208070 1.7511430 0.0745160
v 0.0217760 1.7512701 0.0718100
v 0.0232920 1.7513720 0.0693340
v 0.0252960 1.7514460 0.0671840
v 0.0277110 1.7514890 0.0654420
v 0.0304440 1.7514980 0.0641750
v 0.0333890 1.7514729 0.0634330
v 0.0270870 1.7519470 0.0896410
v 0.0249240 1.7525500 0.0879120
v 0.0231010 1.7531080 0.0856710
v 0.0217740 1.7535690 0.0831270
v 0.0209930 1.7539181 0.0803780
v 0.0207890 1.7541400 0.0775310
v 0.0211680 1.7542270 0.0746950
v 0.0221170 1.7541749 0.0719790
v 0.0235990 1.7539880 0.0694850
v 0.0255570 1.7536690 0.0673130
v 0.0279160 1.7532361 0.0655430
v 0.0305840 1.7527010 0.0642440
v 0.0334620 1.7520860 0.0634680
v 0.0276220 1.7536360 0.0897490
v 0.0255970 1.7546800 0.0880480
v 0.0238940 1.7556109 0.0858310
v 0.0226550 1.7563500 0.0833040
v 0.0219280 1.7568710 0.0805670
v 0.0217410 1.7571501 0.0777240
v 0.0221030 1.7571790 0.0748840
v 0.0229980 1.7569560 0.0721570
v 0.0243920 1.7564900 0.0696460
v 0.0262310 1.7557991 0.0674490
v 0.0284450 1.7549070 0.0656500
v 0.0309500 1.7538530 0.0643180
v 0.0336480 1.7526740 0.0635060
v 0.0284640 1.7551850 0.0898590
v 0.0266580 1.7566299 0.0881870
v 0.0251410 1.7579050 0.0859940
v 0.0240410 1.7588990 0.0834850
v 0.0234000 1.7595750 0.0807600
v 0.0232420 1.7599090 0.0779200
v 0.0235750 1.7598840 0.0750770
v 0.0243840 1.7595050 0.0723380
v 0.0256390 1.7587841 0.0698090
v 0.0272920 1.7577500 0.0675880
v 0.0292790 1.7564410 0.0657590
v 0.0315230 1.7549080 0.0643930
v 0.0339400 1.7532120 0.0635440
v 0.0295810 1.7565340 0.0899670
v 0.0280650 1.7583280 0.0883220
v 0.0267960 1.7599020 0.0861530
v 0.0258800 1.7611181 0.0836630
v 0.0253520 1.7619309 0.0809480
v 0.0252330 1.7623110 0.0781120
v 0.0255270 1.7622401 0.0752650
v 0.0262230 1.7617240 0.0725150
v 0.0272940 1.7607810 0.0699680
v 0.0286990 1.7594481 0.0677240
v 0.0303840 1.7577760 0.0658660
v 0.0322850 1.7558280 0.0644670
v 0.0343290 1.7536800 0.0635820
v 0.0309300 1.7576300 0.0900680
v 0.0297640 1.7597100 0.0884500
v 0.0287940 1.7615260 0.0863030
v 0.0281000 1.7629230 0.0838290
v 0.0277100 1.7638470 0.0811240
v 0.0276360 1.7642640 0.0782920
v 0.0278850 1.7641560 0.0754410
v 0.0284430 1.7635280 0.0726820
v 0.0292920 1.7624050 0.0701180
v 0.0303980 1.7608290 0.0678510
v 0.0317200 1.7588600 0.0659660
v 0.0332050 1.7565750 0.0645360
v 0.0347970 1.7540621 0.0636170
v 0.0324590 1.7584310 0.0901580
v 0.0316910 1.7607200 0.0885640
v 0.0310590 1.7627140 0.0864370
v 0.0306170 1.7642430 0.0839780
v 0.0303810 1.7652490 0.0812830
v 0.0303610 1.7656929 0.0784540
v 0.0305560 1.7655580 0.0756000
v 0.0309600 1.7648489 0.0728310
v 0.0315580 1.7635930 0.0702520
v 0.0323250 1.7618390 0.0679650
v 0.0332340 1.7596540 0.0660550
v 0.0342470 1.7571220 0.0645970
v 0.0353280 1.7543401 0.0636480
v 0.0341100 1.7589080 0.0902350
v 0.0337710 1.7613200 0.0886610
v 0.0335050 1.7634200 0.0865510
v 0.0333350 1.7650290 0.0841040
v 0.0332660 1.7660830 0.0814170
v 0.0333010 1.7665420 0.0785900
v 0.0334410 1.7663910 0.0757340
v 0.0336780 1.7656339 0.0729570
v 0.0340030 1.7643000 0.0703660
v 0.0344050 1.7624390 0.0680620
v 0.0348670 1.7601260 0.0661310
v 0.0353730 1.7574480 0.0646500
v 0.0359020 1.7545060 0.0636750
v 0.0358190 1.7590420 0.0902950
v 0.0359230 1.7614890 0.0887360
v 0.0360360 1.7636180 0.0866400
v 0.0361460 1.7652490 0.0842030
v 0.0362510 1.7663150 0.0815210
v 0.0363450 1.7667810 0.0786970
v 0.0364260 1.7666240 0.0758380
v 0.0364890 1.7658540 0.0730560
v 0.0365340 1.7644980 0.0704550
v 0.0365570 1.7626081 0.0681370
v 0.0365580 1.7602580 0.0661900
v 0.0365380 1.7575390 0.0646910
v 0.0364960 1.7545520 0.0636960
v 0.0375200 1.7588270 0.0903360
v 0.0380650 1.7612180 0.0887870
v 0.0385550 1.7632999 0.0867000
v 0.0389450 1.7648950 0.0842700
v 0.0392220 1.7659410 0.0815920
v 0.0393750 1.7663970 0.0787690
v 0.0393970 1.7662500 0.0759090
v 0.0392880 1.7655010 0.0731230
v 0.0390530 1.7641790 0.0705150
v 0.0386990 1.7623370 0.0681880
v 0.0382420 1.7600451 0.0662310
v 0.0376980 1.7573930 0.0647180
v 0.0370870 1.7544780 0.0637100
v 0.0391480 1.7582721 0.0903560
v 0.0401170 1.7605190 0.0888120
v 0.0409660 1.7624780 0.0867290
v 0.0416240 1.7639810 0.0843030
v 0.0420670 1.7649710 0.0816270
v 0.0422750 1.7654090 0.0788050
v 0.0422420 1.7652800 0.0759440
v 0.0419680 1.7645860 0.0731550
v 0.0414640 1.7633570 0.0705440
v 0.0407510 1.7616380 0.0682140
v 0.0398530 1.7594960 0.0662500
v 0.0388070 1.7570130 0.0647320
v 0.0376530 1.7542850 0.0637170
v 0.0406400 1.7573990 0.0903540
v 0.0419960 1.7594180 0.0888100
v 0.0431760 1.7611830 0.0867270
v 0.0440800 1.7625420 0.0843000
v 0.0446730 1.7634430 0.0816250
v 0.0449330 1.7638520 0.0788020
v 0.0448480 1.7637520 0.0759410
v 0.0444240 1.7631480 0.0731530
v 0.0436750 1.7620620 0.0705420
v 0.0426300 1.7605380 0.0682120
v 0.0413300 1.7586319 0.0662490
v 0.0398240 1.7564180 0.0647310
v 0.0381720 1.7539810 0.0637160
v 0.0419390 1.7562391 0.0903310
v 0.0436320 1.7579581 0.0887810
v 0.0451010 1.7594661 0.0866930
v 0.0462190 1.7606339 0.0842620
v 0.0469430 1.7614170 0.0815840
v 0.0472470 1.7617860 0.0787610
v 0.0471180 1.7617260 0.0759010
v 0.0465620 1.7612400 0.0731150
v 0.0455990 1.7603450 0.0705080
v 0.0442660 1.7590770 0.0681830
v 0.0426160 1.7574840 0.0662260
v 0.0407110 1.7556280 0.0647150
v 0.0386220 1.7535779 0.0637080
v 0.0429950 1.7548389 0.0902880
v 0.0449630 1.7561940 0.0887270
v 0.0466650 1.7573920 0.0866290
v 0.0479570 1.7583300 0.0841900
v 0.0487890 1.7589710 0.0815080
v 0.0491290 1.7592920 0.0786830
v 0.0489640 1.7592790 0.0758250
v 0.0483000 1.7589350 0.0730430
v 0.0471630 1.7582710 0.0704430
v 0.0455970 1.7573140 0.0681280
v 0.0436610 1.7560980 0.0661830
v 0.0414300 1.7546721 0.0646850
v 0.0389900 1.7530921 0.0636930
v 0.0437670 1.7532520 0.0902250
v 0.0459360 1.7541950 0.0886480
v 0.0478090 1.7550410 0.0865360
v 0.0492290 1.7557170 0.0840880
v 0.0501400 1.7561990 0.0813990
v 0.0505060 1.7564640 0.0785720
v 0.0503150 1.7565080 0.0757160
v 0.0495720 1.7563230 0.0729400
v 0.0483070 1.7559201 0.0703510
v 0.0465700 1.7553140 0.0680490
v 0.0444260 1.7545270 0.0661210
v 0.0419570 1.7535909 0.0646430
v 0.0392580 1.7525400 0.0636710
v 0.0442270 1.7515390 0.0901460
v 0.0465140 1.7520360 0.0885480
v 0.0484900 1.7525040 0.0864190
v 0.0499860 1.7528970 0.0839590
v 0.0509420 1.7532049 0.0812610
v 0.0513240 1.7534130 0.0784320
v 0.0511170 1.7535130 0.0755780
v 0.0503290 1.7535030 0.0728110
v 0.0489880 1.7533830 0.0702340
v 0.0471480 1.7531550 0.0679500
v 0.0448800 1.7528321 0.0660430
v 0.0422710 1.7524230 0.0645890
v 0.0394180 1.7519450 0.0636440
v 0.0443560 1.7497650 0.0900540
v 0.0466770 1.7498029 0.0884320
v 0.0486810 1.7498770 0.0862820
v 0.0501970 1.7499790 0.0838070
v 0.0511660 1.7501070 0.0811000
v 0.0515540 1.7502540 0.0782670
v 0.0513410 1.7504150 0.0754170
v 0.0505400 1.7505850 0.0726590
v 0.0491790 1.7507560 0.0700970
v 0.0473100 1.7509220 0.0678330
v 0.0450080 1.7510771 0.0659520
v 0.0423580 1.7512140 0.0645260
v 0.0394630 1.7513280 0.0636120
v 0.0441480 1.7480000 0.0899510
v 0.0464160 1.7475801 0.0883030
v 0.0483740 1.7472620 0.0861310
v 0.0498560 1.7470740 0.0836390
v 0.0508050 1.7470230 0.0809210
v 0.0511840 1.7471091 0.0780850
v 0.0509800 1.7473310 0.0752380
v 0.0501990 1.7476799 0.0724900
v 0.0488720 1.7481411 0.0699460
v 0.0470490 1.7486989 0.0677040
v 0.0448020 1.7493290 0.0658500
v 0.0422170 1.7500100 0.0644560
v 0.0393910 1.7507150 0.0635760
v 0.0436130 1.7463100 0.0898430
v 0.0457420 1.7454500 0.0881670
v 0.0475810 1.7447590 0.0859700
v 0.0489750 1.7442930 0.0834600
v 0.0498710 1.7440701 0.0807320
v 0.0502320 1.7440990 0.0778920
v 0.0500450 1.7443790 0.0750490
v 0.0493180 1.7448990 0.0723120
v 0.0480790 1.7456380 0.0697850
v 0.0463760 1.7465700 0.0675680
v 0.0442730 1.7476580 0.0657430
v 0.0418520 1.7488580 0.0643820
v 0.0392050 1.7501270 0.0635390
v 0.0427720 1.7447610 0.0897330
v 0.0446810 1.7435000 0.0880280
v 0.0463340 1.7424650 0.0858070
v 0.0475890 1.7417440 0.0832790
v 0.0483980 1.7413650 0.0805400
v 0.0487310 1.7413400 0.0776960
v 0.0485730 1.7416739 0.0748570
v 0.0479320 1.7423500 0.0721310
v 0.0468320 1.7433450 0.0696220
v 0.0453150 1.7446190 0.0674290
v 0.0434400 1.7461240 0.0656340
v 0.0412780 1.7478030 0.0643070
v 0.0389130 1.7495890 0.0635000
v 0.0416550 1.7434130 0.0896250
v 0.0432740 1.7418020 0.0878930
v 0.0446790 1.7404680 0.0856480
v 0.0457500 1.7395250 0.0831020
v 0.0464460 1.7390090 0.0803520
v 0.0467400 1.7389390 0.0775040
v 0.0466210 1.7393180 0.0746680
v 0.0460930 1.7401310 0.0719540
v 0.0451770 1.7413470 0.0694630
v 0.0439080 1.7429210 0.0672940
v 0.0423340 1.7447890 0.0655280
v 0.0405170 1.7468830 0.0642340
v 0.0385240 1.7491220 0.0634630
v 0.0403050 1.7423170 0.0895240
v 0.0415750 1.7404200 0.0877650
v 0.0426810 1.7388440 0.0854980
v 0.0435300 1.7377210 0.0829360
v 0.0440890 1.7370930 0.0801750
v 0.0443370 1.7369850 0.0773240
v 0.0442630 1.7374020 0.0744920
v 0.0438730 1.7383260 0.0717870
v 0.0431790 1.7397240 0.0693130
v 0.0422090 1.7415390 0.0671660
v 0.0409990 1.7437050 0.0654280
v 0.0395960 1.7461360 0.0641650
v 0.0380560 1.7487400 0.0634280
v 0.0364350 1.7514160 0.0632420
v 0.0387760 1.7415160 0.0894340
v 0.0396480 1.7394100 0.0876510
v 0.0404160 1.7376560 0.0853640
v 0.0410120 1.7364000 0.0827860
v 0.0414180 1.7356910 0.0800170
v 0.0416130 1.7355560 0.0771630
v 0.0415920 1.7359999 0.0743330
v 0.0413560 1.7370059 0.0716380
v 0.0409140 1.7385360 0.0691790
v 0.0402820 1.7405289 0.0670520
v 0.0394850 1.7429110 0.0653380
v 0.0385540 1.7455900 0.0641030
v 0.0375240 1.7484610 0.0633960
v 0.0371250 1.7410380 0.0893570
v 0.0375680 1.7388099 0.0875540
v 0.0379700 1.7369490 0.0852500
v 0.0382950 1.7356150 0.0826600
v 0.0385330 1.7348580 0.0798820
v 0.0386720 1.7347070 0.0770260
v 0.0387070 1.7351660 0.0741990
v 0.0386390 1.7362210 0.0715120
v 0.0384680 1.7378290 0.0690650
v 0.0382020 1.7399290 0.0669560
v 0.0378520 1.7424400 0.0652620
v 0.0374290 1.7452641 0.0640510
v 0.0369500 1.7482960 0.0633700
v 0.0354160 1.7409040 0.0892970
v 0.0354160 1.7386410 0.0874790
v 0.0354390 1.7367510 0.0851620
v 0.0354840 1.7353950 0.0825620
v 0.0355480 1.7346250 0.0797780
v 0.0356280 1.7344680 0.0769190
v 0.0357220 1.7349340 0.0740950
v 0.0358270 1.7360010 0.0714130
v 0.0359380 1.7376310 0.0689770
v 0.0360500 1.7397600 0.0668800
v 0.0361600 1.7423069 0.0652030
v 0.0362640 1.7451741 0.0640100
v 0.0363560 1.7482491 0.0633490
v 0.0337150 1.7411190 0.0892570
v 0.0332740 1.7389120 0.0874280
v 0.0329200 1.7370700 0.0851010
v 0.0326850 1.7357490 0.0824950
v 0.0325760 1.7349989 0.0797070
v 0.0325980 1.7348520 0.0768470
v 0.0327510 1.7353081 0.0740240
v 0.0330280 1.7363540 0.0713460
v 0.0334180 1.7379490 0.0689160
v 0.0339080 1.7400310 0.0668290
v 0.0344760 1.7425200 0.0651630
v 0.0351040 1.7453190 0.0639830
v 0.0357650 1.7483240 0.0633350
v 0.0320880 1.7416750 0.0892370
v 0.0312230 1.7396110 0.0874030
v 0.0305090 1.7378920 0.0850720
v 0.0300050 1.7366630 0.0824620
v 0.0297310 1.7359689 0.0796720
v 0.0296990 1.7358400 0.0768110
v 0.0299060 1.7362781 0.0739890
v 0.0303490 1.7372680 0.0713140
v 0.0310070 1.7387720 0.0688870
v 0.0318560 1.7407300 0.0668040
v 0.0328660 1.7430691 0.0651430
v 0.0339940 1.7456980 0.0639690
v 0.0351990 1.7485170 0.0633280
v 0.0305950 1.7425480 0.0892380
v 0.0293430 1.7407120 0.0874050
v 0.0282990 1.7391870 0.0850740
v 0.0275490 1.7381010 0.0824650
v 0.0271250 1.7374970 0.0796750
v 0.0270400 1.7373970 0.0768140
v 0.0273000 1.7378060 0.0739920
v 0.0278930 1.7387069 0.0713160
v 0.0287970 1.7400661 0.0688890
v 0.0299770 1.7418309 0.0668060
v 0.0313880 1.7439340 0.0651440
v 0.0329770 1.7462929 0.0639700
v 0.0346800 1.7488199 0.0633280
v 0.0292960 1.7437069 0.0892610
v 0.0277070 1.7421720 0.0874340
v 0.0263740 1.7409040 0.0851080
v 0.0254110 1.7400100 0.0825020
v 0.0248550 1.7395231 0.0797150
v 0.0247260 1.7394630 0.0768550
v 0.0250300 1.7398320 0.0740320
v 0.0257540 1.7406150 0.0713540
v 0.0268720 1.7417830 0.0689230
v 0.0283410 1.7432910 0.0668350
v 0.0301030 1.7450809 0.0651670
v 0.0320910 1.7470840 0.0639860
v 0.0342300 1.7492239 0.0633370
v 0.0282400 1.7451071 0.0893050
v 0.0263760 1.7439350 0.0874880
v 0.0248100 1.7429780 0.0851730
v 0.0236730 1.7423140 0.0825740
v 0.0230090 1.7419699 0.0797910
v 0.0228440 1.7419569 0.0769330
v 0.0231840 1.7422780 0.0741080
v 0.0240160 1.7429190 0.0714260
v 0.0253080 1.7438570 0.0689880
v 0.0270100 1.7450550 0.0668900
v 0.0290570 1.7464670 0.0652100
v 0.0313710 1.7480390 0.0640150
v 0.0338620 1.7497090 0.0633520
v 0.0274680 1.7466950 0.0893670
v 0.0254030 1.7459350 0.0875670
v 0.0236660 1.7453290 0.0852650
v 0.0224010 1.7449260 0.0826770
v 0.0216590 1.7447420 0.0799000
v 0.0214670 1.7447850 0.0770440
v 0.0218330 1.7450500 0.0742170
v 0.0227440 1.7455320 0.0715290
v 0.0241640 1.7462080 0.0690800
v 0.0260370 1.7470540 0.0669680
v 0.0282930 1.7480381 0.0652720
v 0.0308450 1.7491200 0.0640580
v 0.0335940 1.7502609 0.0633730
v 0.0270080 1.7484080 0.0894460
v 0.0248250 1.7480940 0.0876670
v 0.0229850 1.7478670 0.0853820
v 0.0216440 1.7477460 0.0828070
v 0.0208560 1.7477360 0.0800380
v 0.0206490 1.7478360 0.0771850
v 0.0210310 1.7480450 0.0743550
v 0.0219870 1.7483521 0.0716580
v 0.0234830 1.7487460 0.0691970
v 0.0254590 1.7492130 0.0670680
v 0.0278390 1.7497330 0.0653500
v 0.0305310 1.7502880 0.0641120
v 0.0334340 1.7508570 0.0634010
v -0.0448160 1.7516910 0.0910340
v -0.0467460 1.7517680 0.0904230
v -0.0485130 1.7518589 0.0894730
v -0.0499820 1.7519580 0.0882690
v -0.0447690 1.7521000 0.0910570
v -0.0466520 1.7525710 0.0904700
v -0.0483760 1.7530240 0.0895410
v -0.0498080 1.7534270 0.0883540
v -0.0446440 1.7524930 0.0910820
v -0.0464080 1.7533380 0.0905190
v -0.0480230 1.7541389 0.0896120
v -0.0493640 1.7548320 0.0884440
v -0.0444490 1.7528510 0.0911080
v -0.0460250 1.7540420 0.0905690
v -0.0474670 1.7551610 0.0896850
v -0.0486630 1.7561200 0.0885360
v -0.0441900 1.7531630 0.0911330
v -0.0455170 1.7546540 0.0906180
v -0.0467300 1.7560509 0.0897560
v -0.0477340 1.7572430 0.0886250
v -0.0438780 1.7534180 0.0911560
v -0.0449050 1.7551529 0.0906640
v -0.0458400 1.7567739 0.0898230
v -0.0466100 1.7581550 0.0887100
v -0.0435240 1.7536030 0.0911770
v -0.0442090 1.7555170 0.0907050
v -0.0448310 1.7573030 0.0898830
v -0.0453380 1.7588230 0.0887850
v -0.0431400 1.7537140 0.0911950
v -0.0434600 1.7557350 0.0907400
v -0.0437420 1.7576180 0.0899330
v -0.0439660 1.7592191 0.0888490
v -0.0427450 1.7537450 0.0912090
v -0.0426830 1.7557950 0.0907670
v -0.0426140 1.7577060 0.0899730
v -0.0425440 1.7593310 0.0888990
v -0.0423510 1.7536950 0.0912180
v -0.0419090 1.7556980 0.0907850
v -0.0414910 1.7575650 0.0899990
v -0.0411280 1.7591510 0.0889320
v -0.0419730 1.7535660 0.0912230
v -0.0411700 1.7554450 0.0907940
v -0.0404170 1.7571980 0.0900130
v -0.0397750 1.7586900 0.0889490
v -0.0416270 1.7533640 0.0912230
v -0.0404920 1.7550480 0.0907940
v -0.0394330 1.7566210 0.0900120
v -0.0385330 1.7579629 0.0889480
v -0.0413270 1.7530950 0.0912170
v -0.0399020 1.7545210 0.0907830
v -0.0385760 1.7558570 0.0899960
v -0.0374510 1.7569990 0.0889290
v -0.0410810 1.7527710 0.0912070
v -0.0394220 1.7538850 0.0907630
v -0.0378790 1.7549330 0.0899680
v -0.0365730 1.7558330 0.0888920
v -0.0409030 1.7524030 0.0911930
v -0.0390700 1.7531630 0.0907350
v -0.0373690 1.7538850 0.0899260
v -0.0359300 1.7545120 0.0888400
v -0.0407970 1.7520050 0.0911740
v -0.0388610 1.7523850 0.0906990
v -0.0370650 1.7527550 0.0898740
v -0.0355480 1.7530880 0.0887750
v -0.0407660 1.7515950 0.0911530
v -0.0388030 1.7515790 0.0906570
v -0.0369810 1.7515850 0.0898130
v -0.0354400 1.7516119 0.0886980
v -0.0408150 1.7511860 0.0911290
v -0.0388970 1.7507761 0.0906110
v -0.0371170 1.7504200 0.0897460
v -0.0356130 1.7501431 0.0886130
v -0.0409390 1.7507941 0.0911040
v -0.0391400 1.7500089 0.0905620
v -0.0374710 1.7493050 0.0896750
v -0.0360580 1.7487381 0.0885230
v -0.0411330 1.7504350 0.0910790
v -0.0395230 1.7493041 0.0905120
v -0.0380260 1.7482830 0.0896020
v -0.0367590 1.7474500 0.0884310
v -0.0413930 1.7501240 0.0910540
v -0.0400310 1.7486920 0.0904630
v -0.0387630 1.7473930 0.0895310
v -0.0376880 1.7463270 0.0883420
v -0.0417050 1.7498690 0.0910300
v -0.0406440 1.7481940 0.0904170
v -0.0396530 1.7466700 0.0894640
v -0.0388110 1.7454150 0.0882570
v -0.0420590 1.7496830 0.0910090
v -0.0413390 1.7478290 0.0903750
v -0.0406630 1.7461410 0.0894040
v -0.0400840 1.7447470 0.0881820
v -0.0424420 1.7495720 0.0909920
v -0.0420890 1.7476120 0.0903410
v -0.0417520 1.7458260 0.0893540
v -0.0414560 1.7443510 0.0881180
v -0.0428380 1.7495420 0.0909780
v -0.0428660 1.7475520 0.0903130
v -0.0428790 1.7457380 0.0893140
v -0.0428780 1.7442390 0.0880680
v -0.0432320 1.7495910 0.0909680
v -0.0436390 1.7476490 0.0902950
v -0.0440020 1.7458791 0.0892870
v -0.0442940 1.7444190 0.0880350
v -0.0436100 1.7497200 0.0909640
v -0.0443780 1.7479020 0.0902860
v -0.0450760 1.7462460 0.0892740
v -0.0456470 1.7448800 0.0880180
v -0.0439550 1.7499220 0.0909640
v -0.0450570 1.7482990 0.0902870
v -0.0460610 1.7468230 0.0892750
v -0.0468890 1.7456080 0.0880190
v -0.0442550 1.7501920 0.0909690
v -0.0456470 1.7488260 0.0902970
v -0.0469180 1.7475870 0.0892900
v -0.0479710 1.7465720 0.0880380
v -0.0445010 1.7505161 0.0909790
v -0.0461270 1.7494620 0.0903170
v -0.0476140 1.7485110 0.0893190
v -0.0488490 1.7477371 0.0880750
v -0.0427970 1.7516330 0.0912800
v -0.0446800 1.7508830 0.0909940
v -0.0464780 1.7501841 0.0903450
v -0.0481240 1.7495590 0.0893600
v -0.0494920 1.7490580 0.0881270
v -0.0447870 1.7512810 0.0910120
v -0.0466880 1.7509609 0.0903810
v -0.0484280 1.7506890 0.0894120
v -0.0498740 1.7504820 0.0881920
v -0.0514180 1.7520469 0.0872300
v -0.0536350 1.7521930 0.0854750
v -0.0555040 1.7523590 0.0832110
v -0.0568650 1.7525300 0.0806510
v -0.0576660 1.7527000 0.0778910
v -0.0578780 1.7528610 0.0750410
v -0.0574910 1.7530080 0.0722080
v -0.0565220 1.7531360 0.0695020
v -0.0550060 1.7532380 0.0670260
v -0.0530010 1.7533120 0.0648760
v -0.0505870 1.7533540 0.0631330
v -0.0478550 1.7533630 0.0618660
v -0.0449080 1.7533391 0.0611250
v -0.0512110 1.7538130 0.0873320
v -0.0533740 1.7544160 0.0856030
v -0.0551970 1.7549740 0.0833620
v -0.0565240 1.7554350 0.0808190
v -0.0573050 1.7557840 0.0780700
v -0.0575090 1.7560060 0.0752230
v -0.0571300 1.7560920 0.0723870
v -0.0561810 1.7560410 0.0696700
v -0.0546990 1.7558531 0.0671770
v -0.0527400 1.7555350 0.0650050
v -0.0503820 1.7551020 0.0632350
v -0.0477140 1.7545670 0.0619360
v -0.0448360 1.7539520 0.0611600
v -0.0506760 1.7555020 0.0874410
v -0.0527010 1.7565449 0.0857400
v -0.0544040 1.7574770 0.0835230
v -0.0556430 1.7582160 0.0809960
v -0.0563700 1.7587360 0.0782590
v -0.0565560 1.7590150 0.0754160
v -0.0561950 1.7590450 0.0725760
v -0.0553000 1.7588210 0.0698490
v -0.0539060 1.7583560 0.0673370
v -0.0520670 1.7576640 0.0651410
v -0.0498530 1.7567730 0.0633420
v -0.0473480 1.7557189 0.0620100
v -0.0446500 1.7545400 0.0611980
v -0.0498340 1.7570510 0.0875510
v -0.0516400 1.7584960 0.0858790
v -0.0531570 1.7597700 0.0836860
v -0.0542570 1.7607650 0.0811770
v -0.0548980 1.7614410 0.0784510
v -0.0550560 1.7617750 0.0756120
v -0.0547230 1.7617500 0.0727680
v -0.0539140 1.7613710 0.0700300
v -0.0526590 1.7606500 0.0675010
v -0.0510060 1.7596149 0.0652800
v -0.0490190 1.7583070 0.0634510
v -0.0467740 1.7567739 0.0620850
v -0.0443580 1.7550780 0.0612360
v -0.0487170 1.7583990 0.0876580
v -0.0502330 1.7601939 0.0860140
v -0.0515020 1.7617680 0.0838450
v -0.0524180 1.7629840 0.0813540
v -0.0529460 1.7637970 0.0786390
v -0.0530650 1.7641760 0.0758040
v -0.0527710 1.7641060 0.0729560
v -0.0520750 1.7635900 0.0702070
v -0.0510040 1.7626470 0.0676600
v -0.0495990 1.7613140 0.0654150
v -0.0479140 1.7596420 0.0635570
v -0.0460130 1.7576940 0.0621580
v -0.0439690 1.7555460 0.0612730
v -0.0473680 1.7594960 0.0877600
v -0.0485330 1.7615761 0.0861410
v -0.0495040 1.7633910 0.0839950
v -0.0501980 1.7647890 0.0815210
v -0.0505880 1.7657130 0.0788160
v -0.0506620 1.7661300 0.0759840
v -0.0504130 1.7660220 0.0731330
v -0.0498550 1.7653940 0.0703730
v -0.0490060 1.7642699 0.0678100
v -0.0478990 1.7626950 0.0655430
v -0.0465780 1.7607260 0.0636570
v -0.0450920 1.7584410 0.0622270
v -0.0435010 1.7559280 0.0613090
v -0.0458390 1.7602969 0.0878500
v -0.0466070 1.7625860 0.0862560
v -0.0472380 1.7645791 0.0841290
v -0.0476800 1.7661090 0.0816700
v -0.0479170 1.7671150 0.0789740
v -0.0479380 1.7675591 0.0761450
v -0.0477420 1.7674240 0.0732910
v -0.0473370 1.7667140 0.0705230
v -0.0467400 1.7654589 0.0679440
v -0.0459730 1.7637050 0.0656570
v -0.0450640 1.7615200 0.0637470
v -0.0440510 1.7589869 0.0622890
v -0.0429700 1.7562060 0.0613400
v -0.0441880 1.7607740 0.0879270
v -0.0445270 1.7631860 0.0863520
v -0.0447930 1.7652860 0.0842430
v -0.0449630 1.7668940 0.0817960
v -0.0450320 1.7679490 0.0791090
v -0.0449970 1.7684079 0.0762820
v -0.0448570 1.7682570 0.0734250
v -0.0446200 1.7675000 0.0706490
v -0.0442950 1.7661650 0.0680580
v -0.0438930 1.7643050 0.0657530
v -0.0434310 1.7619920 0.0638230
v -0.0429250 1.7593139 0.0623410
v -0.0423960 1.7563720 0.0613670
v -0.0424790 1.7609080 0.0879870
v -0.0423750 1.7633550 0.0864280
v -0.0422620 1.7654840 0.0843310
v -0.0421520 1.7671140 0.0818950
v -0.0420470 1.7681810 0.0792130
v -0.0419530 1.7686470 0.0763890
v -0.0418720 1.7684900 0.0735300
v -0.0418090 1.7677200 0.0707470
v -0.0417640 1.7663640 0.0681460
v -0.0417410 1.7644740 0.0658290
v -0.0417390 1.7621239 0.0638820
v -0.0417600 1.7594050 0.0623820
v -0.0418020 1.7564180 0.0613870
v -0.0407780 1.7606930 0.0880270
v -0.0402330 1.7630841 0.0864790
v -0.0397430 1.7651660 0.0843920
v -0.0393530 1.7667609 0.0819620
v -0.0390760 1.7678070 0.0792840
v -0.0389230 1.7682630 0.0764610
v -0.0389010 1.7681150 0.0736010
v -0.0390100 1.7673670 0.0708140
v -0.0392450 1.7660450 0.0682060
v -0.0395990 1.7642030 0.0658800
v -0.0400560 1.7619110 0.0639220
v -0.0406000 1.7592580 0.0624100
v -0.0412110 1.7563440 0.0614020
v -0.0391500 1.7601380 0.0880470
v -0.0381810 1.7623850 0.0865040
v -0.0373320 1.7643440 0.0844210
v -0.0366730 1.7658470 0.0819940
v -0.0362310 1.7668370 0.0793190
v -0.0360240 1.7672750 0.0764970
v -0.0360560 1.7671460 0.0736360
v -0.0363300 1.7664520 0.0708470
v -0.0368340 1.7652230 0.0682360
v -0.0375470 1.7635040 0.0659050
v -0.0384450 1.7613620 0.0639420
v -0.0394900 1.7588789 0.0624240
v -0.0406450 1.7561500 0.0614090
v -0.0376580 1.7592640 0.0880460
v -0.0363020 1.7612840 0.0865020
v -0.0351210 1.7630490 0.0844190
v -0.0342170 1.7644080 0.0819920
v -0.0336250 1.7653090 0.0793160
v -0.0333650 1.7657180 0.0764940
v -0.0334500 1.7656180 0.0736330
v -0.0338740 1.7650141 0.0708450
v -0.0346230 1.7639281 0.0682340
v -0.0356680 1.7624030 0.0659030
v -0.0369680 1.7604970 0.0639410
v -0.0384740 1.7582840 0.0624220
v -0.0401260 1.7558470 0.0614080
v -0.0363590 1.7581050 0.0880230
v -0.0346660 1.7598240 0.0864730
v -0.0331970 1.7613320 0.0843850
v -0.0320790 1.7625000 0.0819540
v -0.0313550 1.7632830 0.0792760
v -0.0310510 1.7636520 0.0764530
v -0.0311800 1.7635920 0.0735930
v -0.0317360 1.7631050 0.0708070
v -0.0326990 1.7622110 0.0682000
v -0.0340320 1.7609431 0.0658740
v -0.0356820 1.7593499 0.0639180
v -0.0375870 1.7574940 0.0624070
v -0.0396750 1.7554440 0.0614000
v -0.0353030 1.7567050 0.0879790
v -0.0333350 1.7580600 0.0864180
v -0.0316330 1.7592580 0.0843200
v -0.0303410 1.7601950 0.0818820
v -0.0295090 1.7608360 0.0792000
v -0.0291690 1.7611580 0.0763750
v -0.0293340 1.7611450 0.0735170
v -0.0299980 1.7608010 0.0707350
v -0.0311350 1.7601370 0.0681350
v -0.0327010 1.7591790 0.0658190
v -0.0346370 1.7579640 0.0638750
v -0.0368680 1.7565380 0.0623770
v -0.0393080 1.7549580 0.0613850
v -0.0345310 1.7551180 0.0879170
v -0.0323620 1.7560610 0.0863400
v -0.0304890 1.7569070 0.0842280
v -0.0290690 1.7575830 0.0817790
v -0.0281580 1.7580650 0.0790910
v -0.0277920 1.7583309 0.0762640
v -0.0279830 1.7583730 0.0734080
v -0.0287260 1.7581880 0.0706320
v -0.0299900 1.7577860 0.0680430
v -0.0317280 1.7571800 0.0657410
v -0.0338720 1.7563930 0.0638130
v -0.0363410 1.7554570 0.0623350
v -0.0390400 1.7544060 0.0613630
v -0.0340710 1.7534040 0.0878380
v -0.0317830 1.7539020 0.0862400
v -0.0298080 1.7543690 0.0841110
v -0.0283120 1.7547630 0.0816510
v -0.0273560 1.7550700 0.0789530
v -0.0269740 1.7552780 0.0761230
v -0.0271810 1.7553790 0.0732700
v -0.0279690 1.7553689 0.0705020
v -0.0293100 1.7552490 0.0679260
v -0.0311500 1.7550210 0.0656410
v -0.0334180 1.7546980 0.0637350
v -0.0360270 1.7542890 0.0622810
v -0.0388800 1.7538100 0.0613360
v -0.0339420 1.7516310 0.0877450
v -0.0316210 1.7516690 0.0861240
v -0.0296170 1.7517430 0.0839740
v -0.0281010 1.7518450 0.0814990
v -0.0271320 1.7519720 0.0787910
v -0.0267440 1.7521200 0.0759590
v -0.0269570 1.7522810 0.0731080
v -0.0277580 1.7524509 0.0703500
v -0.0291190 1.7526220 0.0677890
v -0.0309870 1.7527879 0.0655250
v -0.0332900 1.7529430 0.0636430
v -0.0359410 1.7530800 0.0622180
v -0.0388350 1.7531940 0.0613040
v -0.0341490 1.7498660 0.0876430
v -0.0318820 1.7494460 0.0859950
v -0.0299240 1.7491280 0.0838220
v -0.0284420 1.7489400 0.0813300
v -0.0274930 1.7488880 0.0786130
v -0.0271140 1.7489750 0.0757770
v -0.0273180 1.7491970 0.0729300
v -0.0280980 1.7495461 0.0701820
v -0.0294260 1.7500070 0.0676370
v -0.0312480 1.7505651 0.0653960
v -0.0334960 1.7511950 0.0635420
v -0.0360810 1.7518760 0.0621480
v -0.0389070 1.7525810 0.0612680
v -0.0346850 1.7481760 0.0875350
v -0.0325560 1.7473160 0.0858580
v -0.0307170 1.7466249 0.0836620
v -0.0293230 1.7461590 0.0811520
v -0.0284270 1.7459360 0.0784240
v -0.0280660 1.7459660 0.0755840
v -0.0282520 1.7462440 0.0727410
v -0.0289790 1.7467650 0.0700040
v -0.0302190 1.7475040 0.0674770
v -0.0319220 1.7484350 0.0652600
v -0.0340250 1.7495240 0.0634350
v -0.0364460 1.7507240 0.0620740
v -0.0390930 1.7519929 0.0612300
v -0.0355260 1.7466270 0.0874250
v -0.0336170 1.7453650 0.0857200
v -0.0319640 1.7443310 0.0834990
v -0.0307090 1.7436100 0.0809710
v -0.0298990 1.7432311 0.0782310
v -0.0295670 1.7432060 0.0753880
v -0.0297250 1.7435400 0.0725480
v -0.0303660 1.7442160 0.0698230
v -0.0314660 1.7452101 0.0673140
v -0.0329830 1.7464850 0.0651210
v -0.0348580 1.7479900 0.0633260
v -0.0370200 1.7496690 0.0619990
v -0.0393850 1.7514549 0.0611920
v -0.0366430 1.7452790 0.0873170
v -0.0350240 1.7436670 0.0855840
v -0.0336190 1.7423340 0.0833400
v -0.0325480 1.7413909 0.0807940
v -0.0318520 1.7408750 0.0780430
v -0.0315580 1.7408050 0.0751960
v -0.0316770 1.7411840 0.0723600
v -0.0322050 1.7419970 0.0696450
v -0.0331200 1.7432131 0.0671540
v -0.0343900 1.7447860 0.0649850
v -0.0359640 1.7466550 0.0632190
v -0.0377810 1.7487490 0.0619260
v -0.0397740 1.7509871 0.0611550
v -0.0379930 1.7441829 0.0872160
v -0.0367230 1.7422860 0.0854570
v -0.0356170 1.7407100 0.0831900
v -0.0347680 1.7395869 0.0806270
v -0.0342090 1.7389590 0.0778670
v -0.0339610 1.7388510 0.0750160
v -0.0340340 1.7392670 0.0721840
v -0.0344250 1.7401921 0.0694790
v -0.0351190 1.7415900 0.0670050
v -0.0360890 1.7434050 0.0648580
v -0.0372990 1.7455710 0.0631190
v -0.0387020 1.7480021 0.0618570
v -0.0402420 1.7506059 0.0611200
v -0.0418630 1.7532820 0.0609330
v -0.0395220 1.7433820 0.0871260
v -0.0386500 1.7412760 0.0853430
v -0.0378820 1.7395220 0.0830560
v -0.0372850 1.7382660 0.0804780
v -0.0368800 1.7375571 0.0777080
v -0.0366860 1.7374220 0.0748540
v -0.0367050 1.7378660 0.0720250
v -0.0369420 1.7388721 0.0693300
v -0.0373840 1.7404020 0.0668710
v -0.0380160 1.7423950 0.0647440
v -0.0388130 1.7447770 0.0630300
v -0.0397440 1.7474550 0.0617950
v -0.0407740 1.7503270 0.0610880
v -0.0411730 1.7429039 0.0870490
v -0.0407300 1.7406760 0.0852460
v -0.0403270 1.7388149 0.0829420
v -0.0400020 1.7374810 0.0803520
v -0.0397650 1.7367229 0.0775740
v -0.0396260 1.7365730 0.0747180
v -0.0395900 1.7370321 0.0718910
v -0.0396590 1.7380860 0.0692030
v -0.0398290 1.7396950 0.0667570
v -0.0400960 1.7417949 0.0646470
v -0.0404460 1.7443050 0.0629540
v -0.0408690 1.7471290 0.0617430
v -0.0413480 1.7501611 0.0610620
v -0.0428820 1.7427700 0.0869890
v -0.0428820 1.7405070 0.0851710
v -0.0428580 1.7386169 0.0828530
v -0.0428140 1.7372611 0.0802530
v -0.0427500 1.7364910 0.0774700
v -0.0426700 1.7363340 0.0746110
v -0.0425750 1.7368000 0.0717870
v -0.0424710 1.7378660 0.0691050
v -0.0423600 1.7394960 0.0666680
v -0.0422480 1.7416260 0.0645720
v -0.0421380 1.7441730 0.0628950
v -0.0420340 1.7470390 0.0617020
v -0.0419420 1.7501150 0.0610410
v -0.0445830 1.7429850 0.0869480
v -0.0450240 1.7407780 0.0851200
v -0.0453780 1.7389359 0.0827930
v -0.0456130 1.7376140 0.0801860
v -0.0457220 1.7368650 0.0773990
v -0.0457000 1.7367181 0.0745390
v -0.0455470 1.7371740 0.0717150
v -0.0452700 1.7382200 0.0690380
v -0.0448800 1.7398150 0.0666080
v -0.0443900 1.7418970 0.0645210
v -0.0438220 1.7443860 0.0628540
v -0.0431940 1.7471850 0.0616740
v -0.0425330 1.7501900 0.0610270
v -0.0462100 1.7435410 0.0869280
v -0.0470750 1.7414770 0.0850940
v -0.0477890 1.7397580 0.0827640
v -0.0482920 1.7385280 0.0801540
v -0.0485670 1.7378350 0.0773640
v -0.0486000 1.7377050 0.0745030
v -0.0483920 1.7381440 0.0716810
v -0.0479490 1.7391340 0.0690050
v -0.0472910 1.7406369 0.0665780
v -0.0464410 1.7425960 0.0644960
v -0.0454320 1.7449350 0.0628350
v -0.0443040 1.7475640 0.0616610
v -0.0430990 1.7503830 0.0610200
v -0.0477030 1.7444140 0.0869300
v -0.0489550 1.7425770 0.0850960
v -0.0499990 1.7410530 0.0827660
v -0.0507480 1.7399670 0.0801560
v -0.0511730 1.7393630 0.0773660
v -0.0512580 1.7392631 0.0745060
v -0.0509980 1.7396710 0.0716830
v -0.0504050 1.7405730 0.0690080
v -0.0495010 1.7419320 0.0665810
v -0.0483210 1.7436970 0.0644980
v -0.0469100 1.7458000 0.0628360
v -0.0453210 1.7481591 0.0616620
v -0.0436180 1.7506860 0.0610200
v -0.0490020 1.7455730 0.0869530
v -0.0505910 1.7440380 0.0851250
v -0.0519240 1.7427700 0.0828000
v -0.0528870 1.7418751 0.0801940
v -0.0534430 1.7413890 0.0774070
v -0.0535720 1.7413290 0.0745470
v -0.0532680 1.7416980 0.0717240
v -0.0525430 1.7424810 0.0690460
v -0.0514260 1.7436490 0.0666150
v -0.0499570 1.7451570 0.0645260
v -0.0481950 1.7469471 0.0628590
v -0.0462070 1.7489500 0.0616770
v -0.0440680 1.7510900 0.0610280
v -0.0500580 1.7469730 0.0869960
v -0.0519220 1.7458010 0.0851800
v -0.0534880 1.7448440 0.0828640
v -0.0546250 1.7441800 0.0802660
v -0.0552890 1.7438350 0.0774830
v -0.0554540 1.7438231 0.0746240
v -0.0551140 1.7441440 0.0718000
v -0.0542820 1.7447850 0.0691170
v -0.0529900 1.7457230 0.0666790
v -0.0512880 1.7469200 0.0645810
v -0.0492400 1.7483330 0.0629020
v -0.0469270 1.7499050 0.0617070
v -0.0444360 1.7515750 0.0610430
v -0.0508300 1.7485610 0.0870590
v -0.0528950 1.7478009 0.0852590
v -0.0546320 1.7471950 0.0829570
v -0.0558970 1.7467920 0.0803690
v -0.0566390 1.7466080 0.0775920
v -0.0568310 1.7466500 0.0747360
v -0.0564640 1.7469161 0.0719090
v -0.0555540 1.7473980 0.0692200
v -0.0541340 1.7480741 0.0667720
v -0.0522610 1.7489200 0.0646600
v -0.0500050 1.7499040 0.0629640
v -0.0474530 1.7509860 0.0617500
v -0.0447040 1.7521271 0.0610650
v -0.0512900 1.7502739 0.0871380
v -0.0534730 1.7499599 0.0853580
v -0.0553130 1.7497320 0.0830740
v -0.0566540 1.7496120 0.0804980
v -0.0574420 1.7496010 0.0777300
v -0.0576480 1.7497020 0.0748760
v -0.0572670 1.7499100 0.0720470
v -0.0563100 1.7502180 0.0693500
v -0.0548150 1.7506120 0.0668890
v -0.0528390 1.7510790 0.0647600
v -0.0504590 1.7515990 0.0630420
v -0.0477670 1.7521540 0.0618030
v -0.0448640 1.7527230 0.0610920
# 5023 vertices, 0 vertices normals

f 4 2 1
f 8 6 5
f 13 15 14
f 17 19 18
f 32 30 29
f 36 34 33
f 37 39 38
f 21 23 20
f 25 27 24
f 41 43 42
f 48 46 45
f 52 50 49
f 53 55 54
f 60 58 57
f 29 62 61
f 66 64 63
f 67 6 68
f 72 70 69
f 76 74 73
f 77 79 78
f 81 83 82
f 59 86 85
f 88 90 89
f 96 94 93
f 100 98 97
f 101 103 102
f 106 34 87
f 108 115 107
f 117 36 118
f 124 126 125
f 131 129 128
f 132 134 133
f 142 140 139
f 148 60 147
f 144 127 124
f 149 151 150
f 156 154 153
f 159 158 157
f 116 164 105
f 171 169 168
f 174 173 172
f 179 181 180
f 186 188 187
f 194 196 195
f 199 139 198
f 206 208 207
f 213 211 210
f 202 214 201
f 96 216 54
f 92 43 44
f 97 246 100
f 250 229 228
f 252 58 253
f 258 256 255
f 260 229 259
f 110 112 113
f 114 263 109
f 265 267 266
f 56 270 269
f 274 249 250
f 185 63 64
f 280 278 276
f 285 283 157
f 288 211 212
f 141 92 46
f 289 175 176
f 148 105 106
f 312 170 171
f 238 42 43
f 318 160 317
f 310 308 307
f 241 325 324
f 160 240 317
f 47 307 308
f 108 315 164
f 345 86 119
f 348 350 349
f 356 358 357
f 355 353 352
f 363 32 362
f 149 150 176
f 364 253 365
f 366 368 367
f 183 371 63
f 163 161 160
f 209 101 208
f 378 165 166
f 379 381 380
f 383 3 4
f 284 386 385
f 387 389 388
f 391 229 249
f 73 397 396
f 405 407 406
f 203 411 410
f 414 413 412
f 1 357 4
f 277 131 275
f 254 57 58
f 358 415 351
f 417 386 408
f 401 192 420
f 419 127 143
f 421 182 422
f 103 302 409
f 428 368 174
f 380 359 356
f 62 266 323
f 140 431 430
f 357 351 348
f 356 379 380
f 415 403 434
f 437 436 435
f 438 440 439
f 188 450 449
f 452 454 453
f 265 181 421
f 224 64 225
f 237 213 427
f 275 128 458
f 281 460 459
f 50 79 461
f 73 282 281
f 468 466 465
f 390 352 359
f 482 484 483
f 489 487 486
f 493 495 494
f 472 470 469
f 502 500 499
f 220 222 223
f 512 143 66
f 518 511 80
f 513 230 286
f 205 31 244
f 189 451 188
f 163 532 8
f 533 225 251
f 446 447 412
f 335 540 334
f 544 546 545
f 329 291 292
f 199 262 238
f 385 416 550
f 532 191 247
f 363 118 243
f 236 237 250
f 578 580 579
f 573 571 570
f 561 562 272
f 241 259 240
f 590 592 591
f 545 595 594
f 503 155 504
f 606 624 623
f 478 480 479
f 646 648 647
f 590 689 684
f 564 651 650
f 728 184 727
f 714 716 715
f 692 575 693
f 541 581 578
f 346 248 400
f 161 230 160
f 128 94 95
f 698 704 703
f 574 576 575
f 290 401 328
f 630 725 726
f 733 735 734
f 755 496 493
f 759 481 760
f 757 762 761
f 764 466 467
f 768 3808 3809
f 759 488 489
f 492 475 771
f 474 769 473
f 773 465 772
f 771 486 483
f 484 775 491
f 774 489 486
f 495 764 756
f 495 761 494
f 137 784 136
f 325 797 547
f 165 51 52
f 369 29 370
f 730 568 569
f 90 301 89
f 243 516 242
f 800 806 805
f 817 808 816
f 816 823 822
f 306 447 807
f 815 809 808
f 829 828 825
f 726 501 502
f 274 424 423
f 879 881 880
f 884 879 885
f 219 217 211
f 906 904 897
f 455 205 542
f 898 830 829
f 903 880 881
f 906 897 898
f 377 519 165
f 923 948 946
f 946 951 950
f 3519 739 3517
f 900 886 880
f 225 65 144
f 182 442 422
f 809 947 824
f 954 962 961
f 927 965 966
f 885 880 886
f 925 966 967
f 343 341 340
f 965 971 968
f 968 970 969
f 972 969 973
f 963 981 978
f 336 338 339
f 992 827 828
f 810 996 959
f 1007 1002 1008
f 1012 827 1009
f 1011 1007 1008
f 294 292 291
f 907 920 919
f 1017 1019 1018
f 1020 1022 1021
f 1035 1020 1044
f 1061 1047 1046
f 1063 1046 1062
f 1044 1021 1045
f 1102 1097 1109
f 1116 1118 1117
f 1016 1014 1013
f 881 904 903
f 816 1127 817
f 1094 949 1097
f 514 167 515
f 146 81 82
f 1133 1130 1129
f 1102 1126 822
f 822 1116 816
f 1145 1148 1136
f 1076 1151 1069
f 1148 1086 1087
f 1109 1114 1136
f 1154 1156 1155
f 1153 967 1156
f 3464 463 3714
f 1144 1152 1151
f 1156 1163 1162
f 1164 1169 1165
f 1145 1176 1147
f 1114 1154 1171
f 1183 1164 1177
f 1184 1177 1185
f 1069 1062 1064
f 1023 1194 1022
f 1162 1170 1169
f 1195 1185 1191
f 1183 1176 1155
f 1201 1152 1196
f 1061 1201 1202
f 3825 843 3836
f 1203 1195 1034
f 1202 1184 1195
f 1218 1203 1217
f 1060 1202 1203
f 1225 1217 1219
f 671 694 670
f 1219 1024 1035
f 1217 1034 1024
f 1226 1015 1227
f 1243 1234 1233
f 1231 1229 1228
f 847 1233 843
f 843 1244 878
f 1233 1245 1244
f 1923 233 216
f 2100 499 500
f 3914 2135 3900
f 61 323 505
f 210 217 457
f 1299 1309 1300
f 3863 1231 3862
f 1066 1321 1322
f 1322 1228 1229
f 1060 1321 1047
f 1325 1323 1310
f 1244 1332 1330
f 1290 1242 1288
f 1337 1339 1338
f 1330 1340 1339
f 1341 1245 1294
f 1342 1332 1341
f 1343 1341 1344
f 1344 1294 1293
f 3857 1345 1346
f 1347 1342 1343
f 3856 1295 1345
f 1349 1348 1347
f 3861 1347 3853
f 3853 1343 3857
f 906 829 1353
f 905 1353 1354
f 865 1355 1357
f 1355 829 825
f 1357 825 826
f 1356 1353 1355
f 3834 1338 3833
f 866 1356 865
f 1358 1354 1356
f 3828 1337 3834
f 838 1012 841
f 1363 1338 1339
f 1368 1339 1340
f 1348 1340 1342
f 1371 3824 3829
f 524 526 523
f 528 530 527
f 1372 1369 1371
f 535 537 538
f 1367 1348 1350
f 1370 1359 1369
f 1369 3833 3824
f 1373 903 904
f 555 557 558
f 1374 910 1373
f 1373 905 1375
f 1374 1375 1376
f 1375 1354 1370
f 1378 908 1377
f 376 651 1387
f 1388 973 969
f 586 588 585
f 1390 1388 1391
f 1391 969 970
f 597 599 596
f 600 602 603
f 1392 970 979
f 608 610 607
f 612 523 611
f 614 616 613
f 617 25 24
f 620 622 619
f 1397 1391 1392
f 1398 1392 1399
f 1400 920 1378
f 1402 1165 1169
f 636 638 635
f 930 1402 929
f 641 643 644
f 929 1169 1170
f 1404 1403 1402
f 1411 1365 1406
f 1412 1415 1414
f 652 654 655
f 609 657 658
f 659 661 662
f 558 586 585
f 665 667 664
f 1413 1406 1412
f 1418 3810 3813
f 1417 1371 1416
f 1416 3829 3810
f 1419 1416 1418
f 1386 1374 1420
f 677 679 676
f 1385 1420 1421
f 1420 1376 1422
f 685 687 688
f 1421 1422 1423
f 528 691 658
f 1422 1372 1417
f 1018 747 1425
f 699 701 702
f 1424 579 1017
f 3663 1767 3660
f 700 711 712
f 1093 3754 1571
f 717 530 719
f 721 723 720
f 704 3543 3554
f 19 1426 1430
f 1429 1427 1426
f 1658 3542 3544
f 1439 1434 1438
f 1437 1435 1434
f 1426 1433 1432
f 1442 1432 1440
f 742 744 745
f 1432 1441 1440
f 751 753 750
f 1438 1403 1405
f 1446 1444 1443
f 1447 1446 1443
f 3860 1443 3848
f 1415 1445 1446
f 1414 1446 1448
f 2173 469 470
f 777 779 686
f 780 782 783
f 1676 1806 1675
f 3859 1349 3861
f 789 791 788
f 745 793 742
f 652 795 653
f 1455 1457 1456
f 1454 1350 1452
f 610 802 801
f 3831 698 703
f 1352 1045 1351
f 1015 1459 1460
f 811 813 814
f 2118 3817 2117
f 819 821 818
f 1466 1194 1190
f 1467 1465 1466
f 1182 1468 1467
f 832 833 831
f 835 837 834
f 1467 1190 1182
f 1469 1444 1445
f 840 712 690
f 1453 1469 1454
f 599 845 846
f 1226 3849 3855
f 851 853 850
f 855 856 854
f 858 860 857
f 861 863 864
f 1014 3855 3858
f 867 868 869
f 870 872 873
f 874 876 877
f 1310 1471 1309
f 1476 1427 1475
f 1461 1475 1460
f 887 889 890
f 788 892 891
f 894 896 893
f 1460 1227 1015
f 901 524 612
f 1465 1477 1464
f 1865 3500 1864
f 911 913 914
f 916 918 915
f 1850 3507 1851
f 921 895 894
f 1479 1436 1478
f 926 667 601
f 1481 563 1480
f 269 84 1482
f 931 933 916
f 934 614 869
f 936 688 937
f 938 662 939
f 1484 122 123
f 941 835 834
f 320 509 510
f 1849 3505 1850
f 84 1484 83
f 1487 1488 539
f 1757 3502 3509
f 365 1491 364
f 461 80 511
f 117 362 1496
f 1494 541 1495
f 926 957 958
f 1477 1433 1476
f 1709 1585 1700
f 119 1496 345
f 271 504 156
f 511 189 186
f 345 1492 365
f 255 344 254
f 57 299 132
f 1501 268 1500
f 267 1499 145
f 974 976 977
f 1678 1693 1676
f 3846 1807 3840
f 557 663 558
f 983 984 985
f 1443 3849 3848
f 421 268 265
f 989 991 988
f 1490 418 1504
f 279 309 310
f 997 676 679
f 998 999 875
f 1504 38 1505
f 1506 1507 1486
f 360 1508 1506
f 1506 207 360
f 939 1006 938
f 270 1483 269
f 66 546 512
f 1010 793 935
f 367 437 1509
f 244 363 243
f 1670 3534 1669
f 209 1510 226
f 235 1512 1511
f 1511 234 235
f 388 426 425
f 427 250 237
f 161 521 231
f 100 45 44
f 1025 608 1027
f 1029 1031 1028
f 939 1033 1032
f 41 594 99
f 1036 783 1037
f 702 1038 1039
f 1040 1042 1043
f 362 369 1493
f 187 477 186
f 70 539 198
f 1511 1521 234
f 1049 603 1048
f 613 869 614
f 860 1051 857
f 1005 1053 1006
f 753 1056 1054
f 1057 1059 1055
f 293 1522 292
f 288 1521 1522
f 292 1523 329
f 331 1508 1524
f 306 453 305
f 100 41 99
f 462 78 79
f 330 1524 462
f 635 1068 636
f 1485 1526 1528
f 206 1528 1510
f 1070 1072 831
f 942 1073 1074
f 916 1075 917
f 440 1530 439
f 157 1514 285
f 1529 5 1530
f 371 546 63
f 790 663 791
f 1077 857 1078
f 1403 1435 1165
f 1080 1082 1079
f 531 1529 440
f 21 1084 1085
f 272 1531 561
f 137 396 397
f 690 802 691
f 335 3567 581
f 1090 1029 1091
f 1092 794 1042
f 1533 137 138
f 661 1095 1096
f 69 445 72
f 1099 1101 1098
f 38 1536 1505
f 1104 1106 1103
f 852 1108 853
f 1377 909 1386
f 291 411 294
f 316 516 33
f 539 1533 534
f 1505 316 313
f 1110 1112 1113
f 1539 460 264
f 522 1537 1539
f 834 1120 1119
f 1122 1124 1121
f 612 1041 901
f 935 615 614
f 276 130 131
f 1686 3522 1685
f 193 1541 273
f 231 1540 287
f 556 982 557
f 365 85 345
f 190 318 1541
f 1810 3574 3528
f 3924 3512 3791
f 1132 985 1131
f 208 102 132
f 1134 662 661
f 1491 80 77
f 429 1542 147
f 1137 915 918
f 172 428 174
f 1139 1141 1142
f 549 54 55
f 1517 1518 296
f 976 1146 938
f 834 984 941
f 1543 286 115
f 1544 239 513
f 133 1544 1542
f 506 257 258
f 420 328 401
f 1158 1160 1157
f 587 1103 588
f 1513 1514 151
f 607 1027 608
f 304 1545 303
f 364 77 506
f 69 198 139
f 1006 976 938
f 700 1112 701
f 3877 3525 3787
f 1166 657 656
f 1167 858 1077
f 1300 3524 1299
f 1172 1174 1175
f 218 200 217
f 1179 1181 1178
f 372 97 98
f 89 227 88
f 1186 1188 1189
f 172 1517 1549
f 1482 81 1498
f 1090 1193 1030
f 394 353 1551
f 526 1198 1197
f 811 858 812
f 1199 1026 1025
f 606 697 696
f 1204 1206 743
f 1207 523 526
f 1209 867 613
f 914 685 936
f 1478 1441 1477
f 1029 1161 1091
f 1211 1213 1214
f 3858 1451 3859
f 844 1216 845
f 423 273 274
f 1220 1222 1083
f 22 1224 23
f 882 897 881
f 1519 173 387
f 1189 1232 1178
f 349 550 416
f 1071 1236 1072
f 1237 1239 745
f 1221 1189 1240
f 1510 1512 333
f 939 1241 1005
f 1556 5 67
f 1553 394 1551
f 404 67 347
f 1247 1249 1246
f 142 238 92
f 1251 635 1250
f 850 1253 851
f 1254 1077 1255
f 57 133 429
f 443 552 551
f 1187 1175 1188
f 1256 831 833
f 432 382 383
f 741 747 746
f 434 351 415
f 349 383 348
f 251 1481 1480
f 395 352 353
f 1518 1550 1551
f 1558 378 340
f 109 314 315
f 285 1513 407
f 395 393 392
f 202 410 1558
f 417 405 432
f 1246 1258 1247
f 3 297 2
f 1259 1261 1262
f 403 347 284
f 955 953 952
f 462 51 330
f 1096 687 1263
f 429 60 57
f 896 1265 932
f 1267 1268 1266
f 423 327 420
f 37 180 40
f 20 1187 1186
f 1256 1071 1070
f 155 156 504
f 1188 1269 1232
f 1236 1271 1262
f 1272 535 621
f 565 463 464
f 1273 745 1239
f 876 1255 1274
f 316 164 315
f 437 503 1509
f 194 1495 197
f 1275 864 863
f 624 631 630
f 1277 1137 1278
f 569 567 566
f 1481 125 366
f 324 547 326
f 1279 1107 1280
f 1525 329 1523
f 1281 1137 918
f 171 1553 1552
f 1488 396 1533
f 1557 1562 1559
f 1282 1206 1205
f 1053 1278 1281
f 778 607 1283
f 713 3566 3569
f 251 144 124
f 4 348 383
f 709 707 706
f 728 45 246
f 261 1563 544
f 789 1287 790
f 74 263 282
f 403 385 434
f 1178 1240 1189
f 1223 1289 1224
f 158 150 151
f 1220 1186 1221
f 296 354 433
f 784 1538 1566
f 1181 1291 1222
f 1269 1257 1246
f 1566 438 399
f 136 1566 1564
f 1563 169 1565
f 107 109 108
f 1297 1298 1296
f 1464 1476 1461
f 1520 507 508
f 1301 1303 1304
f 1306 1308 1305
f 175 1532 272
f 1532 200 201
f 1311 1312 1313
f 872 1315 1316
f 1317 1318 1319
f 3836 878 3828
f 1305 864 1276
f 1040 863 1320
f 1564 399 169
f 592 1575 591
f 591 1088 689
f 1581 1583 1582
f 1196 1147 1176
f 710 583 713
f 285 408 386
f 953 961 963
f 1594 1589 1593
f 1585 1587 1586
f 1592 1590 1589
f 3885 944 3899
f 1600 1598 1597
f 1604 1602 1601
f 1399 979 980
f 1589 1596 1595
f 1610 1608 1607
f 298 361 360
f 551 276 277
f 1627 3814 3819
f 859 818 860
f 1078 1328 1329
f 1555 1530 1556
f 572 680 681
f 772 776 774
f 977 918 917
f 404 392 393
f 1054 750 753
f 1644 1643 1642
f 932 1082 933
f 1067 1334 1068
f 1540 264 114
f 597 643 1336
f 471 762 470
f 1642 3831 3842
f 1644 3842 3843
f 923 950 927
f 96 548 95
f 520 522 521
f 445 443 442
f 849 848 842
f 480 755 493
f 1646 481 1639
f 311 1567 170
f 464 3497 3495
f 3497 1361 3495
f 234 236 235
f 190 192 191
f 153 152 149
f 231 286 230
f 1552 1551 1550
f 760 1648 488
f 3832 1649 3830
f 828 826 825
f 52 166 165
f 1663 1661 1660
f 287 115 286
f 668 670 669
f 634 640 639
f 553 559 554
f 118 33 516
f 492 491 490
f 3552 1651 3553
f 582 584 583
f 384 392 415
f 1381 1383 1380
f 1562 435 436
f 952 951 947
f 3529 583 584
f 1660 1667 1666
f 1394 1396 1393
f 1660 1664 1663
f 1671 1669 1668
f 1624 1673 1672
f 1407 1409 1410
f 1677 1675 1674
f 1613 1677 1625
f 1679 1676 1677
f 1626 3811 3814
f 534 198 539
f 176 150 159
f 803 734 800
f 400 191 192
f 65 143 144
f 3526 1656 3540
f 402 157 283
f 629 627 626
f 461 49 50
f 758 495 756
f 796 786 785
f 406 1513 1560
f 342 166 167
f 1694 1658 1695
f 1692 1694 1696
f 3557 1652 3552
f 3921 1703 3923
f 326 302 90
f 3916 1702 1706
f 3919 1698 1701
f 1699 3927 3918
f 1557 1560 1561
f 1127 1117 1128
f 400 289 346
f 1706 1707 1708
f 1707 1599 1600
f 1709 1708 1588
f 1714 1711 1713
f 3919 1709 1700
f 1704 1577 1703
f 1716 1713 1715
f 1559 1549 297
f 1722 1720 1719
f 1335 596 1489
f 410 377 378
f 973 1163 972
f 168 399 398
f 1571 1089 1093
f 1572 682 1571
f 749 647 754
f 1730 1723 1729
f 1594 1729 1592
f 1729 1591 1592
f 1731 1730 1583
f 1384 1377 1379
f 1732 1712 1714
f 1724 1731 1732
f 1712 1731 1580
f 1722 1732 1733
f 1721 1733 1734
f 1734 1716 1717
f 1735 1736 1697
f 1733 1714 1716
f 1663 1741 1668
f 1742 1740 1743
f 1738 1737 1735
f 1665 1666 1740
f 1665 1744 1664
f 1725 1746 1745
f 1591 1745 1590
f 1590 1747 1596
f 1745 1748 1747
f 1659 3538 3542
f 3287 3545 3282
f 1185 1182 1190
f 1664 1749 1741
f 1741 1739 1738
f 1746 1743 1748
f 1726 1742 1746
f 1153 924 925
f 1115 1153 1154
f 1654 3575 1655
f 1896 3549 1686
f 1720 1744 1726
f 1721 1749 1720
f 1750 1701 1698
f 1697 1750 1696
f 1151 1063 1062
f 1751 1670 1671
f 1695 1752 1751
f 961 986 981
f 1770 1768 1767
f 1766 1593 1765
f 1731 1579 1580
f 1579 1774 1578
f 3928 1771 3929
f 1764 3928 3917
f 1777 1775 1774
f 3762 1699 1700
f 1004 1128 1003
f 1774 1771 1772
f 987 1399 980
f 1578 1772 1764
f 1783 1781 1778
f 1597 1770 1767
f 639 3895 3884
f 3928 1769 1770
f 1793 1789 1788
f 3929 1798 1769
f 3508 3773 1806
f 1802 3924 3922
f 1788 1794 1793
f 1793 1795 1776
f 3773 1675 1806
f 1584 1783 1789
f 1771 3920 3929
f 1801 1798 1800
f 1768 1798 1799
f 1775 1797 1771
f 508 515 1520
f 1796 1802 1797
f 1800 3920 3922
f 1794 1804 1795
f 3532 1752 3547
f 485 1807 775
f 3809 1640 768
f 3837 1810 1653
f 485 1640 1808
f 1690 3770 3772
f 487 1648 1811
f 3839 1816 3822
f 3838 1648 3830
f 3839 1811 3838
f 1812 487 1811
f 1641 767 768
f 465 755 776
f 767 3823 3808
f 3822 3826 3847
f 1809 1815 767
f 3837 1651 3840
f 675 3541 3496
f 1814 1822 1821
f 1821 3821 3820
f 1824 1649 1825
f 1827 1850 1805
f 1668 1662 1663
f 1779 1848 1828
f 1790 1805 1794
f 1833 1853 1852
f 3521 693 575
f 1614 1616 1617
f 1852 3498 3501
f 1620 1622 1623
f 1855 1574 1861
f 1847 3501 3513
f 1766 1855 1782
f 1629 1631 1628
f 1633 1634 1632
f 1635 1637 1638
f 1848 1852 1847
f 1855 1863 1862
f 1803 1867 1802
f 1862 1831 1832
f 1782 1862 1781
f 3922 1865 1800
f 1873 1870 1869
f 1874 799 804
f 2045 3897 2044
f 1219 1295 1225
f 1615 1396 1395
f 3884 1877 1876
f 645 3786 3559
f 1345 1035 1346
f 634 3884 3880
f 15 1327 14
f 3910 1878 1893
f 1894 605 1893
f 3506 627 693
f 3560 645 3559
f 340 454 1558
f 1897 195 1898
f 1889 1877 1890
f 1901 129 1900
f 196 754 232
f 1705 3921 3916
f 340 166 343
f 1570 563 561
f 1904 194 1897
f 1781 1832 1780
f 1905 55 1906
f 1000 995 996
f 986 920 987
f 1191 1190 1194
f 2094 2075 2093
f 1920 1919 1915
f 453 1912 1911
f 1915 1918 1916
f 3882 2106 3901
f 1655 3531 1868
f 1916 1926 1925
f 704 3561 703
f 278 1925 1900
f 3565 1818 1820
f 1097 1115 1114
f 1927 727 1923
f 3578 3654 3758
f 1920 307 1929
f 1929 48 728
f 503 1497 1509
f 1902 787 796
f 1816 3820 3826
f 1925 1923 1924
f 1535 1568 1534
f 254 258 255
f 1509 366 367
f 119 35 36
f 219 293 294
f 141 47 431
f 542 244 245
f 1940 430 431
f 1779 1827 1790
f 1701 3915 3919
f 1661 3515 1667
f 270 754 647
f 197 749 196
f 1727 1212 1211
f 53 232 754
f 1465 1479 1478
f 1284 3854 1293
f 1951 412 413
f 168 1554 1553
f 1486 206 207
f 506 78 361
f 994 1007 993
f 951 963 964
f 1013 3861 1351
f 3826 1820 1818
f 1498 1954 1482
f 299 543 132
f 1754 1756 1753
f 1681 1683 1682
f 1696 1695 1697
f 13 738 737
f 473 475 474
f 482 768 1640
f 204 30 205
f 1761 820 819
f 611 1125 612
f 1501 1908 1909
f 1074 711 699
f 1960 82 83
f 120 1960 123
f 35 87 34
f 1773 1025 1031
f 1965 1569 1535
f 494 471 479
f 1966 1969 1968
f 446 1971 1967
f 174 125 126
f 1580 1578 1577
f 1785 1787 1784
f 1972 304 305
f 1254 875 999
f 1973 342 514
f 321 1973 509
f 1910 275 1907
f 509 514 508
f 1486 1527 1485
f 1974 804 1975
f 1977 1974 1978
f 1980 1966 1981
f 379 2 295
f 1718 1710 1701
f 884 992 883
f 1680 1678 1679
f 902 525 524
f 344 256 299
f 135 137 136
f 236 228 333
f 448 1967 1966
f 589 604 584
f 910 908 907
f 1981 1968 1987
f 1982 1987 1979
f 1988 1987 1989
f 1990 1989 1991
f 1991 1993 1992
f 322 320 319
f 992 830 883
f 1144 1086 1143
f 1995 1978 1994
f 1133 1118 1126
f 1997 1994 1996
f 870 1335 1489
f 805 1982 1998
f 727 2000 1999
f 1996 1988 1990
f 1994 1979 1988
f 1829 792 1273
f 1830 941 983
f 798 800 799
f 729 731 730
f 2011 2023 2022
f 1834 846 1159
f 402 284 347
f 2022 2024 2025
f 1838 989 988
f 810 952 809
f 1823 1840 644
f 1430 1432 1431
f 1215 1841 1079
f 149 176 177
f 1316 873 872
f 2112 1384 2106
f 1842 1844 1845
f 1159 845 1160
f 837 1846 1120
f 1971 2030 2027
f 517 370 189
f 858 833 812
f 1471 2027 1888
f 3551 626 627
f 2174 770 490
f 935 1854 1010
f 1613 1611 1618
f 1231 1225 1295
f 1856 891 892
f 1300 748 741
f 1150 1858 1859
f 1643 696 1642
f 1215 1264 1216
f 1320 902 901
f 1956 1944 1960
f 2031 669 1474
f 2034 1310 1299
f 1879 1656 1657
f 40 242 39
f 1992 2039 1456
f 888 957 889
f 1882 1996 1990
f 1078 1255 1077
f 1871 1192 1090
f 294 218 219
f 1323 2026 1471
f 123 83 1484
f 1324 2041 1323
f 384 359 352
f 1324 2038 2036
f 1883 1885 1829
f 287 114 107
f 1096 1134 661
f 915 931 916
f 806 1981 1982
f 3533 584 604
f 1425 2042 1018
f 1018 1948 1017
f 3562 740 3519
f 1948 649 646
f 1881 1990 1991
f 1900 130 278
f 992 994 993
f 923 925 924
f 3878 2047 3876
f 1643 625 606
f 2050 2051 2049
f 2045 1404 2047
f 3876 945 3885
f 1139 1079 1841
f 1037 892 982
f 2055 2057 2056
f 1198 718 717
f 1619 1612 1611
f 2058 1606 2059
f 2059 1607 2058
f 2058 1624 1605
f 71 179 37
f 405 1557 382
f 976 1006 977
f 322 1972 1911
f 2061 2063 2062
f 2066 2067 1825
f 2052 2064 2051
f 1609 2066 1647
f 1515 152 1516
f 1009 993 1007
f 1644 3815 2118
f 279 1916 278
f 1285 3862 1284
f 1647 1825 1649
f 2056 2067 2065
f 319 1953 1952
f 667 1913 1914
f 2070 625 2048
f 2052 2055 2063
f 2038 1655 1458
f 1606 2073 2072
f 1235 1270 1236
f 2072 2075 2074
f 2059 2072 2062
f 2074 2077 2076
f 1601 2078 2073
f 2049 1643 1645
f 1000 1001 994
f 1089 684 689
f 1931 1306 1930
f 1462 1021 1022
f 1932 1934 1935
f 875 1846 998
f 1936 1937 1938
f 44 46 92
f 1534 1956 120
f 1541 317 391
f 2081 2084 2083
f 146 1959 300
f 1360 1942 1361
f 985 1032 1033
f 1995 1892 2043
f 2079 2082 2081
f 2095 2076 2077
f 2081 2078 2079
f 2055 2054 2053
f 501 2095 500
f 2097 2099 2098
f 2098 2094 2083
f 2140 3893 3866
f 2141 3894 3893
f 2051 2048 2049
f 592 2101 1576
f 2071 2076 2096
f 2102 2098 2101
f 593 2102 592
f 1019 746 747
f 1950 12 1327
f 725 2096 501
f 1385 2104 1379
f 1379 2106 1384
f 2107 2100 2097
f 3908 502 3896
f 3896 499 3901
f 940 2109 944
f 928 1170 973
f 3868 684 3899
f 1962 1964 1961
f 3878 573 3897
f 2039 1968 1969
f 1389 2110 2109
f 1398 2113 1397
f 3757 3753 3743
f 3911 2107 2103
f 949 924 1115
f 260 324 326
f 1390 2113 2110
f 2070 2064 2071
f 3867 2103 593
f 2105 1421 2114
f 2114 1423 2115
f 3892 2115 3903
f 3908 2114 3892
f 554 1902 553
f 972 967 966
f 1765 1573 1574
f 1984 1986 1983
f 2053 2069 2057
f 3573 724 714
f 1625 1674 1673
f 3881 2119 2122
f 3903 2123 3904
f 56 1906 55
f 626 3879 629
f 2001 2003 2004
f 3912 2127 3907
f 2006 2008 2009
f 2127 1412 2128
f 2014 2016 2017
f 2018 2020 2021
f 1495 1947 197
f 1379 1386 1385
f 3814 1680 1618
f 2029 1884 2028
f 3902 2120 3887
f 629 3914 3872
f 682 943 1089
f 724 2121 716
f 1757 3821 3845
f 765 3844 3809
f 3851 715 3852
f 706 3870 3872
f 981 987 980
f 1457 1656 1880
f 2017 2032 2033
f 1458 1868 1457
f 1776 1792 1793
f 1959 1946 1958
f 3663 3725 3661
f 3913 2122 3850
f 1093 689 1088
f 966 968 972
f 3852 3881 3913
f 2172 2170 2171
f 670 2137 669
f 3761 1903 233
f 1429 28 1449
f 964 978 971
f 3841 1413 2127
f 1473 669 2137
f 3834 1359 1358
f 2138 1870 2137
f 1872 2137 1870
f 715 3888 3881
f 1881 1992 1880
f 3843 739 740
f 1837 3513 3514
f 253 59 85
f 1808 3840 1807
f 1647 3818 1609
f 3865 671 668
f 2112 3883 2111
f 1405 2044 1438
f 3829 1364 1366
f 273 391 249
f 576 3520 3555
f 3875 668 2031
f 1430 2140 2139
f 2136 3860 28
f 1430 18 19
f 3893 570 695
f 1442 2046 2141
f 1431 2141 2140
f 3869 3850 2136
f 3808 1817 766
f 3866 695 671
f 2142 798 2138
f 571 2142 694
f 3819 1618 1611
f 2143 2025 2142
f 694 2138 670
f 681 2144 572
f 2144 2022 2143
f 328 457 290
f 1572 2011 2144
f 630 3903 624
f 2085 2087 2088
f 2090 2092 2089
f 572 2143 571
f 1875 2153 2149
f 1873 2149 2154
f 2103 2097 2102
f 2157 2155 2156
f 2128 1414 2120
f 3874 589 582
f 3872 628 629
f 2149 2158 2159
f 2159 3905 3890
f 698 3902 705
f 3823 3827 1817
f 2158 3874 3905
f 1438 2046 1439
f 2035 2160 2161
f 2161 3889 3886
f 3871 605 589
f 3873 18 3875
f 370 61 451
f 649 413 648
f 2153 2156 2158
f 1428 1449 1450
f 1490 73 1488
f 3890 710 633
f 2155 3891 3871
f 1456 1880 1992
f 2125 2087 2124
f 2160 3890 3889
f 300 505 323
f 1064 1046 1065
f 2043 1891 2155
f 2129 2004 2003
f 2131 2133 2134
f 3848 1450 1449
f 1998 804 805
f 3879 3864 3914
f 474 490 770
f 1164 1182 1177
f 707 3909 3870
f 708 2162 707
f 2162 3886 3909
f 548 1905 458
f 1145 1114 1171
f 705 1650 704
f 2043 1977 1995
f 737 554 559
f 1034 1191 1023
f 458 1907 275
f 195 232 233
f 2040 1969 1970
f 2145 2147 2148
f 2054 2049 1645
f 3832 1639 3818
f 9 11 10
f 252 506 258
f 472 479 471
f 1865 3791 3503
f 900 910 907
f 1941 2151 1942
f 1921 1927 1919
f 2163 1898 2116
f 271 153 178
f 1904 12 9
f 282 264 460
f 1872 2154 2035
f 1326 1897 2163
f 628 693 627
f 1724 1719 1723
f 1549 436 172
f 1582 1730 1729
f 1921 1929 1928
f 3563 10 11
f 2152 1950 1949
f 475 774 771
f 769 2171 473
f 2171 476 473
f 476 772 475
f 1791 464 1760
f 2166 2168 2169
f 595 372 98
f 483 1641 482
f 762 2173 470
f 771 484 492
f 486 1809 483
f 297 1517 296
f 763 2174 762
f 776 759 489
f 184 2176 2000
f 412 303 414
f 2005 185 224
f 3811 1682 3846
f 2164 756 764
f 1472 2161 2162
f 950 964 965
f 2177 2179 2180
f 227 1510 333
f 764 467 2164
f 2182 2184 2181
f 2186 2018 2185
f 1985 2181 1986
f 214 729 1531
f 1545 1546 1569
f 865 842 866
f 849 1357 1362
f 452 1558 454
f 559 3188 737
f 16 737 3188
f 560 498 374
f 3193 3195 3194
f 3200 3198 3199
f 3211 3213 3212
f 3215 3217 3216
f 2187 2002 2001
f 2169 2189 2190
f 2192 2085 2191
f 2193 2195 2196
f 2198 2200 2197
f 1998 1979 1975
f 3664 3668 3671
f 2116 1903 1902
f 1859 2009 1150
f 3904 2126 3906
f 1135 1087 1130
f 2201 2015 2014
f 1149 110 1858
f 3221 3218 3215
f 2203 2205 2206
f 579 1895 1019
f 1755 2208 1756
f 3891 1893 605
f 1211 2150 1727
f 868 2210 2209
f 944 930 940
f 2130 2202 2201
f 233 1898 195
f 665 750 666
f 1167 999 618
f 2211 2213 2214
f 2215 2217 2218
f 3867 590 3868
f 2220 220 2219
f 823 948 1094
f 3225 3227 3226
f 266 455 265
f 3882 2107 3883
f 2221 3519 3517
f 2223 2225 2226
f 2207 2124 2208
f 673 3869 3864
f 817 996 815
f 2227 2146 2145
f 1947 646 749
f 3900 17 3873
f 2229 1638 1381
f 1679 1618 1680
f 1637 2232 2230
f 2233 1617 1616
f 2231 2236 2237
f 1381 2238 1382
f 3586 2242 3587
f 1630 2233 1631
f 1681 472 469
f 1408 2243 2244
f 3236 3238 3237
f 3232 3240 3235
f 1637 2238 1638
f 3237 3233 3234
f 1409 1634 2245
f 1380 2247 2246
f 1628 2245 1621
f 2249 1622 1633
f 1632 1408 2244
f 2248 1631 2250
f 2235 1637 1636
f 3245 3199 3198
f 631 2071 725
f 515 52 49
f 782 2251 1251
f 2253 2255 2252
f 397 459 784
f 1456 2040 1455
f 2040 2036 1455
f 1401 2111 1398
f 2041 1970 2026
f 1535 414 1965
f 1586 2080 2079
f 2256 1132 1886
f 1700 3918 3919
f 3815 1686 3817
f 1263 1886 1096
f 598 844 599
f 2257 2259 2260
f 2258 2262 2259
f 2259 2263 2216
f 2260 2216 2215
f 1967 1970 1969
f 2212 1963 2213
f 922 2218 2217
f 1312 1101 2264
f 1307 1286 789
f 1548 1546 1972
f 2266 2268 2265
f 2265 2270 2269
f 2272 2269 2271
f 2273 2265 2272
f 2275 2277 2274
f 2278 2277 2279
f 2284 3617 3639
f 2287 2286 2281
f 2288 2283 2287
f 2290 3639 3620
f 2291 2293 2294
f 2295 2294 2279
f 2296 2291 2295
f 2297 2292 2291
f 2294 2299 2300
f 2279 2300 2278
f 2298 2302 2292
f 2292 2303 2293
f 2293 2304 2299
f 2304 2306 2299
f 2306 2300 2299
f 2308 2310 2307
f 2302 2310 2303
f 2301 2307 2302
f 2312 2307 2311
f 2313 2315 2316
f 2318 2320 2317
f 3748 2322 2323
f 2324 2273 2326
f 2313 2326 2327
f 2328 2313 2316
f 2329 2324 2328
f 2331 2333 2330
f 2330 2267 2266
f 2325 2266 2273
f 2329 2330 2325
f 2333 2335 2267
f 2336 2333 2332
f 2338 2332 2337
f 2331 2337 2332
f 2329 2339 2331
f 2328 2340 2329
f 2316 2341 2328
f 2342 2315 2343
f 2344 2346 2347
f 2341 2347 2340
f 2342 2344 2341
f 2348 2345 2344
f 2350 2352 2353
f 2339 2353 2337
f 2340 2350 2339
f 2347 2351 2350
f 2337 2354 2338
f 2353 2355 2354
f 2356 2276 2357
f 2356 2358 2359
f 2356 2296 2295
f 2279 2356 2295
f 2360 2270 2268
f 2267 2360 2268
f 2362 2364 2365
f 2362 2361 2358
f 2366 2358 2357
f 2366 2363 2362
f 2357 2368 2366
f 2366 2369 2367
f 2276 2370 2368
f 2368 2282 2369
f 2372 2374 2371
f 2375 2377 2007
f 2378 2380 2381
f 2382 2381 2383
f 2384 2378 2382
f 2385 2379 2378
f 2388 2390 2387
f 2387 2392 2391
f 2393 2387 2391
f 2394 2388 2387
f 2186 2402 2400
f 2403 2327 2326
f 2272 2326 2273
f 2271 2403 2272
f 2405 2404 2403
f 2404 2408 2327
f 2409 2411 2412
f 2409 2271 2269
f 2413 2269 2270
f 2413 2410 2409
f 2417 2416 2418
f 2417 2406 2405
f 2412 2405 2271
f 2411 2417 2412
f 2406 2407 2404
f 3569 632 713
f 2420 2397 2421
f 2420 2423 2422
f 2424 2422 2419
f 2424 2398 2420
f 2425 2392 2426
f 2421 2426 2423
f 2397 2425 2421
f 2396 2391 2425
f 2427 2315 2314
f 2427 2408 2428
f 2430 2428 2429
f 2343 2427 2430
f 2432 2430 2431
f 2431 2429 2433
f 2435 2433 2434
f 2436 2431 2435
f 2428 2407 2437
f 2422 2407 2419
f 2438 2422 2423
f 2429 2437 2438
f 2440 2433 2439
f 2441 2433 2429
f 2442 2439 2441
f 2443 2440 2439
f 2445 2444 2443
f 2447 2443 2442
f 2383 2445 2447
f 2381 2446 2445
f 2448 2423 2426
f 2449 2426 2392
f 2441 2449 2442
f 2441 2438 2448
f 2449 2390 2450
f 2450 2389 2451
f 2447 2451 2383
f 2442 2450 2447
f 2451 2453 2452
f 2452 2455 2454
f 2382 2454 2384
f 2383 2452 2382
f 2456 2373 2372
f 2459 2461 2458
f 2463 2465 2462
f 2462 2285 2284
f 2466 2284 2290
f 2467 2462 2466
f 2461 3703 3701
f 2468 2470 2471
f 2472 2471 2473
f 2474 3701 3688
f 2475 2477 2478
f 2458 2453 2479
f 2479 2389 2388
f 2395 2479 2388
f 2480 2458 2479
f 2481 2483 2478
f 2484 2485 221
f 2471 2464 2463
f 2473 2463 2467
f 2487 2466 2486
f 2486 2290 2488
f 2490 2488 2489
f 2491 2486 2490
f 2492 2467 2487
f 2493 2487 2491
f 2494 2492 2493
f 2495 2473 2492
f 3690 2474 3688
f 3691 2496 3690
f 2498 2493 2499
f 2500 2499 2501
f 3700 2498 2500
f 3687 2494 2498
f 2306 2278 2300
f 2305 2504 2306
f 2504 2507 2506
f 2506 2288 2508
f 2274 2508 2275
f 2278 2506 2274
f 3633 2489 2488
f 3620 2488 2290
f 2507 2289 2288
f 2505 2509 2507
f 2508 2287 2511
f 2511 2281 2280
f 2370 2280 2282
f 2275 2511 2370
f 2512 2489 2513
f 2514 2513 2515
f 2517 2514 2516
f 2517 2490 2512
f 2499 2491 2517
f 2499 2516 2501
f 2510 2519 2518
f 2518 2521 2520
f 3616 2520 3621
f 3632 2518 3616
f 2522 2303 2310
f 2523 2310 2309
f 2305 2522 2524
f 2524 2523 2525
f 2519 2525 2521
f 2505 2524 2519
f 2308 2527 2526
f 2526 2529 2528
f 2531 2528 2530
f 2309 2526 2531
f 1214 2151 1211
f 2419 2418 2424
f 2533 2349 2317
f 2534 2317 2320
f 2535 2533 2534
f 2536 2345 2533
f 2537 2346 2536
f 2538 2536 2535
f 2539 2537 2538
f 2540 2351 2537
f 2312 2541 2527
f 2527 2542 2529
f 2543 2434 2544
f 2545 2544 2546
f 2319 2543 2545
f 2318 2435 2543
f 2514 2548 2547
f 2547 2550 2549
f 2552 2549 2551
f 2552 2514 2547
f 2520 2554 2553
f 2553 2556 2555
f 3590 2555 3593
f 3621 2553 3590
f 2523 2531 2557
f 2557 2530 2558
f 2525 2557 2559
f 2559 2558 2560
f 2554 2560 2556
f 2521 2559 2554
f 2561 2007 2006
f 2376 2225 2377
f 2564 2566 2563
f 2563 338 2567
f 2569 2567 2568
f 2570 2563 2569
f 2572 2574 2571
f 2571 2576 2575
f 2544 2575 2546
f 2544 2572 2571
f 2578 2569 2577
f 2579 2569 2568
f 2574 2579 2576
f 2573 2577 2574
f 2581 2583 2580
f 2584 2583 2585
f 3697 2580 2584
f 3676 2580 3675
f 2582 2552 2583
f 2583 2551 2585
f 2500 2589 2588
f 2590 2589 2591
f 3693 2588 2590
f 3695 2500 2588
f 2501 2591 2589
f 2592 2594 2595
f 2386 2503 2502
f 2596 2386 2374
f 2596 2373 2597
f 2599 2597 2598
f 2599 2379 2596
f 2600 2380 2599
f 2600 2598 2601
f 2603 2601 2602
f 2603 2446 2600
f 2604 2602 2605
f 2440 2605 2434
f 2444 2604 2440
f 2606 2581 2607
f 2606 2590 2591
f 2591 2582 2606
f 3676 2456 3689
f 3689 2372 3693
f 2478 2608 2481
f 2609 2611 2199
f 2564 2613 2612
f 2612 2598 2597
f 2457 2597 2373
f 2565 2612 2457
f 2614 2570 2578
f 2615 2578 2573
f 2602 2614 2615
f 2601 2613 2614
f 2572 2605 2616
f 2616 2602 2615
f 2573 2616 2615
f 1459 1045 1021
f 1265 1079 1082
f 1612 1609 1611
f 2067 2069 2068
f 1135 1136 1148
f 1938 2618 2617
f 95 458 128
f 2058 1608 1612
f 1454 1445 1367
f 655 1048 2619
f 722 2621 723
f 1131 1033 1134
f 562 366 1497
f 1723 1725 1591
f 1786 1122 1787
f 267 323 266
f 1325 1654 2038
f 1468 1435 1479
f 658 529 528
f 8 247 7
f 382 1559 3
f 788 1307 789
f 940 929 928
f 911 2623 912
f 2621 655 654
f 2624 2625 2626
f 998 27 26
f 635 2626 2625
f 2627 644 1840
f 2628 1840 2629
f 1200 2627 2628
f 1199 641 2627
f 1520 49 477
f 1452 1349 1451
f 2630 1859 1858
f 644 1335 1823
f 1197 717 2632
f 2632 719 1166
f 2628 1166 1200
f 2629 2632 2628
f 1762 1050 821
f 1823 873 1839
f 2634 794 652
f 1028 1027 1161
f 1042 2635 1043
f 93 1901 1924
f 2036 1458 1455
f 1527 1525 1526
f 877 1274 1277
f 134 797 1544
f 1328 931 1329
f 607 1091 1161
f 1043 2637 2636
f 2636 2639 2638
f 1275 2638 1276
f 1275 1043 2636
f 1272 2626 2640
f 2640 638 637
f 1110 2640 637
f 536 2640 2641
f 1472 1474 1473
f 2042 1951 649
f 1058 1105 1059
f 2642 2643 2644
f 1192 2644 1193
f 912 2642 1192
f 3898 3526 3786
f 1049 2620 2621
f 616 1885 613
f 1331 666 750
f 990 1198 525
f 1911 321 322
f 1298 1205 2645
f 76 1504 75
f 1502 421 422
f 610 658 691
f 1146 659 938
f 2646 914 936
f 1280 1238 1279
f 975 2647 2648
f 2647 975 974
f 1453 1452 1451
f 1514 158 151
f 835 1843 1842
f 1271 1173 1289
f 2649 813 2650
f 1893 1826 1894
f 1050 1937 1051
f 2651 814 813
f 1006 1281 977
f 2653 2654 2655
f 1001 1003 1002
f 585 679 558
f 2624 621 620
f 555 2028 556
f 1207 1197 2629
f 1626 478 472
f 426 419 1567
f 1030 1773 1031
f 3898 634 3880
f 534 138 262
f 1125 1042 1041
f 333 88 227
f 569 561 730
f 1489 871 870
f 1857 620 891
f 1673 3770 3763
f 622 864 1308
f 2647 974 2657
f 619 891 620
f 261 545 262
f 393 1556 404
f 2658 2647 2657
f 1075 2657 917
f 1081 2658 1075
f 1080 2659 2658
f 2644 1141 2660
f 2660 1140 1336
f 642 1336 643
f 1193 2660 642
f 679 555 558
f 1503 1500 1502
f 1318 1101 1100
f 2661 1139 1142
f 2661 2663 2662
f 2662 2659 2661
f 2662 2622 2664
f 2664 911 2646
f 2648 2646 1146
f 2648 2662 2664
f 2083 2093 2081
f 1442 1437 1439
f 519 330 51
f 1885 1209 613
f 799 805 804
f 1946 1952 1953
f 1302 1253 1252
f 566 224 533
f 1389 928 1388
f 683 681 680
f 836 1842 2665
f 2665 1845 1303
f 2666 1303 1302
f 24 2665 2666
f 831 2650 832
f 1845 1304 1303
f 2010 2012 2011
f 1051 2667 2668
f 1522 1511 1523
f 531 441 522
f 782 1251 1250
f 1250 2625 2669
f 2669 1857 1856
f 783 1856 1037
f 782 2669 783
f 720 2671 721
f 1055 1930 1056
f 1333 1251 2251
f 619 1308 1307
f 652 2619 2634
f 521 1539 1540
f 1838 537 2672
f 2672 536 2641
f 1113 2641 1110
f 1113 1838 2672
f 1016 1351 1045
f 3897 570 3894
f 226 104 101
f 3564 3827 1818
f 1036 1884 1883
f 2674 1304 2673
f 2673 1844 2675
f 1334 2675 1039
f 1333 2673 1334
f 2676 1039 2675
f 1843 2675 1844
f 942 2676 1843
f 1074 702 2676
f 811 859 858
f 752 1055 753
f 1200 656 1026
f 1120 874 2677
f 2677 877 1052
f 1241 1052 1005
f 1119 2677 1241
f 1560 151 1515
f 1208 611 523
f 215 736 214
f 1460 1462 1461
f 1208 1839 873
f 854 1282 1297
f 72 182 179
f 544 1565 512
f 217 456 457
f 2047 930 945
f 1204 1937 2633
f 913 686 685
f 840 1113 1112
f 1531 730 561
f 2678 1283 801
f 601 1914 602
f 1537 459 460
f 1819 3509 3527
f 991 862 538
f 2679 1073 1830
f 2680 983 2256
f 779 2256 1263
f 778 2680 779
f 2678 1830 2680
f 180 245 40
f 1886 1131 1134
f 1138 1274 1255
f 1841 1140 1139
f 75 314 74
f 193 420 192
f 2681 1099 1098
f 170 1565 169
f 349 417 432
f 1121 2684 2683
f 547 409 302
f 123 121 120
f 2643 1142 1141
f 1542 513 1543
f 899 907 919
f 1210 676 867
f 791 982 892
f 24 837 836
f 893 932 931
f 1860 863 862
f 535 862 861
f 832 813 812
f 2650 813 832
f 1569 1547 1568
f 181 542 180
f 660 937 688
f 2013 568 2012
f 887 2631 2630
f 1524 361 78
f 520 162 1529
f 2653 854 2685
f 1238 2655 2686
f 718 527 530
f 1492 518 1491
f 792 615 793
f 599 1835 596
f 290 456 175
f 312 1552 425
f 1248 1179 1249
f 153 177 178
f 1240 1222 1221
f 1257 1235 1071
f 1291 1083 1222
f 1052 1277 1053
f 743 2618 1204
f 444 430 443
f 23 1172 1187
f 2687 1180 1179
f 102 409 134
f 1283 610 801
f 373 650 651
f 1180 1084 1291
f 855 2655 1237
f 1173 1917 1174
f 2689 853 2688
f 2688 1108 1279
f 2686 1279 1238
f 2687 2688 2686
f 2691 1252 2690
f 2690 850 2689
f 1248 2689 2687
f 1248 2691 2690
f 2692 24 2666
f 2691 2666 1302
f 1247 2692 2691
f 1258 617 2692
f 394 1555 393
f 2693 1259 1223
f 1072 1262 1261
f 1257 1168 1258
f 398 1555 1554
f 871 1314 872
f 1178 1249 1179
f 1224 1173 1172
f 1010 2618 742
f 1175 1292 1269
f 2654 2686 2655
f 2694 1216 1264
f 71 1487 70
f 701 1111 1038
f 1072 2649 2650
f 1085 22 21
f 895 1264 896
f 1601 1605 1604
f 1259 1271 1289
f 21 1220 1083
f 988 538 537
f 598 1336 1140
f 820 1762 821
f 1050 818 821
f 1298 1761 2652
f 1168 618 617
f 858 1256 833
f 39 516 1536
f 2652 819 814
f 313 315 314
f 2026 1971 2027
f 2656 596 1835
f 814 818 811
f 2696 813 2649
f 1260 2649 1261
f 2693 2696 1260
f 2697 2651 2696
f 381 390 380
f 3818 1611 1609
f 1475 1428 1227
f 1292 1917 1235
f 1551 354 1518
f 1526 1523 1511
f 1593 1595 1573
f 1232 1246 1249
f 2695 1223 22
f 2698 1296 2697
f 2698 2693 2695
f 2685 2695 1085
f 2685 1297 2698
f 562 271 272
f 2652 1296 1298
f 1365 1364 1363
f 1958 1953 1957
f 585 2210 997
f 1561 1515 435
f 975 1146 976
f 347 68 346
f 1038 636 1068
f 2700 780 2699
f 2699 1036 1883
f 2701 1883 1829
f 851 2699 2701
f 2674 2251 2702
f 2702 781 2700
f 1253 2700 851
f 1301 2702 1253
f 1519 388 1550
f 1273 1280 2703
f 2703 1107 852
f 2701 852 851
f 1829 2703 2701
f 91 326 90
f 1784 2656 1785
f 2683 2705 2704
f 604 3499 3533
f 1669 3548 1662
f 2062 2060 2059
f 621 861 622
f 2023 732 2024
f 686 1263 687
f 857 2668 1328
f 883 882 879
f 637 1111 1110
f 2668 893 1328
f 2667 894 2668
f 1039 1068 1334
f 313 1504 1505
f 1911 305 453
f 1936 1964 2212
f 2707 2401 2183
f 2708 2183 2182
f 738 2116 554
f 2349 2432 2436
f 2711 2020 2019
f 2400 2019 2186
f 2714 2716 2713
f 2717 2719 2720
f 2721 2723 2724
f 2726 2728 2725
f 2725 2730 2729
f 2731 2729 2709
f 2732 2725 2731
f 2734 2736 2733
f 2738 2740 2737
f 2737 2741 2742
f 2744 2746 2743
f 2745 2748 2747
f 2749 2747 2751
f 2753 2751 2752
f 2250 2246 2248
f 2754 1614 2755
f 3598 2755 3609
f 3608 2747 3609
f 1617 2755 1614
f 2242 1620 2757
f 2191 2760 2759
f 2761 2760 2762
f 3648 2761 3649
f 3623 2759 3648
f 3209 3223 3224
f 1395 2236 2235
f 1395 1636 1615
f 1616 2229 2233
f 1617 2763 2756
f 2756 3628 3608
f 2765 2234 1630
f 2766 3628 3622
f 3202 3246 3247
f 1516 435 1515
f 2768 3552 3553
f 1495 578 1424
f 2135 28 17
f 3526 2773 2774
f 1690 3926 3925
f 2778 2780 2777
f 2777 2781 2782
f 2784 2777 2783
f 3555 575 576
f 1494 9 540
f 3529 2015 3566
f 451 505 450
f 2786 2788 2785
f 2779 2785 2780
f 2789 2741 2740
f 2790 2752 2789
f 2792 2794 2791
f 2793 2796 2794
f 2796 2750 2749
f 2794 2749 2753
f 2798 1396 2754
f 3591 2754 3598
f 2798 2800 1393
f 3591 2799 2798
f 2797 2795 2801
f 2791 2753 2790
f 216 232 54
f 3804 2807 3803
f 3805 2804 3803
f 2769 3557 3552
f 183 184 97
f 2811 2775 2776
f 2804 2776 2805
f 2809 2811 2804
f 2812 2813 2814
f 3805 2816 3795
f 3796 2815 3795
f 3798 2820 2821
f 3793 2819 3798
f 2824 2735 2819
f 2823 2824 2819
f 2825 2826 2724
f 3793 2827 3792
f 3796 2826 3792
f 2713 2829 2828
f 2828 2831 2830
f 2822 2828 2830
f 2821 2713 2828
f 2832 2822 2830
f 2833 2830 2831
f 2834 2832 2833
f 2835 2827 2832
f 2837 2839 2836
f 2836 2841 2840
f 2842 2840 2727
f 2843 2836 2842
f 2840 2845 2844
f 2718 2845 2719
f 2730 2844 2718
f 2727 2844 2728
f 2846 2719 2845
f 2846 2841 2847
f 2829 2847 2831
f 2829 2716 2846
f 2847 2839 2848
f 2848 2838 2849
f 2833 2849 2834
f 2831 2848 2833
f 2850 2851 2852
f 2853 2852 2854
f 2783 2782 2855
f 2785 2853 2856
f 2780 2856 2781
f 2857 2855 2782
f 2859 2782 2781
f 2861 2842 2860
f 2860 2727 2726
f 2862 2726 2732
f 2863 2860 2862
f 2861 2858 2857
f 2843 2857 2859
f 2856 2854 2864
f 2781 2864 2859
f 2837 2859 2864
f 2838 2864 2854
f 2852 2834 2849
f 2854 2849 2838
f 2865 2818 2835
f 2851 2835 2834
f 2813 2815 2865
f 2814 2865 2851
f 2866 2814 2850
f 2788 2850 2853
f 2866 2787 2867
f 2812 2867 2775
f 1892 1890 1891
f 2720 2846 2870
f 298 256 257
f 2872 2713 2820
f 3794 2735 2734
f 2729 2874 2873
f 2846 2715 2870
f 2876 2878 2875
f 2733 2878 2734
f 3806 2879 2880
f 3806 2872 3794
f 2882 2884 2881
f 2881 2715 2714
f 2880 2714 2872
f 2879 2881 2880
f 2885 2887 2888
f 2888 2890 2885
f 2885 2892 2891
f 2893 2885 2891
f 1942 2532 2894
f 2895 2720 2870
f 2884 2870 2715
f 2883 2895 2884
f 2896 2892 2895
f 2889 2717 2890
f 2890 2720 2892
f 2897 2891 2896
f 2898 2896 2883
f 2899 2883 2882
f 2900 2882 2879
f 3797 2879 3807
f 2876 2901 2877
f 2901 2904 2903
f 1785 1835 1834
f 2905 2899 2900
f 2907 2897 2898
f 3797 2903 3799
f 632 577 633
f 3532 2867 2787
f 434 550 350
f 2768 3640 3643
f 2910 1623 2249
f 2241 2758 2242
f 3640 2913 3652
f 1623 2757 1620
f 3587 2757 3652
f 2229 1380 2250
f 2765 1629 2914
f 2915 1629 2912
f 3642 2914 2915
f 3641 2765 2914
f 2919 3642 3613
f 2918 2912 2241
f 3614 2241 3586
f 3618 3613 3670
f 3541 2180 3496
f 3521 2188 3506
f 3705 714 3851
f 2925 2917 2924
f 2924 2916 2919
f 3610 2919 3618
f 3611 2924 3610
f 2926 2766 2925
f 3658 2925 3611
f 1715 1705 1710
f 785 498 796
f 1387 565 1791
f 374 1899 560
f 3573 2206 3556
f 2929 2886 2893
f 2932 2934 2931
f 1905 1908 1907
f 2930 2936 2937
f 2938 2930 2929
f 1493 517 518
f 1603 1586 1602
f 2939 2929 2908
f 2940 2908 2907
f 3665 1600 3661
f 2886 2937 2887
f 2906 2898 2899
f 2908 2893 2897
f 2942 2933 2941
f 2941 2937 2936
f 3501 2936 3513
f 3498 2941 3501
f 2943 2710 2873
f 2943 2874 2889
f 2945 2889 2888
f 2946 2943 2945
f 2932 2888 2887
f 2931 2945 2932
f 727 1929 728
f 2903 2947 2948
f 545 42 262
f 1480 533 251
f 2907 2949 2940
f 2906 2950 2949
f 1558 215 202
f 3799 2948 3801
f 2054 1644 2118
f 3705 2203 3573
f 1828 1849 1827
f 2953 2955 2952
f 2952 2957 2956
f 2956 2258 2952
f 2953 2258 2257
f 2454 2474 2496
f 3747 2959 3766
f 3747 2131 3737
f 2961 2963 2958
f 2958 2964 2959
f 222 2485 2965
f 2477 2966 2608
f 2631 2006 1859
f 2384 2496 2497
f 2967 2959 2964
f 2968 2970 2969
f 3759 2971 3784
f 3784 2960 3766
f 2972 2033 2032
f 2007 2973 2008
f 3560 2134 2133
f 1836 1832 1831
f 3506 2090 3551
f 955 959 956
f 672 674 673
f 633 713 632
f 2024 733 803
f 2025 803 798
f 425 1550 388
f 2975 888 887
f 1319 1157 2694
f 1212 2977 1213
f 889 2228 2227
f 1978 1975 1979
f 1138 1329 915
f 751 2979 2978
f 1619 1625 1624
f 2252 1728 1727
f 1157 845 1216
f 2706 1938 2617
f 2980 2254 2981
f 2982 887 2630
f 802 711 2679
f 678 2029 2028
f 527 690 528
f 1839 2629 1840
f 2983 602 1914
f 2983 1913 1331
f 2985 1331 1054
f 2986 2983 2985
f 2987 2635 2634
f 2985 2639 2986
f 2990 1318 2989
f 2991 2993 2994
f 2995 2994 2996
f 1106 2991 2995
f 1058 2992 2991
f 1415 1365 1367
f 1317 2217 2997
f 1932 2255 2980
f 926 2999 664
f 3001 2992 3000
f 3000 1057 2978
f 2999 2978 2979
f 2998 3000 2999
f 3002 2209 3003
f 3002 2996 2994
f 2993 3002 2994
f 3001 2998 3002
f 1103 2995 3004
f 3004 2996 3003
f 2209 3004 3003
f 588 3004 2210
f 295 433 381
f 2638 2988 3005
f 3005 1056 1930
f 1305 1930 1306
f 1276 3005 1305
f 1987 1993 1989
f 2633 1761 2645
f 1423 1417 1419
f 3561 739 703
f 2671 2704 2705
f 1473 2035 1472
f 922 2694 895
f 1401 1378 1384
f 556 1884 1037
f 842 3825 3836
f 1854 2617 1010
f 933 1081 1075
f 1440 1436 1437
f 529 719 530
f 1031 1027 1028
f 777 912 1871
f 2645 1204 2633
f 441 1538 1537
f 790 587 586
f 2065 1610 1607
f 1860 990 902
f 60 87 59
f 1424 1948 1947
f 332 1507 331
f 261 138 135
f 187 449 507
f 1719 1726 1725
f 1931 1059 3006
f 3006 1105 1104
f 1287 1104 587
f 1286 3006 1287
f 3007 3009 3010
f 3009 653 795
f 618 26 25
f 2029 1210 1209
f 957 600 2228
f 1049 2228 600
f 2631 3011 2561
f 890 2227 3011
f 3011 2145 3012
f 2561 3012 2375
f 1026 609 608
f 2706 1961 1964
f 3013 2485 3014
f 2148 1267 3015
f 3015 1266 1311
f 2997 1101 1317
f 642 1773 1193
f 186 461 511
f 1041 1320 901
f 1121 3017 1122
f 2984 2987 3018
f 3018 2634 2619
f 1048 3018 2619
f 603 2984 3018
f 2679 801 802
f 2062 2074 2061
f 2061 2076 2064
f 414 1545 1965
f 3016 2683 3019
f 3019 2704 2670
f 3020 2670 720
f 3007 3019 3020
f 1871 1091 777
f 3021 1122 3017
f 3022 3017 3010
f 1314 3022 1315
f 1784 3021 1314
f 1316 1763 611
f 3023 3010 3009
f 3023 795 1092
f 1763 1092 1125
f 1315 3023 1763
f 3016 3010 3017
f 752 2978 1057
f 2986 2637 2987
f 3024 653 3008
f 3020 3008 3007
f 720 3024 3020
f 723 654 3024
f 2681 1268 3025
f 2671 1268 721
f 2705 3025 2671
f 1313 3027 1311
f 3026 3029 3027
f 3027 3030 3031
f 1311 3031 3015
f 2012 731 2023
f 917 974 977
f 743 856 744
f 1888 2030 1425
f 2682 2684 3032
f 3032 1124 2989
f 1100 2989 1318
f 1099 3032 1100
f 1123 2989 1124
f 3033 1159 1158
f 2990 1158 1319
f 1123 3033 2990
f 1786 1834 3033
f 1054 2988 2985
f 2979 664 2999
f 2623 2663 2643
f 1095 688 687
f 3034 2261 2956
f 3036 2956 2957
f 3037 3034 3036
f 3038 3035 3034
f 3040 3026 1313
f 2263 3041 3040
f 3042 3043 3041
f 3041 3028 3026
f 3044 3043 3039
f 3046 3045 3044
f 3047 3049 3045
f 3043 3049 3028
f 3038 3051 3050
f 3050 3053 3052
f 3052 3044 3050
f 3039 3050 3044
f 3054 3039 3042
f 3042 2262 3054
f 2261 3054 2262
f 2216 2997 2217
f 2212 2667 1936
f 3056 2209 3055
f 934 1961 1854
f 2013 3757 567
f 3058 3060 3061
f 3059 3063 3060
f 3060 2213 1963
f 3061 1963 1962
f 3063 2214 2213
f 3062 3064 3063
f 3065 2260 3064
f 3064 2215 2214
f 3066 3031 3030
f 2608 3067 3066
f 2966 3068 3067
f 3031 3068 3015
f 2455 2461 2474
f 2476 2226 2477
f 3551 2089 3525
f 3526 3769 3786
f 433 355 381
f 2115 1419 2123
f 3509 2922 3527
f 3769 2131 2134
f 3069 2167 2166
f 2971 2928 2960
f 2961 2773 2962
f 3070 2478 2483
f 2610 3071 2954
f 2502 2374 2386
f 3072 2595 3073
f 2964 3052 2967
f 3048 3074 3049
f 2593 3075 3074
f 3075 3029 3074
f 3074 3028 3049
f 3072 3075 2592
f 3076 2482 2481
f 2481 3066 3076
f 3076 3030 3075
f 2967 3053 2970
f 2482 3073 2483
f 479 493 494
f 706 3873 709
f 3561 2221 3517
f 2013 3754 3755
f 3533 2016 3529
f 3562 2222 2974
f 1171 1155 1176
f 2586 2565 2587
f 2982 113 2484
f 2562 3077 3068
f 2376 3012 3077
f 3012 2148 3077
f 3077 3015 3068
f 2963 3046 2964
f 3051 2970 3053
f 1683 491 775
f 3850 1447 3860
f 1986 3734 3768
f 3079 2546 2575
f 3081 2575 2576
f 1983 3768 3765
f 3082 2319 2545
f 3080 2545 2546
f 3734 3082 3080
f 3732 2323 3082
f 1309 1888 748
f 3073 2772 2771
f 2760 3084 2762
f 2760 2088 3083
f 3085 3086 3087
f 3089 3090 3088
f 3089 3084 3085
f 3092 3090 3091
f 3093 2744 2743
f 2751 2748 3093
f 3093 2752 2751
f 2742 3093 3094
f 3094 2743 3095
f 3096 3098 3087
f 3099 3087 3086
f 3097 3095 3098
f 3100 2746 3101
f 3101 3102 3100
f 2764 2927 3101
f 2745 3101 2746
f 3102 3091 3100
f 3100 3095 2743
f 2869 3592 3634
f 3102 3104 3092
f 3658 2869 3634
f 2927 3103 3102
f 3098 3091 3090
f 3087 3090 3085
f 2088 3105 3083
f 3083 3086 3084
f 2483 2771 3070
f 2401 2185 2321
f 3099 3105 3106
f 2125 3106 3105
f 3108 2742 3107
f 3107 3094 3097
f 3110 3107 3109
f 3109 3097 3096
f 3111 3096 3099
f 3112 3109 3111
f 3113 2737 3108
f 3115 2722 3114
f 3117 3114 3116
f 3119 3116 3118
f 3118 3120 3121
f 3116 3113 3120
f 3122 3111 3123
f 3122 1755 1754
f 3124 3126 3127
f 3125 3121 3126
f 3128 3118 3125
f 3129 3125 3124
f 2020 3128 3129
f 3853 1346 1352
f 1065 1047 1066
f 1814 3830 1649
f 2021 3129 3130
f 3111 3106 3123
f 3123 2207 1755
f 2377 2224 2973
f 3014 113 112
f 1756 3782 3767
f 3131 2530 2528
f 3133 2528 2529
f 1753 3767 3775
f 3134 3127 3135
f 2327 2314 2313
f 2436 2317 2349
f 2018 3711 3712
f 2534 3137 2535
f 2320 3136 2534
f 2185 3712 3771
f 3138 2542 2539
f 3134 3744 3745
f 3785 3134 3745
f 3140 2539 2538
f 2535 3140 2538
f 3711 3130 3785
f 2558 3132 3141
f 3782 3141 3132
f 2560 3141 3142
f 3760 3142 3141
f 958 2976 2981
f 1933 2980 3143
f 2399 2418 2416
f 2348 2343 2432
f 2322 2319 2323
f 2718 2874 2730
f 2709 2873 2710
f 2894 1361 1942
f 346 176 347
f 1876 1882 1881
f 2802 3607 3592
f 3104 3088 3092
f 2974 3649 3603
f 3089 2761 2762
f 3088 3145 3089
f 2803 3603 3607
f 3870 692 628
f 2123 1418 2126
f 1365 1368 1367
f 1581 1782 1783
f 3569 2129 3520
f 3555 2002 3521
f 3146 2551 3147
f 3751 3147 3750
f 3742 3146 3751
f 3149 2585 3146
f 3196 3197 3195
f 3604 2191 3623
f 3142 2556 2560
f 3777 3150 3142
f 3646 2550 3593
f 3150 2555 2556
f 3778 3151 3150
f 3788 3152 3646
f 3153 2551 2549
f 3152 2549 2550
f 3781 3153 3152
f 3776 3147 3153
f 3148 2206 2205
f 2183 2321 2184
f 2132 2928 2133
f 3684 2204 2203
f 3719 2197 3721
f 2594 2773 2951
f 2595 2951 2772
f 1870 799 1869
f 3713 2178 3706
f 3706 3736 3790
f 336 3774 3722
f 339 3154 336
f 3789 3149 3742
f 3683 2584 3149
f 2963 3048 3047
f 3722 337 336
f 339 2566 2586
f 3156 2168 2167
f 2610 2167 2611
f 2954 3156 2610
f 3157 2953 2257
f 3707 2169 3709
f 2567 3159 2568
f 337 2567 338
f 3730 2166 3707
f 3764 1983 3765
f 2579 3081 2576
f 2568 3160 2579
f 3709 2190 3764
f 3065 3162 3161
f 3161 1984 2189
f 3157 2189 2168
f 2257 3161 3157
f 734 1922 806
f 3059 2708 3163
f 3163 2182 1985
f 3162 1985 1984
f 3062 3163 3162
f 3203 3205 3204
f 2122 1448 1447
f 3817 1685 3812
f 139 444 69
f 1570 566 533
f 2957 3165 3036
f 2955 3164 2957
f 1912 341 1973
f 3130 3124 3134
f 1548 319 1547
f 1949 1327 1887
f 2969 3078 3167
f 3167 3169 3168
f 3724 2017 3720
f 3720 2033 3759
f 3168 3165 3170
f 3170 3164 3171
f 3779 3171 3756
f 3724 3170 3779
f 3171 3166 3172
f 3172 3071 3173
f 3752 3173 3749
f 3756 3172 3752
f 3169 3036 3165
f 2593 2962 2594
f 3173 2609 3174
f 3174 2199 2198
f 3783 2198 3719
f 3749 3174 3783
f 2190 1984 1983
f 2196 2767 3148
f 2119 1414 1448
f 1464 1466 1465
f 2199 3069 2200
f 2457 2587 2565
f 2226 2562 2966
f 481 1627 1639
f 333 235 236
f 3078 3037 3169
f 3040 2997 2263
f 2219 1933 2220
f 2385 2497 2503
f 221 3175 2484
f 2220 3143 3175
f 3175 2976 2975
f 2484 2975 2982
f 2954 3166 2955
f 2630 110 2982
f 1547 1952 1955
f 2091 2188 2187
f 3733 2178 2177
f 1918 1927 1926
f 3563 111 3511
f 955 960 954
f 2037 112 3563
f 3143 2981 2976
f 2218 2214 2215
f 672 3787 3541
f 2152 3014 2037
f 1147 1143 1145
f 2248 1409 2245
f 1615 1635 1616
f 1410 2246 2247
f 3241 3242 3240
f 3177 1383 1382
f 2238 3176 1382
f 3176 2230 3178
f 1410 3179 1407
f 3179 2243 1407
f 1633 2800 2249
f 1621 2758 2912
f 1622 2245 1634
f 2236 3181 3182
f 2237 3182 3183
f 2250 2233 2229
f 2912 1628 1621
f 135 1564 1563
f 1567 512 1565
f 1085 2653 2685
f 3184 868 3056
f 869 3057 934
f 1266 1098 1312
f 1267 722 721
f 937 2646 936
f 2146 722 2147
f 2211 921 2667
f 1957 507 449
f 1313 2264 3040
f 1496 1493 1492
f 2681 2705 2682
f 2887 2933 2932
f 1687 1659 1694
f 145 1498 81
f 1317 1319 2694
f 37 418 71
f 1935 3185 2977
f 104 301 103
f 2101 2083 2084
f 543 360 207
f 1934 3186 3185
f 234 212 237
f 3845 1822 1824
f 1976 1874 1974
f 223 2219 220
f 3655 3605 3612
f 468 773 2165
f 1935 1728 1932
f 3240 3226 3235
f 3261 3250 3260
f 3215 3244 3264
f 3265 3215 3264
f 3267 3198 3196
f 3205 3269 3255
f 3214 3265 3270
f 3271 3214 3192
f 3251 3239 3236
f 3222 3266 3272
f 3232 3234 3233
f 3216 3243 3244
f 3196 3268 3267
f 3244 3254 3255
f 3238 3247 3246
f 3264 3255 3269
f 3253 3216 3217
f 3211 3221 3265
f 3257 3218 3256
f 3258 3272 3259
f 3274 3280 3273
f 3228 3262 3263
f 3275 3281 3280
f 3226 3273 3280
f 3236 3260 3251
f 3281 3236 3237
f 3287 3192 3189
f 3235 3280 3234
f 3234 3281 3237
f 3288 3259 3272
f 3260 3276 3251
f 3289 3278 3284
f 3210 3224 3283
f 3199 3201 3200
f 3228 3230 3229
f 3290 3285 3286
f 3282 3271 3287
f 3260 3262 3261
f 3243 3268 3254
f 3267 3241 3232
f 3194 3208 3193
f 3191 3269 3206
f 3270 3192 3214
f 3275 3230 3231
f 3264 3270 3265
f 3252 3276 3291
f 3248 3291 3223
f 3213 3279 3277
f 3272 3289 3288
f 3277 3212 3213
f 3228 3281 3231
f 3220 3253 3219
f 3219 3217 3257
f 3256 3222 3258
f 3247 3252 3248
f 3245 3232 3233
f 3266 3212 3289
f 3208 3255 3254
f 3288 3284 3285
f 3204 3208 3207
f 560 3187 559
f 3209 3201 3202
f 3189 3191 3190
f 448 807 447
f 647 122 270
f 1833 1780 1832
f 510 508 507
f 3210 1887 3201
f 1887 3200 3201
f 15 3197 3200
f 16 3195 3197
f 3195 3187 3194
f 3194 1899 3207
f 3207 375 3204
f 387 126 127
f 3189 1760 3287
f 3577 757 758
f 763 2172 2175
f 3583 3580 3581
f 3581 3579 3578
f 3594 3596 3595
f 3400 3602 3401
f 3626 3625 3627
f 3631 3599 3601
f 3636 3595 3596
f 3647 3588 3645
f 3650 3584 3647
f 3653 3580 3651
f 3653 3654 3579
f 1801 3656 3655
f 3651 3582 3650
f 3644 3595 3637
f 1767 3659 3660
f 1597 3661 1600
f 1708 3665 3664
f 3671 3667 3666
f 3666 3673 3672
f 1588 3664 1587
f 2080 3666 2082
f 2082 3672 2084
f 3674 3635 3631
f 3677 3636 3635
f 3682 3645 3681
f 3692 3650 3686
f 3681 3644 3680
f 786 3692 785
f 3694 3651 3692
f 785 3686 497
f 497 3682 650
f 650 3681 564
f 3696 3681 3680
f 3405 3605 3402
f 3702 3678 3677
f 3699 3679 3678
f 3645 3638 3644
f 1799 3659 1768
f 3708 3458 3460
f 3462 3708 3460
f 3714 564 3696
f 3615 3602 3600
f 3710 3696 3698
f 3635 3596 3599
f 3629 3627 3630
f 3597 3599 3596
f 3630 3715 3629
f 3627 3597 3594
f 3717 3723 3718
f 3715 3660 3629
f 3716 3725 3715
f 3668 3661 3725
f 3668 3717 3667
f 3667 3718 3673
f 3727 3673 3718
f 3728 3672 3673
f 3726 3718 3723
f 1576 2084 3672
f 3727 3731 3729
f 3203 1387 3190
f 3190 1791 3189
f 3283 1949 3210
f 317 259 391
f 2000 3653 3694
f 3601 3600 3602
f 3589 3584 3585
f 3577 756 2170
f 3585 3582 3583
f 3678 3637 3636
f 3204 376 3203
f 1801 3657 1799
f 3729 3728 3727
f 1575 3738 1088
f 3735 1576 3728
f 1776 1796 1775
f 1293 1290 1284
f 1326 1327 12
f 1294 1234 1290
f 878 1330 1337
f 497 374 498
f 122 413 121
f 3699 3704 3708
f 3606 3401 3602
f 3708 3698 3699
f 3464 3710 3462
f 3704 3443 3458
f 439 399 438
f 1512 1526 1511
f 1668 1738 1671
f 839 1362 838
f 1362 826 1012
f 3843 1896 3815
f 2053 2118 2117
f 3888 2120 2119
f 696 3816 3831
f 1826 639 640
f 3740 3729 3731
f 956 886 960
f 1980 1922 807
f 33 105 164
f 1343 3856 3857
f 3907 2128 3902
f 1766 1582 1594
f 14 2163 738
f 595 99 594
f 3233 3246 3245
f 1346 1044 1352
f 748 1425 747
f 3193 3254 3268
f 3190 3206 3203
f 3612 3606 3615
f 3624 3615 3625
f 3631 3443 3674
f 3679 3644 3637
f 3686 3647 3682
f 3702 3674 3704
f 3625 3600 3597
f 3601 3415 3631
f 3739 3735 3729
f 3630 3594 3741
f 3741 3716 3630
f 1284 1288 1285
f 3698 3680 3679
f 1778 1780 1779
f 1792 1584 1789
f 695 571 694
f 3638 3594 3595
f 3741 3588 3589
f 3247 3209 3202
f 3292 3294 3295
f 3296 3298 3299
f 3299 3300 3301
f 3302 3304 3305
f 3306 3308 3309
f 3307 3311 3308
f 3303 3301 3300
f 3312 3304 3313
f 3314 3316 3317
f 3318 3320 3321
f 3324 3321 3325
f 3326 3328 3323
f 3329 3331 3332
f 3333 3335 3336
f 3337 3339 3340
f 3333 3341 3342
f 3342 3343 3344
f 3319 3344 3343
f 3338 3334 3339
f 3346 3302 3347
f 3305 3347 3302
f 3312 3223 3349
f 3350 3340 3351
f 3312 3348 3305
f 3352 3341 3326
f 3311 3354 3308
f 3341 3327 3326
f 3359 3361 3362
f 3360 3250 3249
f 3318 3345 3319
f 3364 3318 3324
f 3314 3324 3365
f 3366 3301 3346
f 3299 3367 3296
f 3308 3368 3309
f 3369 3295 3294
f 3317 3364 3314
f 3370 3317 3316
f 3325 3365 3324
f 3352 3319 3343
f 3296 3353 3311
f 3297 3311 3310
f 3363 3354 3345
f 3345 3353 3344
f 3344 3367 3342
f 3366 3342 3367
f 3347 3334 3346
f 3339 3348 3340
f 3348 3351 3340
f 3363 3369 3368
f 3294 3368 3369
f 3293 3309 3294
f 3331 3374 3332
f 3346 3333 3366
f 3323 3352 3326
f 3356 3321 3320
f 3355 3325 3321
f 3357 3371 3325
f 3322 3320 3352
f 3361 3329 3362
f 3373 3375 3374
f 3374 3376 3332
f 3329 3376 3362
f 3327 3372 3328
f 3336 3375 3327
f 3335 3376 3375
f 3376 3337 3362
f 3337 3359 3362
f 3359 3276 3250
f 3377 3295 3370
f 3277 3315 3278
f 3371 3379 3365
f 3378 3358 3380
f 3365 3315 3314
f 3316 3279 3370
f 3282 3370 3279
f 3313 3224 3312
f 3378 3284 3379
f 3380 3285 3378
f 3379 3278 3315
f 3276 3351 3291
f 3291 3349 3223
f 3313 2965 3013
f 2965 3303 222
f 222 3300 223
f 223 3298 3186
f 3298 3185 3186
f 3297 2977 3185
f 3310 1213 2977
f 3307 1214 1213
f 2532 3306 3293
f 2894 3293 3292
f 2871 3292 3377
f 3253 3240 3242
f 3283 3013 2152
f 1997 1889 1892
f 1237 744 855
f 1535 120 121
f 1531 201 214
f 1119 1032 984
f 946 824 947
f 163 5 162
f 3589 3723 3741
f 1155 1162 1164
f 427 327 424
f 553 796 498
f 3381 2231 2237
f 3381 2230 2232
f 2237 3180 3381
f 3383 3385 3382
f 3384 3387 3385
f 3386 3389 3387
f 3388 3391 3389
f 3392 3394 3395
f 3395 3396 3397
f 3398 3397 3396
f 3400 3399 3398
f 3403 3405 3402
f 3406 3404 3403
f 3408 3407 3406
f 3410 3409 3408
f 3412 3411 3410
f 3415 3398 3414
f 3414 3396 3416
f 3416 3394 3417
f 3417 3393 3418
f 3393 3420 3418
f 3419 3421 3420
f 3390 3422 3421
f 3388 3423 3422
f 3386 3424 3423
f 3384 3425 3424
f 3425 3426 3184
f 2904 3428 2947
f 3429 2904 2902
f 3430 2902 2876
f 2875 3430 2876
f 3432 2733 2736
f 2825 3435 2824
f 3437 3439 3436
f 3441 3436 3440
f 2724 3434 2825
f 3436 3115 3117
f 3440 3117 3119
f 3443 3414 3442
f 3442 3416 3444
f 3444 3417 3445
f 3445 3418 3446
f 3446 3420 3447
f 3420 3448 3447
f 3421 3449 3448
f 3422 3450 3449
f 3423 3451 3450
f 3424 3452 3451
f 3425 3056 3452
f 3451 2253 2252
f 3450 2252 1727
f 3449 1727 2150
f 3448 2150 1941
f 3453 3448 1941
f 3454 3447 3453
f 3455 3446 3454
f 3456 3445 3455
f 3442 3456 3457
f 3443 3457 3458
f 3459 3458 3457
f 3457 3455 3459
f 3459 3454 3461
f 3462 3459 3461
f 3461 3453 3463
f 3464 3461 3463
f 3463 1941 1360
f 3404 3401 3405
f 3407 3399 3404
f 3409 3397 3407
f 3411 3395 3409
f 3465 3413 3412
f 3467 3469 3466
f 3465 3431 3433
f 3470 3466 3465
f 3438 3432 3435
f 3467 3438 3437
f 3468 3437 3441
f 3471 3468 3472
f 3472 3441 3473
f 3473 3440 2712
f 2712 3119 3128
f 3475 3472 3474
f 3474 3473 3476
f 3476 2712 2711
f 3477 2711 2400
f 3478 3476 3477
f 3479 3474 3478
f 3392 3413 3480
f 3466 3480 3413
f 3419 3392 3480
f 3390 3480 3391
f 3469 3391 3480
f 3389 3471 3475
f 3387 3475 3479
f 3385 3479 3481
f 3482 2400 2402
f 3483 3477 3482
f 3481 3478 3483
f 3484 2402 2707
f 3058 2707 2708
f 3061 3484 3058
f 3485 3482 3484
f 3382 3481 3486
f 3486 3483 3485
f 3426 3382 3487
f 3487 3486 1962
f 3486 3061 1962
f 1961 3487 1962
f 3057 3426 3487
f 3428 3402 3488
f 3427 3403 3428
f 3429 3406 3427
f 3430 3408 3429
f 3431 3410 3430
f 3470 3433 3432
f 3434 3438 3435
f 2723 3439 3434
f 2875 3433 3431
f 2736 3435 3432
f 2947 3488 3500
f 3464 1360 3497
f 1900 1924 1901
f 1736 1718 1750
f 1955 1943 1956
f 1671 1735 1751
f 1696 1698 1692
f 1800 1864 1801
f 2063 2056 2060
f 1737 1717 1736
f 1751 1697 1695
f 943 3899 684
f 3656 3402 3605
f 1577 1764 1703
f 3917 1599 3923
f 1945 82 1944
f 68 7 248
f 147 1543 148
f 1109 1133 1102
f 1503 1907 1908
f 1499 1909 1498
f 452 735 215
f 1824 3835 3845
f 1825 2068 1824
f 1463 1022 1194
f 841 1009 1011
f 1568 1955 1534
f 1926 1927 1923
f 1910 1502 1939
f 1939 422 442
f 309 1940 308
f 1804 1866 1803
f 269 1954 56
f 2065 2060 2056
f 3812 1758 3835
f 280 552 1940
f 1875 1869 1874
f 1739 1734 1737
f 1778 1790 1788
f 310 1915 279
f 1909 1906 1954
f 1789 1778 1788
f 978 980 979
f 1584 1731 1583
f 425 311 312
f 148 115 116
f 2044 3894 2046
f 277 1939 551
f 1943 1945 1944
f 1461 1463 1464
f 2253 3056 3055
f 2981 3489 958
f 2209 3489 3055
f 2254 3055 3489
f 2998 958 3489
f 2826 2721 2724
f 3490 2721 2817
f 2816 3490 2817
f 2334 2296 2335
f 2298 2334 2336
f 2301 2336 2338
f 2311 2338 2354
f 2312 2354 2355
f 2359 2361 2360
f 2335 2359 2360
f 2414 2365 2364
f 2413 2361 2365
f 2355 2540 2541
f 2541 2539 2542
f 2722 2739 2738
f 3114 2738 3113
f 3110 3121 3120
f 3108 3120 3113
f 3122 3127 3126
f 3112 3126 3121
f 3127 1753 3135
f 3139 2529 2542
f 3744 3133 3139
f 3490 2740 2739
f 3491 2789 3490
f 228 91 88
f 245 243 242
f 248 247 191
f 2 296 295
f 145 300 267
f 327 210 328
f 329 331 330
f 250 228 236
f 239 240 230
f 373 375 374
f 178 176 175
f 1218 1228 1321
f 3862 1295 3854
f 808 824 823
f 3858 1013 1014
f 3813 1411 1413
f 2154 2159 2160
f 3845 1758 1757
f 306 1922 452
f 2157 1976 1977
f 708 2031 1474
f 1450 1227 1428
f 1672 1605 1624
f 1813 1821 1816
f 1717 1715 1718
f 176 402 347
f 1710 3916 3915
f 1712 1577 1711
f 1705 1711 1704
f 971 979 970
f 822 1094 1102
f 2909 2793 2792
f 2810 2795 2793
f 2799 2249 2800
f 3662 2910 2799
f 2769 2801 2795
f 3177 3178 3179
f 3178 3180 3179
f 3181 1393 2800
f 3181 1632 3182
f 3182 2244 3183
f 3183 2243 3180
f 3492 2790 3491
f 2808 3491 2816
f 2239 3572 2240
f 1149 3571 3570
f 1150 3567 3571
f 2202 3566 2015
f 2921 3565 2923
f 3568 2133 2928
f 1777 1759 1792
f 1201 1183 1184
f 3561 2195 2194
f 3553 2770 2768
f 3927 1687 1692
f 1516 154 503
f 3549 2974 2803
f 3550 2779 2778
f 2771 3575 3546
f 3070 3546 3558
f 3547 2775 2867
f 1376 1370 1372
f 2767 3556 2206
f 2195 3543 2767
f 2775 3542 2776
f 3377 3545 2871
f 3804 3539 2806
f 2776 3538 2805
f 2240 3535 2920
f 2920 3669 3619
f 3548 2786 2779
f 1805 1851 1804
f 3534 2787 2786
f 2951 3540 3531
f 2772 3531 3575
f 2973 3530 3536
f 2224 3537 3530
f 1957 320 510
f 306 304 303
f 2770 3528 2913
f 2913 3574 2239
f 2923 3527 2922
f 308 431 47
f 207 132 543
f 1879 1881 1880
f 3733 3525 2089
f 2475 3558 3524
f 2476 3524 3523
f 2223 3523 3537
f 3522 2803 2802
f 2037 11 1950
f 1959 450 505
f 2003 3520 2129
f 9 334 540
f 2009 3518 3567
f 2008 3536 3518
f 3877 673 3879
f 3515 2778 2784
f 2935 3513 2936
f 111 3570 3511
f 3510 2935 2938
f 683 3885 943
f 3508 2810 2909
f 736 732 729
f 1795 1803 1796
f 3505 2938 2939
f 3507 2939 2940
f 2950 3504 2949
f 2940 3504 3507
f 3801 3512 2950
f 2868 3502 2869
f 2869 3522 2802
f 1024 1023 1020
f 3500 2948 2947
f 551 442 443
f 2972 3568 2928
f 2032 3499 2972
f 216 1924 1923
f 203 201 200
f 1828 1847 1837
f 1958 449 450
f 272 178 175
f 2871 3495 1361
f 3619 3564 2921
f 2801 3643 3662
f 2005 3654 2176
f 960 899 962
f 3657 3612 3624
f 3780 3646 3151
f 3151 3593 2555
f 2193 3623 2194
f 3607 3145 3144
f 3603 2761 3145
f 3592 3144 3104
f 2926 3634 3103
f 3634 3104 3103
f 3755 3746 3753
f 566 3758 2005
f 3488 1864 3500
f 1602 2079 2078
f 2868 3611 2922
f 2922 3610 2923
f 2923 3618 2921
f 3670 2918 3614
f 3619 3614 2920
f 2921 3670 3619
f 2920 3586 2240
f 3613 2915 2918
f 2917 3622 3641
f 2916 3641 3642
f 2239 3652 2913
f 2911 3652 2757
f 3643 2911 2910
f 2797 3662 3591
f 2797 3598 2750
f 3622 2763 2765
f 3608 2764 2745
f 2194 3648 2221
f 2221 3649 2222
f 2756 3609 2755
f 2750 3609 2747
f 3669 1817 3827
f 3763 1691 1699
f 2515 3590 2548
f 2548 3593 2550
f 2513 3632 3616
f 2513 3621 2515
f 2509 3620 2289
f 2510 3633 2509
f 2289 3639 2283
f 2283 3617 2286
f 2240 3587 2239
f 3659 3624 3626
f 716 3887 3888
f 727 3761 1923
f 2165 2170 2164
f 3660 3626 3629
f 3743 3578 3757
f 2175 769 770
f 2100 2095 2099
f 3758 3757 3578
f 640 3568 1826
f 1653 3553 1651
f 1895 3530 746
f 746 3537 741
f 1653 3528 3576
f 3762 1604 1672
f 2093 2073 2078
f 959 995 884
f 962 919 986
f 1400 1398 1399
f 1000 1127 1004
f 956 884 885
f 1662 3550 1661
f 2034 3546 1654
f 3926 3539 3802
f 3535 766 1817
f 3572 765 766
f 334 3571 335
f 1868 3540 1656
f 1684 1652 1678
f 1682 775 1807
f 1585 3762 1700
f 3763 1672 1673
f 2173 490 491
f 1658 3547 1752
f 3556 1650 724
f 1571 2010 1572
f 1587 3671 2080
f 2099 2077 2094
f 787 1999 786
f 2000 786 1999
f 3155 3697 3683
f 3713 3683 3789
f 2180 3685 3684
f 3496 3684 3705
f 1684 3840 1651
f 1760 3495 3545
f 2607 3693 2590
f 2581 3689 2607
f 2371 3700 3695
f 2371 3693 2372
f 2587 3675 2586
f 2586 3697 339
f 2497 3687 2503
f 2502 3687 3700
f 2494 3690 2495
f 3690 2472 2495
f 3688 2468 2472
f 3701 2469 2468
f 726 3892 630
f 581 3518 580
f 10 3570 334
f 1837 3510 1849
f 741 3523 1300
f 1299 3558 2034
f 1851 3504 1866
f 3527 1820 1819
f 580 3536 1895
f 1758 3522 3502
f 1693 3508 1806
f 3504 1867 1866
f 1894 3568 3499
f 2126 3813 3841
f 3906 3841 3912
f 2113 3867 2110
f 2179 3789 3685
f 624 3904 623
f 2192 3788 3780
f 2177 3787 3733
f 1364 3833 1338
f 3858 1470 1453
f 3135 3775 3744
f 2069 3835 2068
f 1351 3853 1352
f 2108 3901 499
f 2089 3736 3733
f 3828 1358 866
f 2001 3783 2187
f 2187 3719 2091
f 2130 3752 2004
f 2004 3749 2001
f 2014 3779 2201
f 2201 3756 2130
f 3167 3759 2969
f 3168 3720 3167
f 3159 3764 3160
f 3160 3765 3081
f 3730 3158 337
f 3158 3709 3159
f 2200 3730 3722
f 3685 3742 2204
f 3722 2197 2200
f 3790 2092 3721
f 3774 3721 2197
f 3154 3790 3774
f 3155 3706 3154
f 2091 3721 2092
f 2196 3750 3776
f 2193 3776 3781
f 3604 3781 3788
f 2086 3780 3778
f 2087 3778 3777
f 2204 3751 2205
f 2205 3750 3148
f 3909 574 692
f 2124 3777 3760
f 2208 3760 3782
f 3711 3140 3137
f 3785 3138 3140
f 3745 3139 3138
f 3771 3136 2322
f 3712 3137 3136
f 3775 3131 3133
f 3767 3132 3131
f 1813 3838 1814
f 1293 3856 1344
f 2184 3748 3732
f 2181 3732 3734
f 3765 3079 3081
f 3768 3080 3079
f 709 3875 2031
f 2774 3737 3769
f 3786 2134 3559
f 3809 766 765
f 2968 3766 2959
f 2969 3784 2968
f 2958 3737 2961
f 2132 3766 2960
f 2321 3771 3748
f 3860 1449 28
f 3905 582 710
f 3886 577 574
f 3847 1818 3827
f 705 3887 2121
f 3816 3907 698
f 2111 3911 2113
f 3810 1366 1411
f 1812 3822 1815
f 675 3852 674
f 3496 3851 675
f 2110 3868 2109
f 2104 3901 2106
f 2109 3899 944
f 3842 703 739
f 1680 3846 1684
f 1639 3819 3818
f 623 3906 697
f 2139 3866 3865
f 1808 3844 3837
f 3820 1819 1820
f 3872 3900 706
f 1646 3830 1648
f 3889 633 577
f 2139 3875 18
f 2156 3871 3874
f 674 3913 3869
f 2117 3812 2069
f 1815 3847 3823
f 3855 1444 1470
f 697 3912 3816
f 866 3836 3828
f 3864 2136 2135
f 3585 3726 3589
f 3583 3731 3585
f 3753 3738 3739
f 3740 3581 3743
f 1088 3746 1093
f 3739 3743 3753
f 2791 3493 2792
f 3492 2807 3493
f 2792 3494 2909
f 3493 2806 3494
f 3508 3494 3516
f 3516 2806 3539
f 2948 3791 3801
f 2105 3896 2104
f 3538 3804 2805
f 680 3876 683
f 1891 3910 3891
f 2905 3801 2950
f 2900 3799 2905
f 2901 3807 2877
f 2734 3806 3794
f 2877 3806 2878
f 2820 3794 2872
f 2818 3792 2827
f 2823 3792 2826
f 2822 3798 2821
f 2819 3800 3798
f 2817 3795 2816
f 2809 3795 2815
f 2808 3803 2807
f 2805 3803 2804
f 1702 3923 1599
f 3922 1797 1802
f 3915 1706 1709
f 3918 1692 1698
f 1657 3880 1879
f 1890 3895 3910
f 3772 1674 1675
f 1689 3772 3773
f 3926 3538 1688
f 3516 1689 3773
f 3917 1703 1764
f 1598 3928 1770
f 3880 1876 1879
f 1691 3925 3927
f 3925 1688 1687
f 1117 1118 3930
f 1066 1322 3930
f 1243 847 3930
f 3825 848 3930
f 1128 1117 3930
f 1129 1130 3930
f 841 1011 3930
f 1230 3863 3930
f 1242 1243 3930
f 1322 1229 3930
f 1064 1065 3930
f 1003 1128 3930
f 1229 1230 3930
f 3863 1285 3930
f 1285 1288 3930
f 848 839 3930
f 847 3825 3930
f 1118 1129 3930
f 1065 1066 3930
f 1087 1086 3930
f 1008 1002 3930
f 1011 1008 3930
f 1002 1003 3930
f 1076 1069 3930
f 838 841 3930
f 839 838 3930
f 1288 1242 3930
f 1130 1087 3930
f 1086 1076 3930
f 1069 1064 3930
f 2410 2414 3931
f 2411 2410 3931
f 3617 2285 3931
f 2394 2393 3931
f 2393 2396 3931
f 2281 2286 3931
f 2282 2280 3931
f 2398 2399 3931
f 2465 2464 3931
f 2396 2397 3931
f 2470 2469 3931
f 2399 2416 3931
f 2480 2395 3931
f 2459 2480 3931
f 2369 2282 3931
f 2460 2459 3931
f 2415 2411 3931
f 2416 2415 3931
f 2364 2363 3931
f 2286 3617 3931
f 2464 2470 3931
f 2469 3703 3931
f 2285 2465 3931
f 2414 2364 3931
f 2395 2394 3931
f 2363 2367 3931
f 2397 2398 3931
f 2280 2281 3931
f 3703 2460 3931
f 2367 2369 3931
f 3934 3937 3938
f 3934 3939 3935
f 3932 3937 3933
f 3938 3943 3939
f 3937 3940 3941
f 3937 3942 3938
f 3942 3947 3943
f 3941 3944 3945
f 3942 3945 3946
f 3947 3950 3951
f 3944 3949 3945
f 3945 3950 3946
f 3950 3955 3951
f 3949 3952 3953
f 3950 3953 3954
f 3955 3958 3959
f 3953 3956 3957
f 3953 3958 3954
f 3959 3962 3963
f 3957 3960 3961
f 3958 3961 3962
f 3962 3967 3963
f 3960 3965 3961
f 3961 3966 3962
f 3966 3971 3967
f 3965 3968 3969
f 3966 3969 3970
f 3970 3975 3971
f 3968 3973 3969
f 3969 3974 3970
f 3974 3979 3975
f 3973 3976 3977
f 3974 3977 3978
f 3979 3982 3983
f 3976 3981 3977
f 3977 3982 3978
f 3982 3987 3983
f 3981 3984 3985
f 3982 3985 3986
f 3987 3990 3991
f 3984 3989 3985
f 3985 3990 3986
f 3991 3994 3995
f 3989 3992 3993
f 3990 3993 3994
f 3995 3998 3999
f 3992 3997 3993
f 3993 3998 3994
f 3998 4003 3999
f 3997 4000 4001
f 3998 4001 4002
f 4002 4007 4003
f 4000 4005 4001
f 4001 4006 4002
f 4006 4011 4007
f 4005 4008 4009
f 4006 4009 4010
f 4011 4014 4015
f 4008 4013 4009
f 4009 4014 4010
f 4014 4019 4015
f 4013 4016 4017
f 4014 4017 4018
f 4019 4022 4023
f 4016 4021 4017
f 4017 4022 4018
f 4023 4026 4027
f 4021 4024 4025
f 4022 4025 4026
f 4027 4030 4031
f 4024 4029 4025
f 4025 4030 4026
f 4031 4034 4035
f 4029 4032 4033
f 4030 4033 4034
f 4034 4039 4035
f 4032 4037 4033
f 4033 4038 4034
f 4038 4043 4039
f 4037 4040 4041
f 4038 4041 4042
f 4043 4046 4047
f 4040 4045 4041
f 4041 4046 4042
f 4046 4051 4047
f 4045 4048 4049
f 4046 4049 4050
f 4051 4055 4056
f 4048 4054 4049
f 4049 4055 4050
f 4056 4059 4060
f 4053 4058 4054
f 4055 4058 4059
f 3932 4052 3936
f 3936 4052 3940
f 3940 4052 3944
f 3944 4052 3948
f 3948 4052 3952
f 3952 4052 3956
f 3956 4052 3960
f 3960 4052 3964
f 3964 4052 3968
f 3968 4052 3972
f 3972 4052 3976
f 3976 4052 3980
f 3980 4052 3984
f 3984 4052 3988
f 3988 4052 3992
f 3992 4052 3996
f 3996 4052 4000
f 4000 4052 4004
f 4004 4052 4008
f 4008 4052 4012
f 4012 4052 4016
f 4016 4052 4020
f 4020 4052 4024
f 4024 4052 4028
f 4028 4052 4032
f 4032 4052 4036
f 4036 4052 4040
f 4040 4052 4044
f 4044 4052 4048
f 4048 4052 4053
f 4053 4052 4057
f 4060 3934 3935
f 4058 3932 3933
f 4058 3934 4059
f 4057 4052 3932
f 4069 4081 4082
f 4066 4080 4067
f 4065 4077 4078
f 4063 4075 4076
f 4071 4085 4072
f 4069 4083 4070
f 4067 4081 4068
f 4066 4078 4079
f 4063 4077 4064
f 4061 4075 4062
f 4072 4086 4073
f 4071 4083 4084
f 4076 4090 4077
f 4074 4088 4075
f 4086 4098 4099
f 4083 4097 4084
f 4082 4094 4095
f 4079 4093 4080
f 4078 4090 4091
f 4076 4088 4089
f 4085 4097 4098
f 4082 4096 4083
f 4080 4094 4081
f 4079 4091 4092
f 4089 4103 4090
f 4088 4100 4101
f 4098 4112 4099
f 4096 4110 4097
f 4095 4107 4108
f 4092 4106 4093
f 4090 4104 4091
f 4089 4101 4102
f 4097 4111 4098
f 4095 4109 4096
f 4094 4106 4107
f 4092 4104 4105
f 4103 4115 4116
f 4100 4114 4101
f 4112 4124 4125
f 4110 4122 4123
f 4107 4121 4108
f 4105 4119 4106
f 4103 4117 4104
f 4101 4115 4102
f 4110 4124 4111
f 4109 4121 4122
f 4107 4119 4120
f 4105 4117 4118
f 4115 4129 4116
f 4114 4126 4127
f 4124 4138 4125
f 4123 4135 4136
f 4120 4134 4121
f 4119 4131 4132
f 4117 4129 4130
f 4114 4128 4115
f 4124 4136 4137
f 4122 4134 4135
f 4119 4133 4120
f 4117 4131 4118
f 4129 4141 4142
f 4126 4140 4127
f 4138 4150 4151
f 4136 4148 4149
f 4133 4147 4134
f 4131 4145 4132
f 4130 4142 4143
f 4127 4141 4128
f 4137 4149 4150
f 4135 4147 4148
f 4132 4146 4133
f 4131 4143 4144
f 4142 4154 4155
f 4140 4152 4153
f 4150 4164 4151
f 4149 4161 4162
f 4146 4160 4147
f 4144 4158 4145
f 4142 4156 4143
f 4140 4154 4141
f 4149 4163 4150
f 4148 4160 4161
f 4146 4158 4159
f 4144 4156 4157
f 4155 4167 4168
f 4153 4165 4166
f 4163 4177 4164
f 4161 4175 4162
f 4159 4173 4160
f 4158 4170 4171
f 4155 4169 4156
f 4153 4167 4154
f 4163 4175 4176
f 4161 4173 4174
f 4159 4171 4172
f 4156 4170 4157
f 4167 4181 4168
f 4165 4179 4166
f 4176 4190 4177
f 4175 4187 4188
f 4173 4185 4186
f 4170 4184 4171
f 4169 4181 4182
f 4167 4179 4180
f 4175 4189 4176
f 4173 4187 4174
f 4171 4185 4172
f 4170 4182 4183
f 4180 4194 4181
f 4178 4192 4179
f 4190 4202 4203
f 4187 4201 4188
f 4186 4198 4199
f 4183 4197 4184
f 4182 4194 4195
f 4180 4192 4193
f 4189 4201 4202
f 4186 4200 4187
f 4184 4198 4185
f 4183 4195 4196
f 4193 4207 4194
f 4192 4204 4205
f 4202 4216 4203
f 4200 4214 4201
f 4199 4211 4212
f 4196 4210 4197
f 4194 4208 4195
f 4193 4205 4206
f 4201 4215 4202
f 4199 4213 4200
f 4198 4210 4211
f 4196 4208 4209
f 4207 4219 4220
f 4204 4218 4205
f 4216 4228 4229
f 4213 4227 4214
f 4211 4225 4212
f 4209 4223 4210
f 4207 4221 4208
f 4205 4219 4206
f 4214 4228 4215
f 4213 4225 4226
f 4211 4223 4224
f 4209 4221 4222
f 4219 4233 4220
f 4218 4230 4231
f 4228 4242 4229
f 4226 4240 4227
f 4225 4237 4238
f 4223 4235 4236
f 4221 4233 4234
f 4218 4232 4219
f 4228 4240 4241
f 4226 4238 4239
f 4223 4237 4224
f 4221 4235 4222
f 4233 4245 4246
f 4230 4244 4231
f 4242 4254 4255
f 4240 4252 4253
f 4237 4251 4238
f 4235 4249 4236
f 4234 4246 4247
f 4231 4245 4232
f 4241 4253 4254
f 4239 4251 4252
f 4236 4250 4237
f 4235 4247 4248
f 4246 4258 4259
f 4244 4256 4257
f 4254 4268 4255
f 4253 4265 4266
f 4250 4264 4251
f 4248 4262 4249
f 4246 4260 4247
f 4244 4258 4245
f 4253 4267 4254
f 4252 4264 4265
f 4250 4262 4263
f 4248 4260 4261
f 4259 4271 4272
f 4257 4269 4270
f 4267 4281 4268
f 4265 4279 4266
f 4263 4277 4264
f 4262 4274 4275
f 4259 4273 4260
f 4257 4271 4258
f 4266 4280 4267
f 4265 4277 4278
f 4263 4275 4276
f 4260 4274 4261
f 4271 4285 4272
f 4269 4283 4270
f 4281 4293 4294
f 4279 4291 4292
f 4277 4289 4290
f 4274 4288 4275
f 4273 4285 4286
f 4271 4283 4284
f 4280 4292 4293
f 4277 4291 4278
f 4275 4289 4276
f 4274 4286 4287
f 4284 4298 4285
f 4282 4296 4283
f 4294 4306 4307
f 4291 4305 4292
f 4290 4302 4303
f 4287 4301 4288
f 4286 4298 4299
f 4284 4296 4297
f 4293 4305 4306
f 4290 4304 4291
f 4288 4302 4289
f 4287 4299 4300
f 4297 4311 4298
f 4296 4308 4309
f 4306 4320 4307
f 4304 4318 4305
f 4303 4315 4316
f 4300 4314 4301
f 4298 4312 4299
f 4297 4309 4310
f 4305 4319 4306
f 4304 4316 4317
f 4302 4314 4315
f 4300 4312 4313
f 4310 4324 4311
f 4308 4322 4309
f 4320 4332 4333
f 4318 4330 4331
f 4316 4328 4329
f 4313 4327 4314
f 4311 4325 4312
f 4310 4322 4323
f 4318 4332 4319
f 4316 4330 4317
f 4315 4327 4328
f 4312 4326 4313
f 4323 4337 4324
f 4322 4334 4335
f 4332 4346 4333
f 4330 4344 4331
f 4329 4341 4342
f 4327 4339 4340
f 4325 4337 4338
f 4322 4336 4323
f 4332 4344 4345
f 4330 4342 4343
f 4327 4341 4328
f 4325 4339 4326
f 4337 4350 4351
f 4334 4349 4335
f 4346 4359 4360
f 4344 4357 4358
f 4341 4356 4342
f 4340 4353 4354
f 4338 4351 4352
f 4335 4350 4336
f 4345 4358 4359
f 4343 4356 4357
f 4340 4355 4341
f 4338 4353 4339
f 4351 4363 4364
f 4349 4361 4362
f 4359 4373 4360
f 4358 4370 4371
f 4355 4369 4356
f 4354 4366 4367
f 4351 4365 4352
f 4349 4363 4350
f 4358 4372 4359
f 4357 4369 4370
f 4355 4367 4368
f 4352 4366 4353
f 4364 4376 4377
f 4362 4374 4375
f 4373 4385 4386
f 4370 4384 4371
f 4368 4382 4369
f 4367 4379 4380
f 4364 4378 4365
f 4362 4376 4363
f 4372 4384 4385
f 4370 4382 4383
f 4368 4380 4381
f 4365 4379 4366
f 4376 4390 4377
f 4374 4388 4375
f 4385 4399 4386
f 4384 4396 4397
f 4382 4394 4395
f 4379 4393 4380
f 4378 4390 4391
f 4376 4388 4389
f 4384 4398 4385
f 4382 4396 4383
f 4380 4394 4381
f 4379 4391 4392
f 4389 4403 4390
f 4387 4401 4388
f 4399 4411 4412
f 4396 4410 4397
f 4395 4407 4408
f 4393 4405 4406
f 4391 4403 4404
f 4389 4401 4402
f 4398 4410 4411
f 4395 4409 4396
f 4393 4407 4394
f 4391 4405 4392
f 4402 4416 4403
f 4401 4413 4414
f 4411 4425 4412
f 4409 4423 4410
f 4408 4420 4421
f 4406 4418 4419
f 4403 4417 4404
f 4402 4414 4415
f 4410 4424 4411
f 4408 4422 4409
f 4407 4419 4420
f 4404 4418 4405
f 4416 4428 4429
f 4413 4427 4414
f 4425 4437 4438
f 4423 4435 4436
f 4421 4433 4434
f 4418 4432 4419
f 4416 4430 4417
f 4415 4427 4428
f 4423 4437 4424
f 4421 4435 4422
f 4420 4432 4433
f 4418 4430 4431
f 4428 4442 4429
f 4426 4440 4427
f 4437 4451 4438
f 4435 4449 4436
f 4434 4446 4447
f 4432 4444 4445
f 4430 4442 4443
f 4427 4441 4428
f 4437 4449 4450
f 4435 4447 4448
f 4432 4446 4433
f 4430 4444 4431
f 4442 4454 4455
f 4439 4453 4440
f 4451 4463 4464
f 4449 4461 4462
f 4446 4460 4447
f 4444 4458 4445
f 4443 4455 4456
f 4440 4454 4441
f 4450 4462 4463
f 4447 4461 4448
f 4445 4459 4446
f 4444 4456 4457
f 4455 4467 4468
f 4453 4465 4466
f 4463 4477 4464
f 4462 4474 4475
f 4459 4473 4460
f 4457 4471 4458
f 4455 4469 4456
f 4453 4467 4454
f 4462 4476 4463
f 4461 4473 4474
f 4459 4471 4472
f 4457 4469 4470
f 4347 4073 4086
f 4347 4086 4099
f 4347 4099 4112
f 4347 4112 4125
f 4347 4125 4138
f 4347 4138 4151
f 4347 4151 4164
f 4347 4164 4177
f 4347 4177 4190
f 4347 4190 4203
f 4347 4203 4216
f 4347 4216 4229
f 4347 4229 4242
f 4347 4242 4255
f 4347 4255 4268
f 4347 4268 4281
f 4347 4281 4294
f 4347 4294 4307
f 4347 4307 4320
f 4347 4320 4333
f 4347 4333 4346
f 4347 4346 4360
f 4347 4360 4373
f 4347 4373 4386
f 4347 4386 4399
f 4347 4399 4412
f 4347 4412 4425
f 4347 4425 4438
f 4347 4438 4451
f 4347 4451 4464
f 4347 4464 4477
f 4468 4063 4064
f 4466 4061 4062
f 4477 4072 4073
f 4474 4071 4475
f 4472 4069 4473
f 4471 4066 4067
f 4468 4065 4469
f 4466 4063 4467
f 4347 4477 4073
f 4476 4071 4072
f 4474 4069 4070
f 4472 4067 4068
f 4469 4066 4470
f 3935 4465 4060
f 4465 4056 4060
f 4452 4051 4056
f 4439 4047 4051
f 4047 4413 4043
f 4043 4400 4039
f 4039 4387 4035
f 4387 4031 4035
f 4031 4361 4027
f 4361 4023 4027
f 4348 4019 4023
f 4334 4015 4019
f 4015 4308 4011
f 4011 4295 4007
f 4007 4282 4003
f 4282 3999 4003
f 3999 4256 3995
f 4256 3991 3995
f 4243 3987 3991
f 4230 3983 3987
f 3983 4204 3979
f 3979 4191 3975
f 3975 4178 3971
f 4178 3967 3971
f 3967 4152 3963
f 4152 3959 3963
f 4139 3955 3959
f 4126 3951 3955
f 3951 4100 3947
f 3947 4087 3943
f 3943 4074 3939
f 4074 3935 3939
f 4480 4483 4484
f 4480 4485 4481
f 4479 4482 4483
f 4484 4489 4485
f 4482 4487 4483
f 4483 4488 4484
f 4488 4493 4489
f 4487 4490 4491
f 4488 4491 4492
f 4493 4496 4497
f 4490 4495 4491
f 4491 4496 4492
f 4496 4501 4497
f 4495 4498 4499
f 4496 4499 4500
f 4501 4504 4505
f 4498 4503 4499
f 4499 4504 4500
f 4505 4508 4509
f 4503 4506 4507
f 4504 4507 4508
f 4509 4512 4513
f 4506 4511 4507
f 4507 4512 4508
f 4513 4516 4517
f 4511 4514 4515
f 4512 4515 4516
f 4516 4521 4517
f 4514 4519 4515
f 4515 4520 4516
f 4520 4525 4521
f 4518 4523 4519
f 4520 4523 4524
f 4525 4528 4529
f 4522 4527 4523
f 4523 4528 4524
f 4528 4533 4529
f 4527 4530 4531
f 4528 4531 4532
f 4533 4536 4537
f 4530 4535 4531
f 4531 4536 4532
f 4537 4540 4541
f 4534 4539 4535
f 4536 4539 4540
f 4541 4544 4545
f 4539 4542 4543
f 4539 4544 4540
f 4544 4549 4545
f 4542 4547 4543
f 4544 4547 4548
f 4548 4553 4549
f 4547 4550 4551
f 4547 4552 4548
f 4552 4557 4553
f 4551 4554 4555
f 4552 4555 4556
f 4557 4560 4561
f 4554 4559 4555
f 4555 4560 4556
f 4560 4565 4561
f 4559 4562 4563
f 4560 4563 4564
f 4565 4568 4569
f 4562 4567 4563
f 4563 4568 4564
f 4569 4572 4573
f 4567 4570 4571
f 4568 4571 4572
f 4572 4577 4573
f 4570 4575 4571
f 4571 4576 4572
f 4576 4581 4577
f 4575 4578 4579
f 4576 4579 4580
f 4580 4585 4581
f 4578 4583 4579
f 4579 4584 4580
f 4584 4589 4585
f 4583 4586 4587
f 4584 4587 4588
f 4589 4592 4593
f 4586 4591 4587
f 4587 4592 4588
f 4592 4597 4593
f 4591 4594 4595
f 4592 4595 4596
f 4597 4601 4602
f 4594 4600 4595
f 4595 4601 4596
f 4602 4605 4606
f 4600 4603 4604
f 4601 4604 4605
f 4478 4598 4482
f 4482 4598 4486
f 4486 4598 4490
f 4490 4598 4494
f 4494 4598 4498
f 4498 4598 4502
f 4502 4598 4506
f 4506 4598 4510
f 4510 4598 4514
f 4514 4598 4518
f 4518 4598 4522
f 4522 4598 4526
f 4526 4598 4530
f 4530 4598 4534
f 4534 4598 4538
f 4538 4598 4542
f 4542 4598 4546
f 4546 4598 4550
f 4550 4598 4554
f 4554 4598 4558
f 4558 4598 4562
f 4562 4598 4566
f 4566 4598 4570
f 4570 4598 4574
f 4574 4598 4578
f 4578 4598 4582
f 4582 4598 4586
f 4586 4598 4590
f 4590 4598 4594
f 4594 4598 4599
f 4599 4598 4603
f 4606 4480 4481
f 4603 4479 4604
f 4604 4480 4605
f 4603 4598 4478
f 4615 4627 4628
f 4612 4626 4613
f 4611 4623 4624
f 4609 4621 4622
f 4618 4630 4631
f 4615 4629 4616
f 4613 4627 4614
f 4612 4624 4625
f 4609 4623 4610
f 4607 4621 4608
f 4619 4631 4632
f 4617 4629 4630
f 4622 4636 4623
f 4620 4634 4621
f 4632 4644 4645
f 4629 4643 4630
f 4628 4640 4641
f 4626 4638 4639
f 4624 4636 4637
f 4622 4634 4635
f 4631 4643 4644
f 4628 4642 4629
f 4626 4640 4627
f 4624 4638 4625
f 4635 4649 4636
f 4634 4646 4647
f 4644 4658 4645
f 4642 4656 4643
f 4641 4653 4654
f 4639 4651 4652
f 4636 4650 4637
f 4635 4647 4648
f 4643 4657 4644
f 4642 4654 4655
f 4640 4652 4653
f 4637 4651 4638
f 4648 4662 4649
f 4646 4660 4647
f 4658 4670 4671
f 4656 4668 4669
f 4653 4667 4654
f 4651 4665 4652
f 4649 4663 4650
f 4648 4660 4661
f 4656 4670 4657
f 4654 4668 4655
f 4653 4665 4666
f 4651 4663 4664
f 4661 4675 4662
f 4660 4672 4673
f 4670 4684 4671
f 4668 4682 4669
f 4667 4679 4680
f 4665 4677 4678
f 4663 4675 4676
f 4661 4673 4674
f 4670 4682 4683
f 4667 4681 4668
f 4665 4679 4666
f 4663 4677 4664
f 4675 4687 4688
f 4672 4686 4673
f 4684 4696 4697
f 4682 4694 4695
f 4679 4693 4680
f 4678 4690 4691
f 4676 4688 4689
f 4673 4687 4674
f 4683 4695 4696
f 4681 4693 4694
f 4678 4692 4679
f 4676 4690 4677
f 4688 4700 4701
f 4686 4698 4699
f 4696 4710 4697
f 4695 4707 4708
f 4692 4706 4693
f 4691 4703 4704
f 4688 4702 4689
f 4686 4700 4687
f 4695 4709 4696
f 4694 4706 4707
f 4692 4704 4705
f 4689 4703 4690
f 4701 4713 4714
f 4699 4711 4712
f 4710 4722 4723
f 4707 4721 4708
f 4705 4719 4706
f 4704 4716 4717
f 4701 4715 4702
f 4699 4713 4700
f 4709 4721 4722
f 4707 4719 4720
f 4705 4717 4718
f 4702 4716 4703
f 4713 4727 4714
f 4711 4725 4712
f 4723 4735 4736
f 4721 4733 4734
f 4719 4731 4732
f 4716 4730 4717
f 4715 4727 4728
f 4713 4725 4726
f 4721 4735 4722
f 4719 4733 4720
f 4717 4731 4718
f 4716 4728 4729
f 4726 4740 4727
f 4724 4738 4725
f 4736 4748 4749
f 4733 4747 4734
f 4732 4744 4745
f 4730 4742 4743
f 4728 4740 4741
f 4726 4738 4739
f 4735 4747 4748
f 4732 4746 4733
f 4730 4744 4731
f 4728 4742 4729
f 4739 4753 4740
f 4738 4750 4751
f 4748 4762 4749
f 4746 4760 4747
f 4745 4757 4758
f 4743 4755 4756
f 4740 4754 4741
f 4739 4751 4752
f 4747 4761 4748
f 4745 4759 4746
f 4744 4756 4757
f 4741 4755 4742
f 4753 4765 4766
f 4750 4764 4751
f 4762 4774 4775
f 4759 4773 4760
f 4758 4770 4771
f 4755 4769 4756
f 4753 4767 4754
f 4752 4764 4765
f 4760 4774 4761
f 4758 4772 4759
f 4757 4769 4770
f 4755 4767 4768
f 4765 4779 4766
f 4764 4776 4777
f 4774 4788 4775
f 4772 4786 4773
f 4771 4783 4784
f 4769 4781 4782
f 4767 4779 4780
f 4765 4777 4778
f 4774 4786 4787
f 4771 4785 4772
f 4769 4783 4770
f 4767 4781 4768
f 4779 4791 4792
f 4776 4790 4777
f 4788 4800 4801
f 4786 4798 4799
f 4783 4797 4784
f 4782 4794 4795
f 4780 4792 4793
f 4777 4791 4778
f 4787 4799 4800
f 4785 4797 4798
f 4782 4796 4783
f 4780 4794 4781
f 4792 4804 4805
f 4790 4802 4803
f 4800 4814 4801
f 4799 4811 4812
f 4796 4810 4797
f 4795 4807 4808
f 4792 4806 4793
f 4790 4804 4791
f 4799 4813 4800
f 4798 4810 4811
f 4796 4808 4809
f 4793 4807 4794
f 4805 4817 4818
f 4803 4815 4816
f 4814 4826 4827
f 4811 4825 4812
f 4809 4823 4810
f 4808 4820 4821
f 4805 4819 4806
f 4803 4817 4804
f 4813 4825 4826
f 4811 4823 4824
f 4809 4821 4822
f 4806 4820 4807
f 4817 4831 4818
f 4815 4829 4816
f 4826 4840 4827
f 4825 4837 4838
f 4823 4835 4836
f 4820 4834 4821
f 4819 4831 4832
f 4817 4829 4830
f 4825 4839 4826
f 4823 4837 4824
f 4821 4835 4822
f 4820 4832 4833
f 4830 4844 4831
f 4828 4842 4829
f 4840 4852 4853
f 4837 4851 4838
f 4836 4848 4849
f 4834 4846 4847
f 4832 4844 4845
f 4830 4842 4843
f 4839 4851 4852
f 4836 4850 4837
f 4834 4848 4835
f 4832 4846 4833
f 4843 4857 4844
f 4842 4854 4855
f 4852 4866 4853
f 4850 4864 4851
f 4849 4861 4862
f 4847 4859 4860
f 4844 4858 4845
f 4843 4855 4856
f 4851 4865 4852
f 4849 4863 4850
f 4848 4860 4861
f 4845 4859 4846
f 4857 4869 4870
f 4855 4867 4868
f 4866 4878 4879
f 4864 4876 4877
f 4862 4874 4875
f 4859 4873 4860
f 4857 4871 4858
f 4856 4868 4869
f 4864 4878 4865
f 4862 4876 4863
f 4861 4873 4874
f 4859 4871 4872
f 4869 4883 4870
f 4868 4880 4881
f 4878 4892 4879
f 4877 4889 4890
f 4874 4888 4875
f 4873 4885 4886
f 4871 4883 4884
f 4868 4882 4869
f 4878 4890 4891
f 4876 4888 4889
f 4873 4887 4874
f 4871 4885 4872
f 4883 4896 4897
f 4880 4895 4881
f 4892 4905 4906
f 4890 4903 4904
f 4887 4902 4888
f 4885 4900 4886
f 4884 4897 4898
f 4881 4896 4882
f 4891 4904 4905
f 4889 4902 4903
f 4886 4901 4887
f 4885 4898 4899
f 4897 4909 4910
f 4895 4907 4908
f 4905 4919 4906
f 4904 4916 4917
f 4901 4915 4902
f 4899 4913 4900
f 4897 4911 4898
f 4895 4909 4896
f 4904 4918 4905
f 4903 4915 4916
f 4901 4913 4914
f 4899 4911 4912
f 4910 4922 4923
f 4908 4920 4921
f 4919 4931 4932
f 4916 4930 4917
f 4914 4928 4915
f 4913 4925 4926
f 4910 4924 4911
f 4908 4922 4909
f 4918 4930 4931
f 4916 4928 4929
f 4914 4926 4927
f 4911 4925 4912
f 4922 4936 4923
f 4920 4934 4921
f 4931 4945 4932
f 4930 4942 4943
f 4928 4940 4941
f 4925 4939 4926
f 4924 4936 4937
f 4922 4934 4935
f 4930 4944 4931
f 4928 4942 4929
f 4926 4940 4927
f 4925 4937 4938
f 4935 4949 4936
f 4933 4947 4934
f 4945 4957 4958
f 4942 4956 4943
f 4941 4953 4954
f 4938 4952 4939
f 4937 4949 4950
f 4935 4947 4948
f 4944 4956 4957
f 4941 4955 4942
f 4939 4953 4940
f 4938 4950 4951
f 4948 4962 4949
f 4947 4959 4960
f 4957 4971 4958
f 4955 4969 4956
f 4954 4966 4967
f 4951 4965 4952
f 4949 4963 4950
f 4948 4960 4961
f 4956 4970 4957
f 4954 4968 4955
f 4953 4965 4966
f 4951 4963 4964
f 4962 4974 4975
f 4959 4973 4960
f 4971 4983 4984
f 4968 4982 4969
f 4966 4980 4967
f 4964 4978 4965
f 4962 4976 4963
f 4960 4974 4961
f 4969 4983 4970
f 4967 4981 4968
f 4966 4978 4979
f 4964 4976 4977
f 4975 4987 4988
f 4973 4985 4986
f 4983 4997 4984
f 4981 4995 4982
f 4979 4993 4980
f 4978 4990 4991
f 4976 4988 4989
f 4973 4987 4974
f 4983 4995 4996
f 4981 4993 4994
f 4978 4992 4979
f 4976 4990 4977
f 4988 5000 5001
f 4985 4999 4986
f 4997 5009 5010
f 4995 5007 5008
f 4992 5006 4993
f 4991 5003 5004
f 4989 5001 5002
f 4986 5000 4987
f 4996 5008 5009
f 4994 5006 5007
f 4991 5005 4992
f 4989 5003 4990
f 5001 5013 5014
f 4999 5011 5012
f 5009 5023 5010
f 5008 5020 5021
f 5005 5019 5006
f 5004 5016 5017
f 5001 5015 5002
f 4999 5013 5000
f 5008 5022 5009
f 5007 5019 5020
f 5005 5017 5018
f 5002 5016 5003
f 4893 4619 4632
f 4893 4632 4645
f 4893 4645 4658
f 4893 4658 4671
f 4893 4671 4684
f 4893 4684 4697
f 4893 4697 4710
f 4893 4710 4723
f 4893 4723 4736
f 4893 4736 4749
f 4893 4749 4762
f 4893 4762 4775
f 4893 4775 4788
f 4893 4788 4801
f 4893 4801 4814
f 4893 4814 4827
f 4893 4827 4840
f 4893 4840 4853
f 4893 4853 4866
f 4893 4866 4879
f 4893 4879 4892
f 4893 4892 4906
f 4893 4906 4919
f 4893 4919 4932
f 4893 4932 4945
f 4893 4945 4958
f 4893 4958 4971
f 4893 4971 4984
f 4893 4984 4997
f 4893 4997 5010
f 4893 5010 5023
f 5014 4609 4610
f 5012 4607 4608
f 5022 4619 5023
f 5020 4617 5021
f 5018 4615 5019
f 5017 4612 4613
f 5014 4611 5015
f 5012 4609 5013
f 4893 5023 4619
f 5021 4618 5022
f 5020 4615 4616
f 5018 4613 4614
f 5015 4612 5016
f 4481 5011 4606
f 5011 4602 4606
f 4998 4597 4602
f 4985 4593 4597
f 4593 4959 4589
f 4589 4946 4585
f 4585 4933 4581
f 4933 4577 4581
f 4577 4907 4573
f 4907 4569 4573
f 4894 4565 4569
f 4880 4561 4565
f 4561 4854 4557
f 4557 4841 4553
f 4553 4828 4549
f 4828 4545 4549
f 4545 4802 4541
f 4802 4537 4541
f 4789 4533 4537
f 4776 4529 4533
f 4529 4750 4525
f 4525 4737 4521
f 4521 4724 4517
f 4724 4513 4517
f 4513 4698 4509
f 4698 4505 4509
f 4685 4501 4505
f 4672 4497 4501
f 4497 4646 4493
f 4493 4633 4489
f 4489 4620 4485
f 4620 4481 4485
f 4 3 2
f 8 7 6
f 13 16 15
f 17 28 19
f 32 31 30
f 36 35 34
f 37 40 39
f 21 22 23
f 25 26 27
f 41 44 43
f 48 47 46
f 52 51 50
f 53 56 55
f 60 59 58
f 29 30 62
f 66 65 64
f 67 5 6
f 72 71 70
f 76 75 74
f 77 80 79
f 81 84 83
f 59 87 86
f 88 91 90
f 96 95 94
f 100 99 98
f 101 104 103
f 106 105 34
f 108 116 115
f 117 119 36
f 124 127 126
f 131 130 129
f 132 102 134
f 142 141 140
f 148 106 60
f 144 143 127
f 149 152 151
f 156 155 154
f 159 150 158
f 116 108 164
f 171 170 169
f 174 126 173
f 179 182 181
f 186 189 188
f 194 197 196
f 199 142 139
f 206 209 208
f 213 212 211
f 202 215 214
f 96 93 216
f 92 238 43
f 97 184 246
f 250 249 229
f 252 254 58
f 258 257 256
f 260 91 229
f 110 111 112
f 114 264 263
f 265 268 267
f 56 53 270
f 274 273 249
f 185 183 63
f 280 279 278
f 285 284 283
f 288 219 211
f 141 142 92
f 289 290 175
f 148 116 105
f 312 311 170
f 238 262 42
f 318 163 160
f 310 309 308
f 241 239 325
f 160 230 240
f 47 48 307
f 108 109 315
f 345 85 86
f 348 351 350
f 356 359 358
f 355 354 353
f 363 31 32
f 364 252 253
f 366 125 368
f 183 372 371
f 163 162 161
f 209 226 101
f 378 377 165
f 379 295 381
f 383 382 3
f 284 285 386
f 387 127 389
f 391 259 229
f 73 281 397
f 405 408 407
f 203 218 411
f 414 121 413
f 1 356 357
f 277 276 131
f 254 344 57
f 358 384 415
f 417 416 386
f 401 400 192
f 419 389 127
f 421 181 182
f 103 301 302
f 428 367 368
f 380 390 359
f 62 204 266
f 140 141 431
f 357 358 351
f 356 1 379
f 415 392 403
f 437 428 436
f 438 441 440
f 188 451 450
f 265 455 181
f 224 185 64
f 237 212 213
f 275 131 128
f 281 282 460
f 50 462 79
f 73 74 282
f 468 467 466
f 390 355 352
f 482 485 484
f 489 488 487
f 493 496 495
f 472 471 470
f 502 501 500
f 220 221 222
f 512 419 143
f 518 517 511
f 513 239 230
f 205 30 31
f 189 370 451
f 163 318 532
f 533 224 225
f 446 448 447
f 335 541 540
f 544 512 546
f 329 519 291
f 199 534 262
f 385 386 416
f 532 190 191
f 363 117 118
f 578 581 580
f 573 572 571
f 561 563 562
f 241 260 259
f 590 593 592
f 545 546 595
f 503 154 155
f 606 625 624
f 478 481 480
f 646 649 648
f 590 591 689
f 564 565 651
f 728 246 184
f 714 724 716
f 692 574 575
f 541 335 581
f 346 68 248
f 161 231 230
f 128 129 94
f 698 705 704
f 574 577 576
f 290 289 401
f 630 631 725
f 733 736 735
f 755 466 496
f 759 480 481
f 757 763 762
f 764 496 466
f 768 767 3808
f 759 760 488
f 492 474 475
f 474 770 769
f 773 468 465
f 771 774 486
f 484 485 775
f 774 776 489
f 495 496 764
f 495 757 761
f 137 397 784
f 325 239 797
f 165 519 51
f 369 32 29
f 730 731 568
f 90 302 301
f 243 118 516
f 800 734 806
f 817 815 808
f 816 808 823
f 306 303 447
f 815 810 809
f 829 830 828
f 726 725 501
f 274 427 424
f 879 882 881
f 884 883 879
f 219 218 217
f 906 905 904
f 455 204 205
f 898 882 830
f 903 900 880
f 377 291 519
f 923 949 948
f 946 947 951
f 3519 740 739
f 900 899 886
f 225 64 65
f 182 445 442
f 809 952 947
f 954 960 962
f 927 950 965
f 885 879 880
f 925 927 966
f 343 342 341
f 965 964 971
f 968 971 970
f 972 968 969
f 963 961 981
f 336 337 338
f 992 993 827
f 810 815 996
f 1007 1001 1002
f 1012 826 827
f 1011 1009 1007
f 294 293 292
f 907 908 920
f 1017 579 1019
f 1020 1023 1022
f 1035 1024 1020
f 1061 1060 1047
f 1063 1061 1046
f 1044 1020 1021
f 1102 1094 1097
f 1116 1126 1118
f 1016 1015 1014
f 881 897 904
f 816 1116 1127
f 1094 948 949
f 514 342 167
f 146 145 81
f 1133 1135 1130
f 1102 1133 1126
f 822 1126 1116
f 1145 1143 1148
f 1076 1144 1151
f 1148 1143 1086
f 1109 1097 1114
f 1154 1153 1156
f 1153 925 967
f 3464 3497 463
f 1144 1147 1152
f 1156 967 1163
f 1164 1162 1169
f 1145 1171 1176
f 1114 1115 1154
f 1183 1155 1164
f 1184 1183 1177
f 1069 1151 1062
f 1023 1191 1194
f 1162 1163 1170
f 1195 1184 1185
f 1183 1196 1176
f 1201 1063 1152
f 1061 1063 1201
f 3825 847 843
f 1203 1202 1195
f 1202 1201 1184
f 1218 1060 1203
f 1060 1061 1202
f 1225 1218 1217
f 671 695 694
f 1219 1217 1024
f 1217 1203 1034
f 1226 1014 1015
f 1243 1242 1234
f 1231 1230 1229
f 847 1243 1233
f 843 1233 1244
f 1233 1234 1245
f 1923 3761 233
f 2100 2108 499
f 3914 3864 2135
f 61 62 323
f 210 211 217
f 1299 1310 1309
f 3863 1230 1231
f 1066 1047 1321
f 1322 1321 1228
f 1060 1218 1321
f 1325 1324 1323
f 1244 1245 1332
f 1290 1234 1242
f 1337 1330 1339
f 1330 1332 1340
f 1341 1332 1245
f 1342 1340 1332
f 1343 1342 1341
f 1344 1341 1294
f 3857 3856 1345
f 1347 1348 1342
f 3856 3854 1295
f 1349 1350 1348
f 3861 1349 1347
f 3853 1347 1343
f 906 898 829
f 905 906 1353
f 865 1356 1355
f 1355 1353 829
f 1357 1355 825
f 1356 1354 1353
f 3834 1337 1338
f 866 1358 1356
f 1358 1359 1354
f 3828 878 1337
f 838 1362 1012
f 1363 1364 1338
f 1368 1363 1339
f 1348 1368 1340
f 1371 1369 3824
f 524 525 526
f 528 529 530
f 1372 1370 1369
f 535 536 537
f 1367 1368 1348
f 1370 1354 1359
f 1369 1359 3833
f 1373 910 903
f 555 556 557
f 1374 909 910
f 1373 904 905
f 1374 1373 1375
f 1375 905 1354
f 1378 920 908
f 376 373 651
f 1388 928 973
f 586 587 588
f 1390 1389 1388
f 1391 1388 969
f 597 598 599
f 600 601 602
f 1392 1391 970
f 608 609 610
f 612 524 523
f 614 615 616
f 617 618 25
f 620 621 622
f 1397 1390 1391
f 1398 1397 1392
f 1400 987 920
f 1402 1403 1165
f 636 637 638
f 930 1404 1402
f 641 642 643
f 929 1402 1169
f 1404 1405 1403
f 1411 1366 1365
f 1412 1406 1415
f 652 653 654
f 609 656 657
f 659 660 661
f 558 663 586
f 665 666 667
f 1413 1411 1406
f 1418 1416 3810
f 1417 1372 1371
f 1416 1371 3829
f 1419 1417 1416
f 1386 909 1374
f 677 678 679
f 1385 1386 1420
f 1420 1374 1376
f 685 686 687
f 1421 1420 1422
f 528 690 691
f 1422 1376 1372
f 1018 1019 747
f 699 700 701
f 1424 578 579
f 3663 1597 1767
f 700 699 711
f 1093 3746 3754
f 717 718 530
f 721 722 723
f 704 1650 3543
f 19 1429 1426
f 1429 1428 1427
f 1658 1659 3542
f 1439 1437 1434
f 1437 1436 1435
f 1426 1427 1433
f 1442 1431 1432
f 742 743 744
f 1432 1433 1441
f 751 752 753
f 1438 1434 1403
f 1446 1445 1444
f 1447 1448 1446
f 3860 1447 1443
f 1415 1367 1445
f 1414 1415 1446
f 2173 1683 469
f 777 778 779
f 780 781 782
f 1676 1693 1806
f 3859 1451 1349
f 789 790 791
f 745 792 793
f 652 794 795
f 1455 1458 1457
f 1454 1367 1350
f 610 691 802
f 3831 3816 698
f 1352 1044 1045
f 1015 1016 1459
f 811 812 813
f 2118 3815 3817
f 819 820 821
f 1466 1463 1194
f 1467 1468 1465
f 1182 1165 1468
f 832 812 833
f 835 836 837
f 1467 1466 1190
f 1469 1470 1444
f 840 700 712
f 1453 1470 1469
f 599 844 845
f 1226 1450 3849
f 851 852 853
f 855 744 856
f 858 859 860
f 861 862 863
f 1014 1226 3855
f 867 676 868
f 870 871 872
f 874 875 876
f 1310 1323 1471
f 1476 1433 1427
f 1461 1476 1475
f 887 888 889
f 788 791 892
f 894 895 896
f 1460 1475 1227
f 901 902 524
f 1465 1478 1477
f 1865 3503 3500
f 911 912 913
f 916 917 918
f 1850 3505 3507
f 921 922 895
f 1479 1435 1436
f 926 664 667
f 1481 562 563
f 269 1483 84
f 931 932 933
f 934 935 614
f 936 685 688
f 938 659 662
f 1484 270 122
f 941 942 835
f 320 321 509
f 1849 3510 3505
f 84 1483 1484
f 1487 1490 1488
f 1757 1758 3502
f 365 1492 1491
f 461 79 80
f 117 363 362
f 1494 540 541
f 926 601 957
f 1477 1441 1433
f 1709 1588 1585
f 119 117 1496
f 271 1497 504
f 511 517 189
f 345 1496 1492
f 57 344 299
f 1501 1499 268
f 267 268 1499
f 974 975 976
f 1678 1652 1693
f 3846 1682 1807
f 557 982 663
f 983 941 984
f 1443 1444 3849
f 421 1500 268
f 989 990 991
f 1490 1487 418
f 279 280 309
f 997 868 676
f 998 26 999
f 1504 418 38
f 1506 1508 1507
f 360 361 1508
f 1506 1486 207
f 939 1005 1006
f 270 1484 1483
f 66 63 546
f 1010 742 793
f 367 428 437
f 244 31 363
f 1670 3532 3534
f 209 206 1510
f 388 389 426
f 427 274 250
f 161 520 521
f 100 246 45
f 1025 1026 608
f 1029 1030 1031
f 939 662 1033
f 41 42 594
f 1036 780 783
f 702 701 1038
f 1040 1041 1042
f 362 32 369
f 187 1520 477
f 70 1487 539
f 1049 600 603
f 613 867 869
f 860 1050 1051
f 1005 1052 1053
f 753 1055 1056
f 1057 1058 1059
f 293 288 1522
f 288 212 1521
f 292 1522 1523
f 331 1507 1508
f 306 452 453
f 100 44 41
f 462 1524 78
f 330 331 1524
f 635 1067 1068
f 1485 1527 1526
f 206 1485 1528
f 1070 1071 1072
f 942 941 1073
f 916 933 1075
f 440 1529 1530
f 157 158 1514
f 1529 162 5
f 371 595 546
f 790 586 663
f 1077 858 857
f 1403 1434 1435
f 1080 1081 1082
f 531 520 1529
f 21 1083 1084
f 272 1532 1531
f 690 712 802
f 335 3571 3567
f 1090 1030 1029
f 1092 795 794
f 1533 396 137
f 661 660 1095
f 69 444 445
f 1099 1100 1101
f 38 39 1536
f 1104 1105 1106
f 852 1107 1108
f 1377 908 909
f 291 377 411
f 316 1536 516
f 539 1488 1533
f 1505 1536 316
f 1110 1111 1112
f 1539 1537 460
f 522 441 1537
f 834 837 1120
f 1122 1123 1124
f 612 1125 1041
f 935 793 615
f 276 278 130
f 1686 3549 3522
f 193 190 1541
f 231 521 1540
f 556 1037 982
f 365 253 85
f 190 532 318
f 1810 765 3574
f 3924 1867 3512
f 1132 983 985
f 208 101 102
f 1134 1033 662
f 1491 518 80
f 429 133 1542
f 1137 1138 915
f 172 436 428
f 1139 1140 1141
f 549 96 54
f 1517 1519 1518
f 834 1119 984
f 1543 513 286
f 1544 797 239
f 133 134 1544
f 506 361 257
f 420 327 328
f 1158 1159 1160
f 587 1104 1103
f 607 1161 1027
f 304 1546 1545
f 364 1491 77
f 69 70 198
f 700 840 1112
f 3877 626 3525
f 1166 719 657
f 1167 1168 858
f 1300 3523 3524
f 1172 1173 1174
f 218 203 200
f 1179 1180 1181
f 372 183 97
f 89 104 227
f 1186 1187 1188
f 172 173 1517
f 1482 84 81
f 1090 1192 1193
f 394 395 353
f 526 525 1198
f 1199 1200 1026
f 606 623 697
f 1204 1205 1206
f 1207 1208 523
f 1209 1210 867
f 914 913 685
f 1478 1436 1441
f 1029 1028 1161
f 1211 1212 1213
f 3858 1453 1451
f 844 1215 1216
f 423 193 273
f 1220 1221 1222
f 22 1223 1224
f 882 898 897
f 1519 1517 173
f 1189 1188 1232
f 349 350 550
f 1071 1235 1236
f 1237 1238 1239
f 1221 1186 1189
f 1510 1528 1512
f 939 1032 1241
f 1556 1530 5
f 1553 1554 394
f 404 1556 67
f 1247 1248 1249
f 142 199 238
f 1251 1067 635
f 850 1252 1253
f 1254 1167 1077
f 57 132 133
f 443 430 552
f 1187 1172 1175
f 1256 1070 831
f 432 405 382
f 741 748 747
f 434 350 351
f 349 432 383
f 251 124 1481
f 395 384 352
f 1518 1519 1550
f 1558 410 378
f 109 263 314
f 285 1514 1513
f 395 394 393
f 202 203 410
f 417 408 405
f 1246 1257 1258
f 3 1559 297
f 1259 1260 1261
f 403 404 347
f 955 954 953
f 462 50 51
f 1096 1095 687
f 429 147 60
f 896 1264 1265
f 1267 721 1268
f 423 424 327
f 37 179 180
f 20 23 1187
f 1256 1168 1071
f 1188 1175 1269
f 1236 1270 1271
f 1272 536 535
f 565 564 463
f 1273 792 745
f 876 1254 1255
f 316 33 164
f 437 1516 503
f 194 1494 1495
f 1275 1276 864
f 624 625 631
f 1277 1274 1137
f 569 568 567
f 1481 124 125
f 324 325 547
f 1279 1108 1107
f 1525 332 329
f 1281 1278 1137
f 171 168 1553
f 1488 73 396
f 1557 1561 1562
f 1282 856 1206
f 1053 1277 1278
f 778 777 607
f 713 583 3566
f 251 225 144
f 4 357 348
f 709 708 707
f 728 48 45
f 261 135 1563
f 789 1286 1287
f 74 314 263
f 403 284 385
f 1178 1181 1240
f 1223 1259 1289
f 1220 20 1186
f 296 1518 354
f 784 459 1538
f 1181 1180 1291
f 1269 1292 1257
f 1566 1538 438
f 136 784 1566
f 1563 1564 169
f 107 114 109
f 1297 1282 1298
f 1464 1477 1476
f 1520 187 507
f 1301 1302 1303
f 1306 1307 1308
f 175 456 1532
f 1532 456 200
f 1311 1266 1312
f 872 1314 1315
f 3836 843 878
f 1305 1308 864
f 1040 1275 863
f 1564 1566 399
f 592 1576 1575
f 591 1575 1088
f 1581 1584 1583
f 1196 1152 1147
f 710 582 583
f 285 407 408
f 953 954 961
f 1594 1592 1589
f 1585 1588 1587
f 1592 1591 1590
f 3885 945 944
f 1600 1599 1598
f 1604 1603 1602
f 1399 1392 979
f 1589 1590 1596
f 1610 1609 1608
f 298 257 361
f 551 552 276
f 1627 1626 3814
f 859 811 818
f 1078 857 1328
f 1555 439 1530
f 572 573 680
f 772 465 776
f 977 1281 918
f 404 403 392
f 1054 1331 750
f 1644 1645 1643
f 932 1265 1082
f 1067 1333 1334
f 1540 1539 264
f 597 1335 643
f 471 761 762
f 1642 696 3831
f 1644 1642 3842
f 923 946 950
f 96 549 548
f 520 531 522
f 445 444 443
f 849 839 848
f 480 759 755
f 1646 760 481
f 311 426 1567
f 464 463 3497
f 3497 1360 1361
f 234 237 236
f 190 193 192
f 153 154 152
f 231 287 286
f 1552 1553 1551
f 760 1646 1648
f 3832 1647 1649
f 828 827 826
f 52 167 166
f 1663 1662 1661
f 287 107 115
f 668 671 670
f 634 645 640
f 553 560 559
f 118 36 33
f 492 484 491
f 3552 1652 1651
f 582 589 584
f 384 395 392
f 1381 1382 1383
f 1562 1561 435
f 952 953 951
f 3529 3566 583
f 1660 1661 1667
f 1394 1395 1396
f 1660 1665 1664
f 1671 1670 1669
f 1624 1625 1673
f 1407 1408 1409
f 1677 1676 1675
f 1613 1679 1677
f 1679 1678 1676
f 1626 1681 3811
f 534 199 198
f 803 733 734
f 400 248 191
f 65 66 143
f 3526 1657 1656
f 402 159 157
f 629 628 627
f 461 477 49
f 758 757 495
f 796 787 786
f 406 407 1513
f 342 343 166
f 1694 1659 1658
f 1692 1687 1694
f 3557 1693 1652
f 3921 1704 1703
f 326 547 302
f 3916 3921 1702
f 3919 3918 1698
f 1699 1691 3927
f 1557 406 1560
f 1127 1116 1117
f 400 401 289
f 1706 1702 1707
f 1707 1702 1599
f 1709 1706 1708
f 1714 1712 1711
f 3919 3915 1709
f 1704 1711 1577
f 1716 1714 1713
f 1559 1562 1549
f 1722 1721 1720
f 1335 597 596
f 410 411 377
f 973 1170 1163
f 168 169 399
f 1571 682 1089
f 1572 681 682
f 749 646 647
f 1730 1724 1723
f 1594 1582 1729
f 1729 1723 1591
f 1384 1378 1377
f 1732 1731 1712
f 1724 1730 1731
f 1722 1724 1732
f 1721 1722 1733
f 1734 1733 1716
f 1735 1737 1736
f 1733 1732 1714
f 1663 1664 1741
f 1742 1665 1740
f 1738 1739 1737
f 1665 1660 1666
f 1665 1742 1744
f 1725 1726 1746
f 1591 1725 1745
f 1590 1745 1747
f 1745 1746 1748
f 1659 1688 3538
f 3287 1760 3545
f 1185 1177 1182
f 1664 1744 1749
f 1741 1749 1739
f 1746 1742 1743
f 1726 1744 1742
f 1115 924 1153
f 1654 3546 3575
f 1896 3562 3549
f 1720 1749 1744
f 1721 1739 1749
f 1750 1718 1701
f 1697 1736 1750
f 1151 1152 1063
f 1751 1752 1670
f 1695 1658 1752
f 961 962 986
f 1770 1769 1768
f 1766 1594 1593
f 1731 1759 1579
f 1579 1777 1774
f 3928 1772 1771
f 1764 1772 3928
f 1777 1776 1775
f 3762 3763 1699
f 1004 1127 1128
f 1774 1775 1771
f 987 1400 1399
f 1578 1774 1772
f 1783 1782 1781
f 1597 1598 1770
f 639 1878 3895
f 3928 3929 1769
f 1793 1792 1789
f 3929 3920 1798
f 3508 3516 3773
f 1802 1867 3924
f 1788 1790 1794
f 1793 1794 1795
f 3773 3772 1675
f 1584 1581 1783
f 1771 1797 3920
f 1801 1799 1798
f 1768 1769 1798
f 1775 1796 1797
f 508 514 515
f 1796 1803 1802
f 1800 1798 3920
f 1794 1805 1804
f 3532 1670 1752
f 485 1808 1807
f 3809 3844 1640
f 3837 3844 1810
f 485 482 1640
f 1690 1691 3770
f 487 488 1648
f 3839 1813 1816
f 3838 1811 1648
f 3839 1812 1811
f 1812 1809 487
f 1641 1809 767
f 465 466 755
f 767 1815 3823
f 3822 1816 3826
f 1809 1812 1815
f 3837 1653 1651
f 675 672 3541
f 1814 1649 1822
f 1821 1822 3821
f 1824 1822 1649
f 1827 1849 1850
f 1668 1669 1662
f 1779 1780 1848
f 1790 1827 1805
f 1833 1836 1853
f 3521 3506 693
f 1614 1615 1616
f 1852 1853 3498
f 1620 1621 1622
f 1855 1765 1574
f 1847 1852 3501
f 1766 1765 1855
f 1629 1630 1631
f 1633 1622 1634
f 1635 1636 1637
f 1848 1833 1852
f 1855 1861 1863
f 1803 1866 1867
f 1862 1863 1831
f 1782 1855 1862
f 3922 3924 1865
f 1873 1872 1870
f 1874 1869 799
f 2045 3878 3897
f 1219 1345 1295
f 1615 1614 1396
f 3884 3895 1877
f 645 3898 3786
f 1345 1219 1035
f 634 639 3884
f 15 1887 1327
f 3910 3895 1878
f 1894 604 605
f 3506 3551 627
f 3560 640 645
f 340 341 454
f 1897 194 195
f 1889 1882 1877
f 1901 94 129
f 196 749 754
f 1705 1704 3921
f 340 378 166
f 1570 1480 563
f 1904 1494 194
f 1781 1862 1832
f 1905 549 55
f 1000 994 995
f 986 919 920
f 1191 1185 1190
f 2094 2077 2075
f 1920 1921 1919
f 453 454 1912
f 1915 1919 1918
f 3882 2112 2106
f 1655 3575 3531
f 1916 1918 1926
f 704 3554 3561
f 278 1916 1925
f 3565 3564 1818
f 1097 949 1115
f 1927 1928 727
f 3578 3579 3654
f 1920 310 307
f 1929 307 48
f 503 504 1497
f 1902 1903 787
f 1816 1821 3820
f 1925 1926 1923
f 1535 1569 1568
f 254 252 258
f 1509 1497 366
f 119 86 35
f 219 288 293
f 141 46 47
f 542 205 244
f 1940 552 430
f 1779 1828 1827
f 1701 1710 3915
f 1661 3550 3515
f 270 53 754
f 197 1947 749
f 1727 1728 1212
f 53 54 232
f 1465 1468 1479
f 1284 3862 3854
f 1951 446 412
f 168 398 1554
f 1486 1485 206
f 506 77 78
f 994 1001 1007
f 951 953 963
f 1013 3859 3861
f 3826 3820 1820
f 1498 1909 1954
f 299 298 543
f 1754 1755 1756
f 1681 469 1683
f 1696 1694 1695
f 13 14 738
f 473 476 475
f 482 1641 768
f 204 62 30
f 1761 1762 820
f 611 1763 1125
f 1501 1503 1908
f 1074 1073 711
f 1960 1944 82
f 120 1956 1960
f 35 86 87
f 1773 1199 1025
f 1965 1545 1569
f 494 761 471
f 1966 1967 1969
f 446 1951 1971
f 174 368 125
f 1580 1579 1578
f 1785 1786 1787
f 1972 1546 304
f 1254 876 875
f 1973 341 342
f 321 1912 1973
f 1910 277 275
f 509 1973 514
f 1486 1507 1527
f 1974 1874 804
f 1977 1976 1974
f 1980 448 1966
f 379 1 2
f 1718 1715 1710
f 884 995 992
f 1680 1684 1678
f 902 990 525
f 344 255 256
f 135 138 137
f 448 446 1967
f 589 605 604
f 910 909 908
f 1981 1966 1968
f 1982 1981 1987
f 1988 1979 1987
f 1990 1988 1989
f 1991 1989 1993
f 322 321 320
f 992 828 830
f 1144 1076 1086
f 1995 1977 1978
f 1133 1129 1118
f 1997 1995 1994
f 870 1823 1335
f 805 806 1982
f 727 184 2000
f 1996 1994 1988
f 1994 1978 1979
f 1829 616 792
f 1830 1073 941
f 798 803 800
f 729 732 731
f 2011 2012 2023
f 1834 1835 846
f 402 283 284
f 2022 2023 2024
f 1838 718 989
f 810 955 952
f 1823 1839 1840
f 1430 1426 1432
f 1215 844 1841
f 1316 1208 873
f 2112 1401 1384
f 1842 1843 1844
f 1159 846 845
f 837 27 1846
f 1971 1951 2030
f 517 369 370
f 1471 2026 2027
f 3551 3525 626
f 2174 2175 770
f 935 934 1854
f 1613 1619 1611
f 1231 1228 1225
f 1856 1857 891
f 1300 1309 748
f 1150 1149 1858
f 1643 606 696
f 1215 1265 1264
f 1320 1860 902
f 1956 1943 1944
f 2031 668 669
f 2034 1325 1310
f 1879 1880 1656
f 40 245 242
f 1992 1993 2039
f 888 958 957
f 1882 1889 1996
f 1078 1138 1255
f 1871 912 1192
f 294 411 218
f 1323 2041 2026
f 123 1960 83
f 1324 2036 2041
f 384 358 359
f 1324 1325 2038
f 1883 1884 1885
f 287 1540 114
f 1096 1886 1134
f 915 1329 931
f 806 1980 1981
f 3533 3529 584
f 1425 2030 2042
f 1018 2042 1948
f 3562 1896 740
f 1948 2042 649
f 1881 1882 1990
f 1900 129 130
f 992 995 994
f 923 927 925
f 3878 2045 2047
f 1643 2048 625
f 2050 2052 2051
f 2045 1405 1404
f 3876 2047 945
f 1139 1080 1079
f 1037 1856 892
f 2055 2053 2057
f 1198 989 718
f 1619 2058 1612
f 2058 1605 1606
f 2059 2060 1607
f 2058 1619 1624
f 71 72 179
f 405 406 1557
f 322 1548 1972
f 2061 2052 2063
f 2066 2065 2067
f 2052 2061 2064
f 1609 1610 2066
f 1515 151 152
f 1009 827 993
f 1644 3843 3815
f 279 1915 1916
f 1285 3863 3862
f 1647 2066 1825
f 2056 2057 2067
f 319 320 1953
f 667 666 1913
f 2070 631 625
f 2052 2050 2055
f 2038 1654 1655
f 1606 1601 2073
f 1235 1917 1270
f 2072 2073 2075
f 2059 1606 2072
f 2074 2075 2077
f 1601 1602 2078
f 2049 2048 1643
f 1000 1004 1001
f 1089 943 684
f 1931 1286 1306
f 1462 1459 1021
f 1932 1933 1934
f 875 874 1846
f 1936 1051 1937
f 44 45 46
f 1534 1955 1956
f 1541 318 317
f 2081 2082 2084
f 146 1945 1959
f 1360 1941 1942
f 985 984 1032
f 1995 1997 1892
f 2079 2080 2082
f 2095 2096 2076
f 2081 2093 2078
f 2055 2050 2054
f 501 2096 2095
f 2097 2100 2099
f 2098 2099 2094
f 2140 2141 3893
f 2141 2046 3894
f 2051 2070 2048
f 592 2102 2101
f 2071 2064 2076
f 2102 2097 2098
f 593 2103 2102
f 1019 1895 746
f 1950 11 12
f 725 2071 2096
f 1385 2105 2104
f 1379 2104 2106
f 2107 2108 2100
f 3908 726 502
f 3896 502 499
f 940 1389 2109
f 928 929 1170
f 3868 590 684
f 1962 1963 1964
f 3878 680 573
f 2039 1993 1968
f 1389 1390 2110
f 1398 2111 2113
f 3757 3755 3753
f 3911 3883 2107
f 949 923 924
f 260 241 324
f 1390 1397 2113
f 2070 2051 2064
f 3867 3911 2103
f 2105 1385 1421
f 2114 1421 1423
f 3892 2114 2115
f 3908 2105 2114
f 554 2116 1902
f 972 1163 967
f 1765 1593 1573
f 1984 1985 1986
f 2053 2117 2069
f 3573 3556 724
f 1625 1677 1674
f 3881 3888 2119
f 3903 2115 2123
f 56 1954 1906
f 626 3877 3879
f 2001 2002 2003
f 3912 3841 2127
f 2006 2007 2008
f 2127 1413 1412
f 2014 2015 2016
f 2018 2019 2020
f 1495 1424 1947
f 1379 1377 1386
f 3814 3811 1680
f 2029 1885 1884
f 3902 2128 2120
f 629 3879 3914
f 682 683 943
f 724 1650 2121
f 1757 1819 3821
f 765 1810 3844
f 3851 714 715
f 706 707 3870
f 981 986 987
f 1457 1868 1656
f 2017 2016 2032
f 1458 1655 1868
f 1776 1777 1792
f 1959 1945 1946
f 3663 3715 3725
f 3913 3881 2122
f 1093 1089 689
f 966 965 968
f 3852 715 3881
f 2172 3577 2170
f 670 2138 2137
f 3761 787 1903
f 1429 19 28
f 964 963 978
f 3841 3813 1413
f 1473 1474 669
f 3834 3833 1359
f 2138 798 1870
f 1872 1473 2137
f 715 716 3888
f 1881 1991 1992
f 3843 3842 739
f 1837 1847 3513
f 253 58 59
f 1808 3837 3840
f 1647 3832 3818
f 3865 3866 671
f 2112 3882 3883
f 1405 2045 2044
f 3829 3824 1364
f 273 1541 391
f 576 632 3520
f 3875 3865 668
f 1430 1431 2140
f 2136 3850 3860
f 1430 2139 18
f 3893 3894 570
f 1442 1439 2046
f 1431 1442 2141
f 3869 3913 3850
f 3808 3823 1817
f 3866 3893 695
f 2142 2025 798
f 571 2143 2142
f 3819 3814 1618
f 2143 2022 2025
f 694 2142 2138
f 681 1572 2144
f 2144 2011 2022
f 328 210 457
f 1572 2010 2011
f 630 3892 3903
f 2085 2086 2087
f 2090 2091 2092
f 572 2144 2143
f 1875 1976 2153
f 1873 1875 2149
f 2103 2107 2097
f 2157 2043 2155
f 2128 1412 1414
f 3874 3871 589
f 3872 3870 628
f 2149 2153 2158
f 2159 2158 3905
f 698 3907 3902
f 3823 3847 3827
f 2158 2156 3874
f 1438 2044 2046
f 2035 2154 2160
f 2161 2160 3889
f 3871 3891 605
f 3873 17 18
f 370 29 61
f 649 1951 413
f 2153 2157 2156
f 1428 1429 1449
f 1490 76 73
f 3890 3905 710
f 2155 1891 3891
f 1456 1457 1880
f 2125 2088 2087
f 2160 2159 3890
f 300 1959 505
f 1064 1062 1046
f 2043 1892 1891
f 2129 2130 2004
f 2131 2132 2133
f 3848 3849 1450
f 1998 1975 804
f 3879 673 3864
f 474 492 490
f 1164 1165 1182
f 707 2162 3909
f 708 1472 2162
f 2162 2161 3886
f 548 549 1905
f 1145 1136 1114
f 705 2121 1650
f 2043 2157 1977
f 737 738 554
f 1034 1195 1191
f 458 1905 1907
f 195 196 232
f 2040 2039 1969
f 2145 2146 2147
f 2054 2050 2049
f 3832 1646 1639
f 9 12 11
f 252 364 506
f 472 478 479
f 1865 3924 3791
f 900 903 910
f 1941 2150 2151
f 1921 1928 1927
f 2163 1897 1898
f 271 156 153
f 1904 1326 12
f 282 263 264
f 1872 1873 2154
f 1326 1904 1897
f 628 692 693
f 1724 1722 1719
f 1549 1562 436
f 1582 1583 1730
f 1921 1920 1929
f 3563 3511 10
f 2152 2037 1950
f 475 772 774
f 769 2172 2171
f 2171 2165 476
f 476 773 772
f 1791 565 464
f 2166 2167 2168
f 595 371 372
f 483 1809 1641
f 762 2174 2173
f 771 483 484
f 486 487 1809
f 297 1549 1517
f 763 2175 2174
f 776 755 759
f 184 185 2176
f 412 447 303
f 2005 2176 185
f 3811 1681 1682
f 2164 2170 756
f 1472 2035 2161
f 950 951 964
f 2177 2178 2179
f 227 226 1510
f 2182 2183 2184
f 2186 2019 2018
f 1985 2182 2181
f 214 736 729
f 865 849 842
f 849 865 1357
f 559 3187 3188
f 16 13 737
f 560 553 498
f 3193 3196 3195
f 3200 3197 3198
f 3211 3214 3213
f 3215 3218 3217
f 2187 2188 2002
f 2169 2168 2189
f 2192 2086 2085
f 2193 2194 2195
f 2198 2199 2200
f 1998 1982 1979
f 3664 3665 3668
f 2116 1898 1903
f 1859 2006 2009
f 3904 2123 2126
f 1135 1148 1087
f 2201 2202 2015
f 1149 111 110
f 3221 3222 3218
f 2203 2204 2205
f 579 580 1895
f 1755 2207 2208
f 3891 3910 1893
f 1211 2151 2150
f 868 997 2210
f 944 945 930
f 2130 2129 2202
f 233 1903 1898
f 665 751 750
f 1167 1254 999
f 2211 2212 2213
f 2215 2216 2217
f 3867 593 590
f 2220 221 220
f 823 824 948
f 3225 3220 3227
f 266 204 455
f 3882 2108 2107
f 2221 2222 3519
f 2223 2224 2225
f 2207 2125 2124
f 673 674 3869
f 817 1000 996
f 2227 2228 2146
f 1947 1948 646
f 3900 2135 17
f 2229 1635 1638
f 1679 1613 1618
f 1637 2231 2232
f 2233 2234 1617
f 2231 2235 2236
f 1381 1638 2238
f 3586 2241 2242
f 1630 2234 2233
f 1681 1626 472
f 1408 1407 2243
f 3236 3239 3238
f 3232 3241 3240
f 1637 2230 2238
f 3237 3238 3233
f 1409 1408 1634
f 1380 1383 2247
f 1628 2248 2245
f 2249 1623 1622
f 1632 1634 1408
f 2248 1628 1631
f 2235 2231 1637
f 3245 3246 3199
f 631 2070 2071
f 515 167 52
f 782 781 2251
f 2253 2254 2255
f 397 281 459
f 1456 2039 2040
f 2040 2041 2036
f 1401 2112 2111
f 2041 2040 1970
f 1535 121 414
f 1586 1587 2080
f 2256 983 1132
f 1700 1699 3918
f 3815 1896 1686
f 1263 2256 1886
f 598 1841 844
f 2257 2258 2259
f 2258 2261 2262
f 2259 2262 2263
f 2260 2259 2216
f 1967 1971 1970
f 2212 1964 1963
f 922 921 2218
f 1312 1098 1101
f 1307 1306 1286
f 1548 1569 1546
f 2266 2267 2268
f 2265 2268 2270
f 2272 2265 2269
f 2273 2266 2265
f 2275 2276 2277
f 2278 2274 2277
f 2284 2285 3617
f 2287 2283 2286
f 2288 2289 2283
f 2290 2284 3639
f 2291 2292 2293
f 2295 2291 2294
f 2296 2297 2291
f 2297 2298 2292
f 2294 2293 2299
f 2279 2294 2300
f 2298 2301 2302
f 2292 2302 2303
f 2293 2303 2304
f 2304 2305 2306
f 2308 2309 2310
f 2302 2307 2310
f 2301 2311 2307
f 2312 2308 2307
f 2313 2314 2315
f 2318 2319 2320
f 3748 3771 2322
f 2324 2325 2273
f 2313 2324 2326
f 2328 2324 2313
f 2329 2325 2324
f 2331 2332 2333
f 2330 2333 2267
f 2325 2330 2266
f 2329 2331 2330
f 2333 2334 2335
f 2336 2334 2333
f 2338 2336 2332
f 2331 2339 2337
f 2329 2340 2339
f 2328 2341 2340
f 2316 2342 2341
f 2342 2316 2315
f 2344 2345 2346
f 2341 2344 2347
f 2342 2348 2344
f 2348 2349 2345
f 2350 2351 2352
f 2339 2350 2353
f 2340 2347 2350
f 2347 2346 2351
f 2337 2353 2354
f 2353 2352 2355
f 2356 2277 2276
f 2356 2357 2358
f 2356 2359 2296
f 2279 2277 2356
f 2360 2361 2270
f 2267 2335 2360
f 2362 2363 2364
f 2362 2365 2361
f 2366 2362 2358
f 2366 2367 2363
f 2357 2276 2368
f 2366 2368 2369
f 2276 2275 2370
f 2368 2370 2282
f 2372 2373 2374
f 2375 2376 2377
f 2378 2379 2380
f 2382 2378 2381
f 2384 2385 2378
f 2385 2386 2379
f 2388 2389 2390
f 2387 2390 2392
f 2393 2394 2387
f 2394 2395 2388
f 2186 2401 2402
f 2403 2404 2327
f 2272 2403 2326
f 2271 2405 2403
f 2405 2406 2404
f 2404 2407 2408
f 2409 2410 2411
f 2409 2412 2271
f 2413 2409 2269
f 2413 2414 2410
f 2417 2415 2416
f 2417 2418 2406
f 2412 2417 2405
f 2411 2415 2417
f 2406 2419 2407
f 3569 3520 632
f 2420 2398 2397
f 2420 2421 2423
f 2424 2420 2422
f 2424 2399 2398
f 2425 2391 2392
f 2421 2425 2426
f 2397 2396 2425
f 2396 2393 2391
f 2427 2314 2408
f 2430 2427 2428
f 2343 2315 2427
f 2432 2343 2430
f 2431 2430 2429
f 2435 2431 2433
f 2436 2432 2431
f 2428 2408 2407
f 2422 2437 2407
f 2438 2437 2422
f 2429 2428 2437
f 2440 2434 2433
f 2441 2439 2433
f 2442 2443 2439
f 2443 2444 2440
f 2445 2446 2444
f 2447 2445 2443
f 2383 2381 2445
f 2381 2380 2446
f 2448 2438 2423
f 2449 2448 2426
f 2441 2448 2449
f 2441 2429 2438
f 2449 2392 2390
f 2450 2390 2389
f 2447 2450 2451
f 2442 2449 2450
f 2451 2389 2453
f 2452 2453 2455
f 2382 2452 2454
f 2383 2451 2452
f 2456 2457 2373
f 2459 2460 2461
f 2463 2464 2465
f 2462 2465 2285
f 2466 2462 2284
f 2467 2463 2462
f 2461 2460 3703
f 2468 2469 2470
f 2472 2468 2471
f 2474 2461 3701
f 2475 2476 2477
f 2458 2455 2453
f 2479 2453 2389
f 2395 2480 2479
f 2480 2459 2458
f 2481 2482 2483
f 2484 113 2485
f 2471 2470 2464
f 2473 2471 2463
f 2487 2467 2466
f 2486 2466 2290
f 2490 2486 2488
f 2491 2487 2486
f 2492 2473 2467
f 2493 2492 2487
f 2494 2495 2492
f 2495 2472 2473
f 3690 2496 2474
f 3691 2497 2496
f 2498 2494 2493
f 2500 2498 2499
f 3700 3687 2498
f 3687 3691 2494
f 2306 2504 2278
f 2305 2505 2504
f 2504 2505 2507
f 2506 2507 2288
f 2274 2506 2508
f 2278 2504 2506
f 3633 3632 2489
f 3620 3633 2488
f 2507 2509 2289
f 2505 2510 2509
f 2508 2288 2287
f 2511 2287 2281
f 2370 2511 2280
f 2275 2508 2511
f 2512 2490 2489
f 2514 2512 2513
f 2517 2512 2514
f 2517 2491 2490
f 2499 2493 2491
f 2499 2517 2516
f 2510 2505 2519
f 2518 2519 2521
f 3616 2518 2520
f 3632 2510 2518
f 2522 2304 2303
f 2523 2522 2310
f 2305 2304 2522
f 2524 2522 2523
f 2519 2524 2525
f 2505 2305 2524
f 2308 2312 2527
f 2526 2527 2529
f 2531 2526 2528
f 2309 2308 2526
f 1214 2532 2151
f 2419 2406 2418
f 2533 2345 2349
f 2534 2533 2317
f 2535 2536 2533
f 2536 2346 2345
f 2537 2351 2346
f 2538 2537 2536
f 2539 2540 2537
f 2540 2352 2351
f 2312 2355 2541
f 2527 2541 2542
f 2543 2435 2434
f 2545 2543 2544
f 2319 2318 2543
f 2318 2436 2435
f 2514 2515 2548
f 2547 2548 2550
f 2552 2547 2549
f 2552 2516 2514
f 2520 2521 2554
f 2553 2554 2556
f 3590 2553 2555
f 3621 2520 2553
f 2523 2309 2531
f 2557 2531 2530
f 2525 2523 2557
f 2559 2557 2558
f 2554 2559 2560
f 2521 2525 2559
f 2561 2375 2007
f 2376 2562 2225
f 2564 2565 2566
f 2563 2566 338
f 2569 2563 2567
f 2570 2564 2563
f 2572 2573 2574
f 2571 2574 2576
f 2544 2571 2575
f 2544 2434 2572
f 2578 2570 2569
f 2579 2577 2569
f 2574 2577 2579
f 2573 2578 2577
f 2581 2582 2583
f 2584 2580 2583
f 3697 3675 2580
f 3676 2581 2580
f 2582 2516 2552
f 2583 2552 2551
f 2500 2501 2589
f 2590 2588 2589
f 3693 3695 2588
f 3695 3700 2500
f 2501 2516 2591
f 2592 2593 2594
f 2386 2385 2503
f 2596 2379 2386
f 2596 2374 2373
f 2599 2596 2597
f 2599 2380 2379
f 2600 2446 2380
f 2600 2599 2598
f 2603 2600 2601
f 2603 2444 2446
f 2604 2603 2602
f 2440 2604 2605
f 2444 2603 2604
f 2606 2582 2581
f 2606 2607 2590
f 2591 2516 2582
f 3676 2587 2456
f 3689 2456 2372
f 2478 2477 2608
f 2609 2610 2611
f 2564 2570 2613
f 2612 2613 2598
f 2457 2612 2597
f 2565 2564 2612
f 2614 2613 2570
f 2615 2614 2578
f 2602 2601 2614
f 2601 2598 2613
f 2572 2434 2605
f 2616 2605 2602
f 2573 2572 2616
f 1459 1016 1045
f 1265 1215 1079
f 1612 1608 1609
f 2067 2057 2069
f 1135 1109 1136
f 1938 1937 2618
f 95 548 458
f 2058 1607 1608
f 1454 1469 1445
f 655 2620 1048
f 722 1049 2621
f 1131 985 1033
f 562 1481 366
f 1723 1719 1725
f 1786 1123 1122
f 267 300 323
f 1325 2034 1654
f 1468 1165 1435
f 658 657 529
f 8 532 247
f 382 1557 1559
f 788 619 1307
f 940 930 929
f 911 2622 2623
f 2621 2620 655
f 2624 1857 2625
f 998 1846 27
f 635 638 2626
f 2627 641 644
f 2628 2627 1840
f 1200 1199 2627
f 1199 1773 641
f 1520 515 49
f 1452 1350 1349
f 2630 2631 1859
f 644 643 1335
f 1197 1198 717
f 2632 717 719
f 2628 2632 1166
f 2629 1197 2632
f 1762 2633 1050
f 1823 870 873
f 2634 2635 794
f 1042 794 2635
f 93 94 1901
f 2036 2038 1458
f 1527 332 1525
f 877 876 1274
f 134 409 797
f 1328 893 931
f 607 777 1091
f 1043 2635 2637
f 2636 2637 2639
f 1275 2636 2638
f 1275 1040 1043
f 1272 2624 2626
f 2640 2626 638
f 1110 2641 2640
f 536 1272 2640
f 1472 708 1474
f 2042 2030 1951
f 1058 1106 1105
f 2642 2623 2643
f 1192 2642 2644
f 912 2623 2642
f 3898 1657 3526
f 1049 1048 2620
f 616 1829 1885
f 1331 1913 666
f 990 989 1198
f 1911 1912 321
f 1298 1282 1205
f 76 1490 1504
f 1502 1500 421
f 610 609 658
f 1146 937 659
f 2646 911 914
f 1280 1239 1238
f 1453 1454 1452
f 835 942 1843
f 1271 1270 1173
f 1893 1878 1826
f 1050 2633 1937
f 2651 2652 814
f 1006 1053 1281
f 2653 1084 2654
f 1001 1004 1003
f 585 997 679
f 2624 1272 621
f 555 678 2028
f 1207 526 1197
f 1626 1627 478
f 426 389 419
f 1030 1193 1773
f 3898 645 634
f 534 1533 138
f 1125 1092 1042
f 333 228 88
f 569 1570 561
f 1489 2656 871
f 1857 2624 620
f 1673 1674 3770
f 622 861 864
f 619 788 891
f 261 544 545
f 393 1555 1556
f 2658 2659 2647
f 1075 2658 2657
f 1081 1080 2658
f 1080 1139 2659
f 2644 2643 1141
f 2660 1141 1140
f 642 2660 1336
f 1193 2644 2660
f 679 678 555
f 1503 1501 1500
f 1318 1317 1101
f 2661 2659 1139
f 2661 1142 2663
f 2662 2647 2659
f 2662 2663 2622
f 2664 2622 911
f 2648 2664 2646
f 2648 2647 2662
f 2083 2094 2093
f 1442 1440 1437
f 519 329 330
f 1885 2029 1209
f 799 800 805
f 1946 1943 1952
f 1302 1301 1253
f 566 2005 224
f 1389 940 928
f 683 682 681
f 836 835 1842
f 2665 1842 1845
f 2666 2665 1303
f 24 836 2665
f 831 1072 2650
f 1845 1844 1304
f 2010 2013 2012
f 1051 1936 2667
f 1522 1521 1511
f 531 440 441
f 1250 635 2625
f 2669 2625 1857
f 783 2669 1856
f 782 1250 2669
f 720 2670 2671
f 1055 1931 1930
f 1333 1067 1251
f 619 622 1308
f 652 655 2619
f 521 522 1539
f 1838 988 537
f 2672 537 536
f 1113 2672 2641
f 1113 527 1838
f 1016 1013 1351
f 3897 573 570
f 226 227 104
f 3564 3669 3827
f 1036 1037 1884
f 2674 1301 1304
f 2673 1304 1844
f 1334 2673 2675
f 1333 2674 2673
f 2676 702 1039
f 1843 2676 2675
f 942 1074 2676
f 1074 699 702
f 752 1057 1055
f 1200 1166 656
f 1120 1846 874
f 2677 874 877
f 1241 2677 1052
f 1119 1120 2677
f 1560 1513 151
f 1208 1316 611
f 215 735 736
f 1460 1459 1462
f 1208 1207 1839
f 854 856 1282
f 72 445 182
f 544 1563 1565
f 217 200 456
f 2047 1404 930
f 1204 2618 1937
f 913 777 686
f 840 527 1113
f 1531 729 730
f 2678 778 1283
f 601 667 1914
f 1537 1538 459
f 1819 1757 3509
f 991 1860 862
f 2679 711 1073
f 2680 1830 983
f 779 2680 2256
f 778 2678 2680
f 2678 2679 1830
f 180 542 245
f 1886 1132 1131
f 1138 1137 1274
f 1841 598 1140
f 75 313 314
f 193 423 420
f 2681 2682 1099
f 170 1567 1565
f 349 416 417
f 1121 1124 2684
f 547 797 409
f 123 122 121
f 2643 2663 1142
f 1542 1544 513
f 899 900 907
f 1210 677 676
f 791 663 982
f 24 27 837
f 893 896 932
f 1860 1320 863
f 535 538 862
f 1569 1548 1547
f 181 455 542
f 660 659 937
f 2013 567 568
f 887 890 2631
f 1524 1508 361
f 520 161 162
f 2653 855 854
f 1238 1237 2655
f 718 1838 527
f 1492 1493 518
f 792 616 615
f 599 846 1835
f 290 457 456
f 312 171 1552
f 1248 2687 1179
f 153 149 177
f 1240 1181 1222
f 1257 1292 1235
f 1291 1084 1083
f 1052 877 1277
f 743 742 2618
f 444 140 430
f 23 1224 1172
f 2687 2654 1180
f 102 103 409
f 1283 607 610
f 373 497 650
f 1180 2654 1084
f 855 2653 2655
f 1173 1270 1917
f 2689 850 853
f 2688 853 1108
f 2686 2688 1279
f 2687 2689 2688
f 2691 1302 1252
f 2690 1252 850
f 1248 2690 2689
f 1248 1247 2691
f 2692 617 24
f 2691 2692 2666
f 1247 1258 2692
f 1258 1168 617
f 394 1554 1555
f 2693 1260 1259
f 1072 1236 1262
f 1257 1071 1168
f 398 439 1555
f 871 1784 1314
f 1178 1232 1249
f 1224 1289 1173
f 1010 2617 2618
f 1175 1174 1292
f 2654 2687 2686
f 2694 1157 1216
f 71 418 1487
f 701 1112 1111
f 1072 1261 2649
f 1085 2695 22
f 895 2694 1264
f 1601 1606 1605
f 1259 1262 1271
f 21 20 1220
f 988 991 538
f 598 597 1336
f 1050 860 818
f 1298 2645 1761
f 1168 1167 618
f 858 1168 1256
f 39 242 516
f 2652 1761 819
f 313 316 315
f 2026 1970 1971
f 2656 1489 596
f 814 819 818
f 2696 2651 813
f 1260 2696 2649
f 2693 2697 2696
f 2697 1296 2651
f 381 355 390
f 3818 3819 1611
f 1475 1427 1428
f 1292 1174 1917
f 1551 353 354
f 1526 1525 1523
f 1593 1589 1595
f 1232 1269 1246
f 2695 2693 1223
f 2698 1297 1296
f 2698 2697 2693
f 2685 2698 2695
f 2685 854 1297
f 562 1497 271
f 2652 2651 1296
f 1365 1366 1364
f 1958 1946 1953
f 585 588 2210
f 1561 1560 1515
f 975 2648 1146
f 347 67 68
f 1038 1111 636
f 2700 781 780
f 2699 780 1036
f 2701 2699 1883
f 851 2700 2699
f 2674 1333 2251
f 2702 2251 781
f 1253 2702 2700
f 1301 2674 2702
f 1519 387 388
f 1273 1239 1280
f 2703 1280 1107
f 2701 2703 852
f 1829 1273 2703
f 91 260 326
f 1784 871 2656
f 2683 2684 2705
f 604 1894 3499
f 1669 3534 3548
f 2062 2063 2060
f 621 535 861
f 2023 731 732
f 686 779 1263
f 857 1051 2668
f 883 830 882
f 637 636 1111
f 2668 894 893
f 2667 921 894
f 1039 1038 1068
f 313 75 1504
f 1911 1972 305
f 1936 2706 1964
f 2707 2402 2401
f 2708 2707 2183
f 738 2163 2116
f 2349 2348 2432
f 2711 2712 2020
f 2400 2711 2019
f 2714 2715 2716
f 2717 2718 2719
f 2721 2722 2723
f 2726 2727 2728
f 2725 2728 2730
f 2731 2725 2729
f 2732 2726 2725
f 2734 2735 2736
f 2738 2739 2740
f 2737 2740 2741
f 2744 2745 2746
f 2745 2744 2748
f 2749 2750 2747
f 2753 2749 2751
f 2250 1380 2246
f 2754 1396 1614
f 3598 2754 2755
f 3608 2745 2747
f 1617 2756 2755
f 2242 2758 1620
f 2191 2085 2760
f 2761 2759 2760
f 3648 2759 2761
f 3623 2191 2759
f 3209 3248 3223
f 1395 1394 2236
f 1395 2235 1636
f 1616 1635 2229
f 1617 2234 2763
f 2756 2763 3628
f 2765 2763 2234
f 2766 2764 3628
f 3202 3199 3246
f 1516 437 435
f 2768 2769 3552
f 1495 541 578
f 2135 2136 28
f 3526 3540 2773
f 1690 1689 3926
f 2778 2779 2780
f 2777 2780 2781
f 2784 2778 2777
f 3555 3521 575
f 1494 1904 9
f 3529 2016 2015
f 451 61 505
f 2786 2787 2788
f 2779 2786 2785
f 2789 2752 2741
f 2790 2753 2752
f 2792 2793 2794
f 2793 2795 2796
f 2796 2797 2750
f 2794 2796 2749
f 2798 1393 1396
f 3591 2798 2754
f 2798 2799 2800
f 3591 3662 2799
f 2797 2796 2795
f 2791 2794 2753
f 216 233 232
f 3804 2806 2807
f 3805 2809 2804
f 2769 2810 3557
f 183 185 184
f 2811 2812 2775
f 2804 2811 2776
f 2809 2813 2811
f 2812 2811 2813
f 3805 2808 2816
f 3796 2818 2815
f 3798 3800 2820
f 3793 2823 2819
f 2824 2736 2735
f 2823 2825 2824
f 2825 2823 2826
f 3793 2822 2827
f 3796 2817 2826
f 2713 2716 2829
f 2828 2829 2831
f 2822 2821 2828
f 2821 2820 2713
f 2832 2827 2822
f 2833 2832 2830
f 2834 2835 2832
f 2835 2818 2827
f 2837 2838 2839
f 2836 2839 2841
f 2842 2836 2840
f 2843 2837 2836
f 2840 2841 2845
f 2718 2844 2845
f 2730 2728 2844
f 2727 2840 2844
f 2846 2845 2841
f 2829 2846 2847
f 2847 2841 2839
f 2848 2839 2838
f 2833 2848 2849
f 2831 2847 2848
f 2850 2814 2851
f 2853 2850 2852
f 2783 2777 2782
f 2785 2788 2853
f 2780 2785 2856
f 2857 2858 2855
f 2859 2857 2782
f 2861 2843 2842
f 2860 2842 2727
f 2862 2860 2726
f 2863 2861 2860
f 2861 2863 2858
f 2843 2861 2857
f 2856 2853 2854
f 2781 2856 2864
f 2837 2843 2859
f 2838 2837 2864
f 2852 2851 2834
f 2854 2852 2849
f 2865 2815 2818
f 2851 2865 2835
f 2813 2809 2815
f 2814 2813 2865
f 2866 2812 2814
f 2788 2866 2850
f 2866 2788 2787
f 2812 2866 2867
f 1892 1889 1890
f 2720 2719 2846
f 298 299 256
f 2872 2714 2713
f 3794 3800 2735
f 2729 2730 2874
f 2846 2716 2715
f 2876 2877 2878
f 2733 2875 2878
f 3806 3807 2879
f 3806 2880 2872
f 2882 2883 2884
f 2881 2884 2715
f 2880 2881 2714
f 2879 2882 2881
f 2885 2886 2887
f 2888 2889 2890
f 2885 2890 2892
f 2893 2886 2885
f 1942 2151 2532
f 2895 2892 2720
f 2884 2895 2870
f 2883 2896 2895
f 2896 2891 2892
f 2889 2874 2717
f 2890 2717 2720
f 2897 2893 2891
f 2898 2897 2896
f 2899 2898 2883
f 2900 2899 2882
f 3797 2900 2879
f 2876 2902 2901
f 2901 2902 2904
f 1785 2656 1835
f 2905 2906 2899
f 2907 2908 2897
f 3797 2901 2903
f 632 576 577
f 3532 3547 2867
f 434 385 550
f 2768 2770 3640
f 2910 2911 1623
f 2241 2912 2758
f 3640 2770 2913
f 1623 2911 2757
f 3587 2242 2757
f 2229 1381 1380
f 2765 1630 1629
f 2915 2914 1629
f 3642 3641 2914
f 3641 3622 2765
f 2919 2916 3642
f 2918 2915 2912
f 3614 2918 2241
f 3618 2919 3613
f 3541 2177 2180
f 3521 2002 2188
f 3705 3573 714
f 2925 2766 2917
f 2924 2917 2916
f 3610 2924 2919
f 3611 2925 2924
f 2926 2927 2766
f 3658 2926 2925
f 1715 1713 1705
f 785 497 498
f 1387 651 565
f 374 375 1899
f 3573 2203 2206
f 2929 2930 2886
f 2932 2933 2934
f 1905 1906 1908
f 2930 2935 2936
f 2938 2935 2930
f 1493 369 517
f 1603 1585 1586
f 2939 2938 2929
f 2940 2939 2908
f 3665 1707 1600
f 2886 2930 2937
f 2906 2907 2898
f 2908 2929 2893
f 2942 2934 2933
f 2941 2933 2937
f 3501 2941 2936
f 3498 2942 2941
f 2943 2944 2710
f 2943 2873 2874
f 2945 2943 2889
f 2946 2944 2943
f 2932 2945 2888
f 2931 2946 2945
f 727 1928 1929
f 2903 2904 2947
f 545 594 42
f 1480 1570 533
f 2907 2906 2949
f 2906 2905 2950
f 1558 452 215
f 3799 2903 2948
f 2054 1645 1644
f 3705 3684 2203
f 1828 1837 1849
f 2953 2954 2955
f 2952 2955 2957
f 2956 2261 2258
f 2953 2952 2258
f 2454 2455 2474
f 3747 2958 2959
f 3747 2132 2131
f 2961 2962 2963
f 2958 2963 2964
f 222 221 2485
f 2477 2226 2966
f 2631 2561 2006
f 2384 2454 2496
f 2967 2968 2959
f 2968 2967 2970
f 3759 2033 2971
f 3784 2971 2960
f 2972 2971 2033
f 2007 2377 2973
f 3560 3559 2134
f 1836 1833 1832
f 3506 2188 2090
f 955 810 959
f 672 675 674
f 633 710 713
f 2024 732 733
f 2025 2024 803
f 425 1552 1550
f 2975 2976 888
f 1319 1158 1157
f 1212 1935 2977
f 889 957 2228
f 1978 1974 1975
f 1138 1078 1329
f 751 665 2979
f 1619 1613 1625
f 2252 2255 1728
f 1157 1160 845
f 2706 1936 1938
f 2980 2255 2254
f 2982 2975 887
f 802 712 711
f 678 677 2029
f 527 840 690
f 1839 1207 2629
f 2983 2984 602
f 2983 1914 1913
f 2985 2983 1331
f 2986 2984 2983
f 2987 2637 2635
f 2985 2988 2639
f 2990 1319 1318
f 2991 2992 2993
f 2995 2991 2994
f 1106 1058 2991
f 1058 1057 2992
f 1415 1406 1365
f 1317 922 2217
f 1932 1728 2255
f 926 2998 2999
f 3001 2993 2992
f 3000 2992 1057
f 2999 3000 2978
f 2998 3001 3000
f 3002 2998 2209
f 3002 3003 2996
f 2993 3001 3002
f 1103 1106 2995
f 3004 2995 2996
f 2209 2210 3004
f 588 1103 3004
f 295 296 433
f 2638 2639 2988
f 3005 2988 1056
f 1305 3005 1930
f 1276 2638 3005
f 1987 1968 1993
f 2633 1762 1761
f 1423 1422 1417
f 3561 3517 739
f 2671 2670 2704
f 1473 1872 2035
f 922 1317 2694
f 1401 1400 1378
f 556 2028 1884
f 842 848 3825
f 1854 2706 2617
f 933 1082 1081
f 1440 1441 1436
f 529 657 719
f 1031 1025 1027
f 777 913 912
f 2645 1205 1204
f 441 438 1538
f 790 1287 587
f 2065 2066 1610
f 1860 991 990
f 60 106 87
f 1424 1017 1948
f 332 1527 1507
f 261 262 138
f 187 188 449
f 1719 1720 1726
f 1931 1055 1059
f 3006 1059 1105
f 1287 3006 1104
f 1286 1931 3006
f 3007 3008 3009
f 3009 3008 653
f 618 999 26
f 2029 677 1210
f 957 601 600
f 1049 2146 2228
f 2631 890 3011
f 890 889 2227
f 3011 2227 2145
f 2561 3011 3012
f 1026 656 609
f 2706 1854 1961
f 3013 2965 2485
f 2148 2147 1267
f 3015 1267 1266
f 2997 2264 1101
f 642 641 1773
f 186 477 461
f 1041 1040 1320
f 1121 3016 3017
f 2984 2986 2987
f 3018 2987 2634
f 1048 603 3018
f 603 602 2984
f 2679 2678 801
f 2062 2072 2074
f 2061 2074 2076
f 414 303 1545
f 3016 1121 2683
f 3019 2683 2704
f 3020 3019 2670
f 3007 3016 3019
f 1871 1090 1091
f 3021 1787 1122
f 3022 3021 3017
f 1314 3021 3022
f 1784 1787 3021
f 1316 1315 1763
f 3023 3022 3010
f 3023 3009 795
f 1763 3023 1092
f 1315 3022 3023
f 3016 3007 3010
f 752 751 2978
f 2986 2639 2637
f 3024 654 653
f 3020 3024 3008
f 720 723 3024
f 723 2621 654
f 2681 1098 1268
f 2671 3025 1268
f 2705 2681 3025
f 1313 3026 3027
f 3026 3028 3029
f 3027 3029 3030
f 1311 3027 3031
f 2012 568 731
f 917 2657 974
f 743 1206 856
f 1888 2027 2030
f 2682 2705 2684
f 3032 2684 1124
f 1100 3032 2989
f 1099 2682 3032
f 1123 2990 2989
f 3033 1834 1159
f 2990 3033 1158
f 1123 1786 3033
f 1786 1785 1834
f 1054 1056 2988
f 2979 665 664
f 2623 2622 2663
f 1095 660 688
f 3034 3035 2261
f 3036 3034 2956
f 3037 3038 3034
f 3038 3039 3035
f 3040 3041 3026
f 2263 3042 3041
f 3042 3039 3043
f 3041 3043 3028
f 3044 3045 3043
f 3046 3047 3045
f 3047 3048 3049
f 3043 3045 3049
f 3038 3037 3051
f 3050 3051 3053
f 3052 3046 3044
f 3039 3038 3050
f 3054 3035 3039
f 3042 2263 2262
f 2261 3035 3054
f 2216 2263 2997
f 2212 2211 2667
f 3056 868 2209
f 934 3057 1961
f 2013 3755 3757
f 3058 3059 3060
f 3059 3062 3063
f 3060 3063 2213
f 3061 3060 1963
f 3063 3064 2214
f 3062 3065 3064
f 3065 2257 2260
f 3064 2260 2215
f 3066 3067 3031
f 2608 2966 3067
f 2966 2562 3068
f 3031 3067 3068
f 2455 2458 2461
f 2476 2223 2226
f 3551 2090 2089
f 3526 2774 3769
f 433 354 355
f 2115 1423 1419
f 3509 2868 2922
f 3769 3737 2131
f 3069 2611 2167
f 2971 2972 2928
f 2961 2774 2773
f 3070 2475 2478
f 2610 2609 3071
f 2502 2371 2374
f 3072 2592 2595
f 2964 3046 3052
f 3048 2593 3074
f 2593 2592 3075
f 3075 3030 3029
f 3074 3029 3028
f 3072 3076 3075
f 3076 3072 2482
f 2481 2608 3066
f 3076 3066 3030
f 2967 3052 3053
f 2482 3072 3073
f 479 480 493
f 706 3900 3873
f 3561 2194 2221
f 2013 2010 3754
f 3533 2032 2016
f 3562 3519 2222
f 1171 1154 1155
f 2586 2566 2565
f 2982 110 113
f 2562 2376 3077
f 2376 2375 3012
f 3012 2145 2148
f 3077 2148 3015
f 2963 3047 3046
f 3051 3078 2970
f 1683 2173 491
f 3850 2122 1447
f 1986 2181 3734
f 3079 3080 2546
f 3081 3079 2575
f 1983 1986 3768
f 3082 2323 2319
f 3080 3082 2545
f 3734 3732 3082
f 3732 3748 2323
f 1309 1471 1888
f 3073 2595 2772
f 2760 3083 3084
f 2760 2085 2088
f 3085 3084 3086
f 3089 3085 3090
f 3089 2762 3084
f 3092 3088 3090
f 3093 2748 2744
f 2751 2747 2748
f 3093 2741 2752
f 2742 2741 3093
f 3094 3093 2743
f 3096 3097 3098
f 3099 3096 3087
f 3097 3094 3095
f 3100 2743 2746
f 3101 2927 3102
f 2764 2766 2927
f 2745 2764 3101
f 3102 3092 3091
f 3100 3091 3095
f 2869 2802 3592
f 3102 3103 3104
f 3658 2868 2869
f 2927 2926 3103
f 3098 3095 3091
f 3087 3098 3090
f 2088 2125 3105
f 3083 3105 3086
f 2483 3073 2771
f 2401 2186 2185
f 3099 3086 3105
f 2125 2207 3106
f 3108 2737 2742
f 3107 2742 3094
f 3110 3108 3107
f 3109 3107 3097
f 3111 3109 3096
f 3112 3110 3109
f 3113 2738 2737
f 3115 2723 2722
f 3117 3115 3114
f 3119 3117 3116
f 3118 3116 3120
f 3116 3114 3113
f 3122 3112 3111
f 3122 3123 1755
f 3124 3125 3126
f 3125 3118 3121
f 3128 3119 3118
f 3129 3128 3125
f 2020 2712 3128
f 3853 3857 1346
f 1065 1046 1047
f 1814 3838 3830
f 2021 2020 3129
f 3111 3099 3106
f 3123 3106 2207
f 2377 2225 2224
f 3014 2485 113
f 1756 2208 3782
f 3131 3132 2530
f 3133 3131 2528
f 1753 1756 3767
f 3134 3124 3127
f 2327 2408 2314
f 2436 2318 2317
f 2018 2021 3711
f 2534 3136 3137
f 2320 2322 3136
f 2185 2018 3712
f 3138 3139 2542
f 3134 3135 3744
f 3785 3130 3134
f 3140 3138 2539
f 2535 3137 3140
f 3711 2021 3130
f 2558 2530 3132
f 3782 3760 3141
f 2560 2558 3141
f 3760 3777 3142
f 958 888 2976
f 1933 1932 2980
f 2399 2424 2418
f 2348 2342 2343
f 2322 2320 2319
f 2718 2717 2874
f 2709 2729 2873
f 2894 2871 1361
f 346 289 176
f 1876 1877 1882
f 2802 2803 3607
f 3104 3144 3088
f 2974 2222 3649
f 3089 3145 2761
f 3088 3144 3145
f 2803 2974 3603
f 3870 3909 692
f 2123 1419 1418
f 1365 1363 1368
f 1581 1766 1782
f 3569 2202 2129
f 3555 2003 2002
f 3146 2585 2551
f 3751 3146 3147
f 3742 3149 3146
f 3149 2584 2585
f 3196 3198 3197
f 3604 2192 2191
f 3142 3150 2556
f 3777 3778 3150
f 3646 3152 2550
f 3150 3151 2555
f 3778 3780 3151
f 3788 3781 3152
f 3153 3147 2551
f 3152 3153 2549
f 3781 3776 3153
f 3776 3750 3147
f 3148 2767 2206
f 2183 2401 2321
f 2132 2960 2928
f 3684 3685 2204
f 3719 2198 2197
f 2594 2962 2773
f 2595 2594 2951
f 1870 798 799
f 3713 2179 2178
f 3706 2178 3736
f 336 3154 3774
f 339 3155 3154
f 3789 3683 3149
f 3683 3697 2584
f 2963 2962 3048
f 3722 3730 337
f 339 338 2566
f 3156 3157 2168
f 2610 3156 2167
f 2954 2953 3156
f 3157 3156 2953
f 3707 2166 2169
f 2567 3158 3159
f 337 3158 2567
f 3730 3069 2166
f 3764 2190 1983
f 2579 3160 3081
f 2568 3159 3160
f 3709 2169 2190
f 3065 3062 3162
f 3161 3162 1984
f 3157 3161 2189
f 2257 3065 3161
f 734 735 1922
f 3059 3058 2708
f 3163 2708 2182
f 3162 3163 1985
f 3062 3059 3163
f 3203 3206 3205
f 2122 2119 1448
f 3817 1686 1685
f 139 140 444
f 1570 569 566
f 2957 3164 3165
f 2955 3166 3164
f 1912 454 341
f 3130 3129 3124
f 1548 322 319
f 1949 1950 1327
f 2969 2970 3078
f 3167 3078 3169
f 3724 2014 2017
f 3720 2017 2033
f 3168 3169 3165
f 3170 3165 3164
f 3779 3170 3171
f 3724 3168 3170
f 3171 3164 3166
f 3172 3166 3071
f 3752 3172 3173
f 3756 3171 3172
f 3169 3037 3036
f 2593 3048 2962
f 3173 3071 2609
f 3174 2609 2199
f 3783 3174 2198
f 3749 3173 3174
f 2190 2189 1984
f 2196 2195 2767
f 2119 2120 1414
f 1464 1463 1466
f 2199 2611 3069
f 2457 2456 2587
f 2226 2225 2562
f 481 478 1627
f 333 1512 235
f 3078 3051 3037
f 3040 2264 2997
f 2219 1934 1933
f 2385 2384 2497
f 221 2220 3175
f 2220 1933 3143
f 3175 3143 2976
f 2484 3175 2975
f 2954 3071 3166
f 2630 1858 110
f 1547 319 1952
f 2091 2090 2188
f 3733 3736 2178
f 1918 1919 1927
f 3563 112 111
f 955 956 960
f 2037 3014 112
f 3143 2980 2981
f 2218 2211 2214
f 672 3877 3787
f 2152 3013 3014
f 1147 1144 1143
f 2248 2246 1409
f 1615 1636 1635
f 1410 1409 2246
f 3241 3243 3242
f 1382 3176 3177
f 3177 1410 2247
f 2247 1383 3177
f 3176 2238 2230
f 1410 3177 3179
f 3179 3180 2243
f 1633 3181 2800
f 1621 1620 2758
f 1622 1621 2245
f 2236 1394 3181
f 2237 2236 3182
f 2250 1631 2233
f 2912 1629 1628
f 135 136 1564
f 1567 419 512
f 1085 1084 2653
f 3184 869 868
f 869 3184 3057
f 1266 1268 1098
f 1267 2147 722
f 937 1146 2646
f 2146 1049 722
f 2211 2218 921
f 1957 510 507
f 1313 1312 2264
f 1496 362 1493
f 2887 2937 2933
f 1687 1688 1659
f 145 1499 1498
f 37 38 418
f 1935 1934 3185
f 104 89 301
f 2101 2098 2083
f 543 298 360
f 1934 2219 3186
f 234 1521 212
f 3845 3821 1822
f 1976 1875 1874
f 223 3186 2219
f 3655 3656 3605
f 2165 2164 467
f 467 468 2165
f 773 476 2165
f 1935 1212 1728
f 3240 3225 3226
f 3261 3249 3250
f 3215 3216 3244
f 3265 3221 3215
f 3267 3245 3198
f 3205 3206 3269
f 3214 3211 3265
f 3271 3213 3214
f 3251 3252 3239
f 3222 3221 3266
f 3232 3235 3234
f 3216 3242 3243
f 3196 3193 3268
f 3244 3243 3254
f 3238 3239 3247
f 3264 3244 3255
f 3253 3242 3216
f 3211 3266 3221
f 3257 3217 3218
f 3258 3222 3272
f 3274 3275 3280
f 3228 3229 3262
f 3275 3231 3281
f 3226 3227 3273
f 3236 3263 3260
f 3281 3263 3236
f 3287 3271 3192
f 3235 3226 3280
f 3234 3280 3281
f 3288 3290 3259
f 3260 3250 3276
f 3289 3212 3278
f 3210 3209 3224
f 3199 3202 3201
f 3228 3231 3230
f 3290 3288 3285
f 3282 3279 3271
f 3260 3263 3262
f 3243 3241 3268
f 3267 3268 3241
f 3194 3207 3208
f 3191 3270 3269
f 3270 3191 3192
f 3275 3274 3230
f 3264 3269 3270
f 3252 3251 3276
f 3248 3252 3291
f 3213 3271 3279
f 3272 3266 3289
f 3277 3278 3212
f 3228 3263 3281
f 3220 3225 3253
f 3219 3253 3217
f 3256 3218 3222
f 3247 3239 3252
f 3245 3267 3232
f 3266 3211 3212
f 3208 3205 3255
f 3288 3289 3284
f 3204 3205 3208
f 560 1899 3187
f 3209 3210 3201
f 3189 3192 3191
f 448 1980 807
f 647 648 122
f 1833 1848 1780
f 510 509 508
f 3210 1949 1887
f 1887 15 3200
f 15 16 3197
f 16 3188 3195
f 3195 3188 3187
f 3194 3187 1899
f 3207 1899 375
f 387 173 126
f 3189 1791 1760
f 3577 763 757
f 763 3577 2172
f 3583 3582 3580
f 3581 3580 3579
f 3594 3597 3596
f 3400 3601 3602
f 3626 3624 3625
f 3631 3635 3599
f 3636 3637 3595
f 3647 3584 3588
f 3650 3582 3584
f 3653 3579 3580
f 3653 2176 3654
f 1801 1864 3656
f 3651 3580 3582
f 3644 3638 3595
f 1767 1768 3659
f 1597 3663 3661
f 1708 1707 3665
f 3671 3668 3667
f 3666 3667 3673
f 1588 1708 3664
f 2080 3671 3666
f 2082 3666 3672
f 3674 3677 3635
f 3677 3678 3636
f 3682 3647 3645
f 3692 3651 3650
f 3681 3645 3644
f 786 3694 3692
f 3694 3653 3651
f 785 3692 3686
f 497 3686 3682
f 650 3682 3681
f 3696 564 3681
f 3405 3606 3605
f 3702 3699 3678
f 3699 3698 3679
f 3645 3588 3638
f 1799 3657 3659
f 3708 3704 3458
f 3462 3710 3708
f 3714 463 564
f 3615 3606 3602
f 3710 3714 3696
f 3635 3636 3596
f 3629 3626 3627
f 3597 3600 3599
f 3630 3716 3715
f 3627 3625 3597
f 3717 3716 3723
f 3715 3663 3660
f 3716 3717 3725
f 3668 3665 3661
f 3668 3725 3717
f 3667 3717 3718
f 3727 3728 3673
f 3728 1576 3672
f 3726 3727 3718
f 1576 2101 2084
f 3727 3726 3731
f 3203 376 1387
f 3190 1387 1791
f 3283 2152 1949
f 317 240 259
f 2000 2176 3653
f 3601 3599 3600
f 3589 3588 3584
f 3577 758 756
f 3585 3584 3582
f 3678 3679 3637
f 3204 375 376
f 1801 3655 3657
f 3729 3735 3728
f 1575 3735 3738
f 3735 1575 1576
f 1776 1795 1796
f 1293 1294 1290
f 1326 14 1327
f 1294 1245 1234
f 878 1244 1330
f 497 373 374
f 122 648 413
f 3699 3702 3704
f 3606 3405 3401
f 3708 3710 3698
f 3464 3714 3710
f 3704 3674 3443
f 439 398 399
f 1512 1528 1526
f 1668 1741 1738
f 839 849 1362
f 1362 1357 826
f 3843 740 1896
f 2053 2054 2118
f 3888 3887 2120
f 696 697 3816
f 1826 1878 639
f 3740 3739 3729
f 956 885 886
f 1980 806 1922
f 33 34 105
f 1343 1344 3856
f 3907 2127 2128
f 1766 1581 1582
f 14 1326 2163
f 595 98 99
f 3233 3238 3246
f 1346 1035 1044
f 748 1888 1425
f 3193 3208 3254
f 3190 3191 3206
f 3612 3605 3606
f 3624 3612 3615
f 3631 3415 3443
f 3679 3680 3644
f 3686 3650 3647
f 3702 3677 3674
f 3625 3615 3600
f 3601 3400 3415
f 3739 3738 3735
f 3630 3627 3594
f 3741 3723 3716
f 1284 1290 1288
f 3698 3696 3680
f 1778 1781 1780
f 1792 1759 1584
f 695 570 571
f 3638 3741 3594
f 3741 3638 3588
f 3247 3248 3209
f 3292 3293 3294
f 3296 3297 3298
f 3299 3298 3300
f 3302 3303 3304
f 3306 3307 3308
f 3307 3310 3311
f 3303 3302 3301
f 3312 3305 3304
f 3314 3315 3316
f 3318 3319 3320
f 3324 3318 3321
f 3326 3327 3328
f 3329 3330 3331
f 3333 3334 3335
f 3337 3338 3339
f 3333 3336 3341
f 3342 3341 3343
f 3319 3345 3344
f 3338 3335 3334
f 3346 3301 3302
f 3305 3348 3347
f 3312 3224 3223
f 3350 3337 3340
f 3312 3349 3348
f 3352 3343 3341
f 3311 3353 3354
f 3341 3336 3327
f 3359 3360 3361
f 3360 3359 3250
f 3318 3363 3345
f 3364 3363 3318
f 3314 3364 3324
f 3366 3299 3301
f 3299 3366 3367
f 3308 3354 3368
f 3369 3317 3295
f 3317 3369 3364
f 3370 3295 3317
f 3325 3371 3365
f 3352 3320 3319
f 3296 3367 3353
f 3297 3296 3311
f 3363 3368 3354
f 3345 3354 3353
f 3344 3353 3367
f 3366 3333 3342
f 3347 3339 3334
f 3339 3347 3348
f 3348 3349 3351
f 3363 3364 3369
f 3294 3309 3368
f 3293 3306 3309
f 3331 3373 3374
f 3346 3334 3333
f 3323 3322 3352
f 3356 3355 3321
f 3355 3357 3325
f 3357 3358 3371
f 3322 3356 3320
f 3361 3330 3329
f 3373 3372 3375
f 3374 3375 3376
f 3329 3332 3376
f 3327 3375 3372
f 3336 3335 3375
f 3335 3338 3376
f 3376 3338 3337
f 3337 3350 3359
f 3359 3350 3276
f 3377 3292 3295
f 3277 3316 3315
f 3371 3378 3379
f 3378 3371 3358
f 3365 3379 3315
f 3316 3277 3279
f 3282 3377 3370
f 3313 3283 3224
f 3378 3285 3284
f 3380 3286 3285
f 3379 3284 3278
f 3276 3350 3351
f 3291 3351 3349
f 3313 3304 2965
f 2965 3304 3303
f 222 3303 3300
f 223 3300 3298
f 3298 3297 3185
f 3297 3310 2977
f 3310 3307 1213
f 3307 3306 1214
f 2532 1214 3306
f 2894 2532 3293
f 2871 2894 3292
f 3253 3225 3240
f 3283 3313 3013
f 1997 1996 1889
f 1237 745 744
f 1535 1534 120
f 1531 1532 201
f 1119 1241 1032
f 946 948 824
f 163 8 5
f 3589 3726 3723
f 1155 1156 1162
f 427 213 327
f 553 1902 796
f 3381 2232 2231
f 3381 3178 2230
f 2237 3183 3180
f 3383 3384 3385
f 3384 3386 3387
f 3386 3388 3389
f 3388 3390 3391
f 3392 3393 3394
f 3395 3394 3396
f 3398 3399 3397
f 3400 3401 3399
f 3403 3404 3405
f 3406 3407 3404
f 3408 3409 3407
f 3410 3411 3409
f 3412 3413 3411
f 3415 3400 3398
f 3414 3398 3396
f 3416 3396 3394
f 3417 3394 3393
f 3393 3419 3420
f 3419 3390 3421
f 3390 3388 3422
f 3388 3386 3423
f 3386 3384 3424
f 3384 3383 3425
f 3425 3383 3426
f 2904 3427 3428
f 3429 3427 2904
f 3430 3429 2902
f 2875 3431 3430
f 3432 3433 2733
f 2825 3434 3435
f 3437 3438 3439
f 3441 3437 3436
f 2724 2723 3434
f 3436 3439 3115
f 3440 3436 3117
f 3443 3415 3414
f 3442 3414 3416
f 3444 3416 3417
f 3445 3417 3418
f 3446 3418 3420
f 3420 3421 3448
f 3421 3422 3449
f 3422 3423 3450
f 3423 3424 3451
f 3424 3425 3452
f 3425 3184 3056
f 3451 3452 2253
f 3450 3451 2252
f 3449 3450 1727
f 3448 3449 2150
f 3453 3447 3448
f 3454 3446 3447
f 3455 3445 3446
f 3456 3444 3445
f 3442 3444 3456
f 3443 3442 3457
f 3459 3460 3458
f 3457 3456 3455
f 3459 3455 3454
f 3462 3460 3459
f 3461 3454 3453
f 3464 3462 3461
f 3463 3453 1941
f 3404 3399 3401
f 3407 3397 3399
f 3409 3395 3397
f 3411 3392 3395
f 3465 3466 3413
f 3467 3468 3469
f 3465 3412 3431
f 3470 3467 3466
f 3438 3470 3432
f 3467 3470 3438
f 3468 3467 3437
f 3471 3469 3468
f 3472 3468 3441
f 3473 3441 3440
f 2712 3440 3119
f 3475 3471 3472
f 3474 3472 3473
f 3476 3473 2712
f 3477 3476 2711
f 3478 3474 3476
f 3479 3475 3474
f 3392 3411 3413
f 3466 3469 3480
f 3419 3393 3392
f 3390 3419 3480
f 3469 3471 3391
f 3389 3391 3471
f 3387 3389 3475
f 3385 3387 3479
f 3482 3477 2400
f 3483 3478 3477
f 3481 3479 3478
f 3484 3482 2402
f 3058 3484 2707
f 3061 3485 3484
f 3485 3483 3482
f 3382 3385 3481
f 3486 3481 3483
f 3426 3383 3382
f 3487 3382 3486
f 3486 3485 3061
f 1961 3057 3487
f 3057 3184 3426
f 3428 3403 3402
f 3427 3406 3403
f 3429 3408 3406
f 3430 3410 3408
f 3431 3412 3410
f 3470 3465 3433
f 3434 3439 3438
f 2723 3115 3439
f 2875 2733 3433
f 2736 2824 3435
f 2947 3428 3488
f 3464 3463 1360
f 1900 1925 1924
f 1736 1717 1718
f 1955 1952 1943
f 1671 1738 1735
f 1696 1750 1698
f 1800 1865 1864
f 2063 2055 2056
f 1737 1734 1717
f 1751 1735 1697
f 943 3885 3899
f 3656 3488 3402
f 1577 1578 1764
f 3917 1598 1599
f 1945 146 82
f 68 6 7
f 147 1542 1543
f 1109 1135 1133
f 1503 1910 1907
f 1499 1501 1909
f 452 1922 735
f 1824 2068 3835
f 1825 2067 2068
f 1463 1462 1022
f 841 1012 1009
f 1568 1547 1955
f 1910 1503 1502
f 1939 1502 422
f 309 280 1940
f 1804 1851 1866
f 269 1482 1954
f 2065 1607 2060
f 3812 1685 1758
f 280 276 552
f 1875 1873 1869
f 1739 1721 1734
f 1778 1779 1790
f 310 1920 1915
f 1909 1908 1906
f 1789 1783 1778
f 978 981 980
f 1584 1759 1731
f 425 426 311
f 148 1543 115
f 2044 3897 3894
f 277 1910 1939
f 1943 1946 1945
f 1461 1462 1463
f 2253 3452 3056
f 2981 2254 3489
f 2209 2998 3489
f 2254 2253 3055
f 2998 926 958
f 2826 2817 2721
f 3490 2739 2721
f 2816 3491 3490
f 2334 2297 2296
f 2298 2297 2334
f 2301 2298 2336
f 2311 2301 2338
f 2312 2311 2354
f 2359 2358 2361
f 2335 2296 2359
f 2414 2413 2365
f 2413 2270 2361
f 2355 2352 2540
f 2541 2540 2539
f 2722 2721 2739
f 3114 2722 2738
f 3110 3112 3121
f 3108 3110 3120
f 3122 1754 3127
f 3112 3122 3126
f 3127 1754 1753
f 3139 3133 2529
f 3744 3775 3133
f 3490 2789 2740
f 3491 2790 2789
f 228 229 91
f 245 244 243
f 248 7 247
f 2 297 296
f 145 146 300
f 327 213 210
f 329 332 331
f 239 241 240
f 373 376 375
f 178 177 176
f 1218 1225 1228
f 3862 1231 1295
f 808 809 824
f 3858 3859 1013
f 3813 3810 1411
f 2154 2149 2159
f 3845 3835 1758
f 306 807 1922
f 2157 2153 1976
f 708 709 2031
f 1450 1226 1227
f 1672 1604 1605
f 1813 1814 1821
f 1717 1716 1715
f 176 159 402
f 1710 1705 3916
f 1712 1580 1577
f 1705 1713 1711
f 971 978 979
f 822 823 1094
f 2909 2810 2793
f 2810 2769 2795
f 2799 2910 2249
f 3662 3643 2910
f 2769 2768 2801
f 3177 3176 3178
f 3178 3381 3180
f 3181 1394 1393
f 3181 1633 1632
f 3182 1632 2244
f 3183 2244 2243
f 3492 2791 2790
f 2808 3492 3491
f 2239 3574 3572
f 1149 1150 3571
f 1150 2009 3567
f 2202 3569 3566
f 2921 3564 3565
f 3568 3560 2133
f 1777 1579 1759
f 1201 1196 1183
f 3561 3554 2195
f 3553 3576 2770
f 3927 3925 1687
f 1516 152 154
f 3549 3562 2974
f 3550 3548 2779
f 2771 2772 3575
f 3070 2771 3546
f 3547 3544 2775
f 1376 1375 1370
f 2767 3543 3556
f 2195 3554 3543
f 2775 3544 3542
f 3377 3282 3545
f 3804 3802 3539
f 2776 3542 3538
f 2240 3572 3535
f 2920 3535 3669
f 3548 3534 2786
f 1805 1850 1851
f 3534 3532 2787
f 2951 2773 3540
f 2772 2951 3531
f 2973 2224 3530
f 2224 2223 3537
f 1957 1953 320
f 306 305 304
f 2770 3576 3528
f 2913 3528 3574
f 2923 3565 3527
f 308 1940 431
f 207 208 132
f 1879 1876 1881
f 3733 3787 3525
f 2475 3070 3558
f 2476 2475 3524
f 2223 2476 3523
f 3522 3549 2803
f 2037 3563 11
f 1959 1958 450
f 2003 3555 3520
f 9 10 334
f 2009 2008 3518
f 2008 2973 3536
f 3877 672 673
f 3515 3550 2778
f 2935 3514 3513
f 111 1149 3570
f 3510 3514 2935
f 683 3876 3885
f 3508 3557 2810
f 736 733 732
f 1795 1804 1803
f 3505 3510 2938
f 3507 3505 2939
f 2950 3512 3504
f 2940 2949 3504
f 3801 3791 3512
f 2868 3509 3502
f 2869 3502 3522
f 1024 1034 1023
f 3500 3503 2948
f 551 1939 442
f 2972 3499 3568
f 2032 3533 3499
f 216 93 1924
f 203 202 201
f 1828 1848 1847
f 1958 1957 449
f 272 271 178
f 2871 3545 3495
f 3619 3669 3564
f 2801 2768 3643
f 2005 3758 3654
f 960 886 899
f 3657 3655 3612
f 3780 3788 3646
f 3151 3646 3593
f 2193 3604 3623
f 3607 3603 3145
f 3603 3649 2761
f 3592 3607 3144
f 2926 3658 3634
f 3634 3592 3104
f 3755 3754 3746
f 566 567 3758
f 3488 3656 1864
f 1602 1586 2079
f 2868 3658 3611
f 2922 3611 3610
f 2923 3610 3618
f 3670 3613 2918
f 3619 3670 3614
f 2921 3618 3670
f 2920 3614 3586
f 3613 3642 2915
f 2917 2766 3622
f 2916 2917 3641
f 2239 3587 3652
f 2911 3640 3652
f 3643 3640 2911
f 2797 2801 3662
f 2797 3591 3598
f 3622 3628 2763
f 3608 3628 2764
f 2194 3623 3648
f 2221 3648 3649
f 2756 3608 3609
f 2750 3598 3609
f 3669 3535 1817
f 3763 3770 1691
f 2515 3621 3590
f 2548 3590 3593
f 2513 2489 3632
f 2513 3616 3621
f 2509 3633 3620
f 2510 3632 3633
f 2289 3620 3639
f 2283 3639 3617
f 2240 3586 3587
f 3659 3657 3624
f 716 2121 3887
f 727 1999 3761
f 2165 2171 2170
f 3660 3659 3626
f 3743 3581 3578
f 2175 2172 769
f 2100 500 2095
f 3758 567 3757
f 640 3560 3568
f 1653 3576 3553
f 1895 3536 3530
f 746 3530 3537
f 1653 1810 3528
f 3762 1603 1604
f 2093 2075 2073
f 959 996 995
f 962 899 919
f 1400 1401 1398
f 1000 817 1127
f 956 959 884
f 1662 3548 3550
f 2034 3558 3546
f 3926 1689 3539
f 3535 3572 766
f 3572 3574 765
f 334 3570 3571
f 1868 3531 3540
f 1684 1651 1652
f 1682 1683 775
f 1585 1603 3762
f 3763 3762 1672
f 2173 2174 490
f 1658 3544 3547
f 3556 3543 1650
f 1571 3754 2010
f 1587 3664 3671
f 2099 2095 2077
f 787 3761 1999
f 2000 3694 786
f 3155 339 3697
f 3713 3155 3683
f 2180 2179 3685
f 3496 2180 3684
f 1684 3846 3840
f 1760 464 3495
f 2607 3689 3693
f 2581 3676 3689
f 2371 2502 3700
f 2371 3695 3693
f 2587 3676 3675
f 2586 3675 3697
f 2497 3691 3687
f 2502 2503 3687
f 2494 3691 3690
f 3690 3688 2472
f 3688 3701 2468
f 3701 3703 2469
f 726 3908 3892
f 581 3567 3518
f 10 3511 3570
f 1837 3514 3510
f 741 3537 3523
f 1299 3524 3558
f 1851 3507 3504
f 3527 3565 1820
f 580 3518 3536
f 1758 1685 3522
f 1693 3557 3508
f 3504 3512 1867
f 1894 1826 3568
f 2126 1418 3813
f 3906 2126 3841
f 2113 3911 3867
f 2179 3713 3789
f 624 3903 3904
f 2192 3604 3788
f 2177 3541 3787
f 1364 3824 3833
f 3858 3855 1470
f 3135 1753 3775
f 2069 3812 3835
f 1351 3861 3853
f 2108 3882 3901
f 2089 2092 3736
f 3828 3834 1358
f 2001 3749 3783
f 2187 3783 3719
f 2130 3756 3752
f 2004 3752 3749
f 2014 3724 3779
f 2201 3779 3756
f 3167 3720 3759
f 3168 3724 3720
f 3159 3709 3764
f 3160 3764 3765
f 3730 3707 3158
f 3158 3707 3709
f 2200 3069 3730
f 3685 3789 3742
f 3722 3774 2197
f 3790 3736 2092
f 3774 3790 3721
f 3154 3706 3790
f 3155 3713 3706
f 2091 3719 3721
f 2196 3148 3750
f 2193 2196 3776
f 3604 2193 3781
f 2086 2192 3780
f 2087 2086 3778
f 2204 3742 3751
f 2205 3751 3750
f 3909 3886 574
f 2124 2087 3777
f 2208 2124 3760
f 3711 3785 3140
f 3785 3745 3138
f 3745 3744 3139
f 3771 3712 3136
f 3712 3711 3137
f 3775 3767 3131
f 3767 3782 3132
f 1813 3839 3838
f 1293 3854 3856
f 2184 2321 3748
f 2181 2184 3732
f 3765 3768 3079
f 3768 3734 3080
f 709 3873 3875
f 2774 2961 3737
f 3786 3769 2134
f 3809 3808 766
f 2968 3784 3766
f 2969 3759 3784
f 2958 3747 3737
f 2132 3747 3766
f 2321 2185 3771
f 3860 3848 1449
f 3905 3874 582
f 3886 3889 577
f 3847 3826 1818
f 705 3902 3887
f 3816 3912 3907
f 2111 3883 3911
f 3810 3829 1366
f 1812 3839 3822
f 675 3851 3852
f 3496 3705 3851
f 2110 3867 3868
f 2104 3896 3901
f 2109 3868 3899
f 3842 3831 703
f 1680 3811 3846
f 1639 1627 3819
f 623 3904 3906
f 2139 2140 3866
f 1808 1640 3844
f 3820 3821 1819
f 3872 3914 3900
f 1646 3832 3830
f 3889 3890 633
f 2139 3865 3875
f 2156 2155 3871
f 674 3852 3913
f 2117 3817 3812
f 1815 3822 3847
f 3855 3849 1444
f 697 3906 3912
f 866 842 3836
f 3864 3869 2136
f 3585 3731 3726
f 3583 3740 3731
f 3753 3746 3738
f 3740 3583 3581
f 1088 3738 3746
f 3739 3740 3743
f 2791 3492 3493
f 3492 2808 2807
f 2792 3493 3494
f 3493 2807 2806
f 3508 2909 3494
f 3516 3494 2806
f 2948 3503 3791
f 2105 3908 3896
f 3538 3802 3804
f 680 3878 3876
f 1891 1890 3910
f 2905 3799 3801
f 2900 3797 3799
f 2901 3797 3807
f 2734 2878 3806
f 2877 3807 3806
f 2820 3800 3794
f 2818 3796 3792
f 2823 3793 3792
f 2822 3793 3798
f 2819 2735 3800
f 2817 3796 3795
f 2809 3805 3795
f 2808 3805 3803
f 2805 3804 3803
f 1702 3921 3923
f 3922 3920 1797
f 3915 3916 1706
f 3918 3927 1692
f 1657 3898 3880
f 1890 1877 3895
f 3772 3770 1674
f 1689 1690 3772
f 3926 3802 3538
f 3516 3539 1689
f 3917 3923 1703
f 1598 3917 3928
f 3880 3884 1876
f 1691 1690 3925
f 3925 3926 1688
f 3934 3933 3937
f 3934 3938 3939
f 3932 3936 3937
f 3938 3942 3943
f 3937 3936 3940
f 3937 3941 3942
f 3942 3946 3947
f 3941 3940 3944
f 3942 3941 3945
f 3947 3946 3950
f 3944 3948 3949
f 3945 3949 3950
f 3950 3954 3955
f 3949 3948 3952
f 3950 3949 3953
f 3955 3954 3958
f 3953 3952 3956
f 3953 3957 3958
f 3959 3958 3962
f 3957 3956 3960
f 3958 3957 3961
f 3962 3966 3967
f 3960 3964 3965
f 3961 3965 3966
f 3966 3970 3971
f 3965 3964 3968
f 3966 3965 3969
f 3970 3974 3975
f 3968 3972 3973
f 3969 3973 3974
f 3974 3978 3979
f 3973 3972 3976
f 3974 3973 3977
f 3979 3978 3982
f 3976 3980 3981
f 3977 3981 3982
f 3982 3986 3987
f 3981 3980 3984
f 3982 3981 3985
f 3987 3986 3990
f 3984 3988 3989
f 3985 3989 3990
f 3991 3990 3994
f 3989 3988 3992
f 3990 3989 3993
f 3995 3994 3998
f 3992 3996 3997
f 3993 3997 3998
f 3998 4002 4003
f 3997 3996 4000
f 3998 3997 4001
f 4002 4006 4007
f 4000 4004 4005
f 4001 4005 4006
f 4006 4010 4011
f 4005 4004 4008
f 4006 4005 4009
f 4011 4010 4014
f 4008 4012 4013
f 4009 4013 4014
f 4014 4018 4019
f 4013 4012 4016
f 4014 4013 4017
f 4019 4018 4022
f 4016 4020 4021
f 4017 4021 4022
f 4023 4022 4026
f 4021 4020 4024
f 4022 4021 4025
f 4027 4026 4030
f 4024 4028 4029
f 4025 4029 4030
f 4031 4030 4034
f 4029 4028 4032
f 4030 4029 4033
f 4034 4038 4039
f 4032 4036 4037
f 4033 4037 4038
f 4038 4042 4043
f 4037 4036 4040
f 4038 4037 4041
f 4043 4042 4046
f 4040 4044 4045
f 4041 4045 4046
f 4046 4050 4051
f 4045 4044 4048
f 4046 4045 4049
f 4051 4050 4055
f 4048 4053 4054
f 4049 4054 4055
f 4056 4055 4059
f 4053 4057 4058
f 4055 4054 4058
f 4060 4059 3934
f 4058 4057 3932
f 4058 3933 3934
f 4069 4068 4081
f 4066 4079 4080
f 4065 4064 4077
f 4063 4062 4075
f 4071 4084 4085
f 4069 4082 4083
f 4067 4080 4081
f 4066 4065 4078
f 4063 4076 4077
f 4061 4074 4075
f 4072 4085 4086
f 4071 4070 4083
f 4076 4089 4090
f 4074 4087 4088
f 4086 4085 4098
f 4083 4096 4097
f 4082 4081 4094
f 4079 4092 4093
f 4078 4077 4090
f 4076 4075 4088
f 4085 4084 4097
f 4082 4095 4096
f 4080 4093 4094
f 4079 4078 4091
f 4089 4102 4103
f 4088 4087 4100
f 4098 4111 4112
f 4096 4109 4110
f 4095 4094 4107
f 4092 4105 4106
f 4090 4103 4104
f 4089 4088 4101
f 4097 4110 4111
f 4095 4108 4109
f 4094 4093 4106
f 4092 4091 4104
f 4103 4102 4115
f 4100 4113 4114
f 4112 4111 4124
f 4110 4109 4122
f 4107 4120 4121
f 4105 4118 4119
f 4103 4116 4117
f 4101 4114 4115
f 4110 4123 4124
f 4109 4108 4121
f 4107 4106 4119
f 4105 4104 4117
f 4115 4128 4129
f 4114 4113 4126
f 4124 4137 4138
f 4123 4122 4135
f 4120 4133 4134
f 4119 4118 4131
f 4117 4116 4129
f 4114 4127 4128
f 4124 4123 4136
f 4122 4121 4134
f 4119 4132 4133
f 4117 4130 4131
f 4129 4128 4141
f 4126 4139 4140
f 4138 4137 4150
f 4136 4135 4148
f 4133 4146 4147
f 4131 4144 4145
f 4130 4129 4142
f 4127 4140 4141
f 4137 4136 4149
f 4135 4134 4147
f 4132 4145 4146
f 4131 4130 4143
f 4142 4141 4154
f 4140 4139 4152
f 4150 4163 4164
f 4149 4148 4161
f 4146 4159 4160
f 4144 4157 4158
f 4142 4155 4156
f 4140 4153 4154
f 4149 4162 4163
f 4148 4147 4160
f 4146 4145 4158
f 4144 4143 4156
f 4155 4154 4167
f 4153 4152 4165
f 4163 4176 4177
f 4161 4174 4175
f 4159 4172 4173
f 4158 4157 4170
f 4155 4168 4169
f 4153 4166 4167
f 4163 4162 4175
f 4161 4160 4173
f 4159 4158 4171
f 4156 4169 4170
f 4167 4180 4181
f 4165 4178 4179
f 4176 4189 4190
f 4175 4174 4187
f 4173 4172 4185
f 4170 4183 4184
f 4169 4168 4181
f 4167 4166 4179
f 4175 4188 4189
f 4173 4186 4187
f 4171 4184 4185
f 4170 4169 4182
f 4180 4193 4194
f 4178 4191 4192
f 4190 4189 4202
f 4187 4200 4201
f 4186 4185 4198
f 4183 4196 4197
f 4182 4181 4194
f 4180 4179 4192
f 4189 4188 4201
f 4186 4199 4200
f 4184 4197 4198
f 4183 4182 4195
f 4193 4206 4207
f 4192 4191 4204
f 4202 4215 4216
f 4200 4213 4214
f 4199 4198 4211
f 4196 4209 4210
f 4194 4207 4208
f 4193 4192 4205
f 4201 4214 4215
f 4199 4212 4213
f 4198 4197 4210
f 4196 4195 4208
f 4207 4206 4219
f 4204 4217 4218
f 4216 4215 4228
f 4213 4226 4227
f 4211 4224 4225
f 4209 4222 4223
f 4207 4220 4221
f 4205 4218 4219
f 4214 4227 4228
f 4213 4212 4225
f 4211 4210 4223
f 4209 4208 4221
f 4219 4232 4233
f 4218 4217 4230
f 4228 4241 4242
f 4226 4239 4240
f 4225 4224 4237
f 4223 4222 4235
f 4221 4220 4233
f 4218 4231 4232
f 4228 4227 4240
f 4226 4225 4238
f 4223 4236 4237
f 4221 4234 4235
f 4233 4232 4245
f 4230 4243 4244
f 4242 4241 4254
f 4240 4239 4252
f 4237 4250 4251
f 4235 4248 4249
f 4234 4233 4246
f 4231 4244 4245
f 4241 4240 4253
f 4239 4238 4251
f 4236 4249 4250
f 4235 4234 4247
f 4246 4245 4258
f 4244 4243 4256
f 4254 4267 4268
f 4253 4252 4265
f 4250 4263 4264
f 4248 4261 4262
f 4246 4259 4260
f 4244 4257 4258
f 4253 4266 4267
f 4252 4251 4264
f 4250 4249 4262
f 4248 4247 4260
f 4259 4258 4271
f 4257 4256 4269
f 4267 4280 4281
f 4265 4278 4279
f 4263 4276 4277
f 4262 4261 4274
f 4259 4272 4273
f 4257 4270 4271
f 4266 4279 4280
f 4265 4264 4277
f 4263 4262 4275
f 4260 4273 4274
f 4271 4284 4285
f 4269 4282 4283
f 4281 4280 4293
f 4279 4278 4291
f 4277 4276 4289
f 4274 4287 4288
f 4273 4272 4285
f 4271 4270 4283
f 4280 4279 4292
f 4277 4290 4291
f 4275 4288 4289
f 4274 4273 4286
f 4284 4297 4298
f 4282 4295 4296
f 4294 4293 4306
f 4291 4304 4305
f 4290 4289 4302
f 4287 4300 4301
f 4286 4285 4298
f 4284 4283 4296
f 4293 4292 4305
f 4290 4303 4304
f 4288 4301 4302
f 4287 4286 4299
f 4297 4310 4311
f 4296 4295 4308
f 4306 4319 4320
f 4304 4317 4318
f 4303 4302 4315
f 4300 4313 4314
f 4298 4311 4312
f 4297 4296 4309
f 4305 4318 4319
f 4304 4303 4316
f 4302 4301 4314
f 4300 4299 4312
f 4310 4323 4324
f 4308 4321 4322
f 4320 4319 4332
f 4318 4317 4330
f 4316 4315 4328
f 4313 4326 4327
f 4311 4324 4325
f 4310 4309 4322
f 4318 4331 4332
f 4316 4329 4330
f 4315 4314 4327
f 4312 4325 4326
f 4323 4336 4337
f 4322 4321 4334
f 4332 4345 4346
f 4330 4343 4344
f 4329 4328 4341
f 4327 4326 4339
f 4325 4324 4337
f 4322 4335 4336
f 4332 4331 4344
f 4330 4329 4342
f 4327 4340 4341
f 4325 4338 4339
f 4337 4336 4350
f 4334 4348 4349
f 4346 4345 4359
f 4344 4343 4357
f 4341 4355 4356
f 4340 4339 4353
f 4338 4337 4351
f 4335 4349 4350
f 4345 4344 4358
f 4343 4342 4356
f 4340 4354 4355
f 4338 4352 4353
f 4351 4350 4363
f 4349 4348 4361
f 4359 4372 4373
f 4358 4357 4370
f 4355 4368 4369
f 4354 4353 4366
f 4351 4364 4365
f 4349 4362 4363
f 4358 4371 4372
f 4357 4356 4369
f 4355 4354 4367
f 4352 4365 4366
f 4364 4363 4376
f 4362 4361 4374
f 4373 4372 4385
f 4370 4383 4384
f 4368 4381 4382
f 4367 4366 4379
f 4364 4377 4378
f 4362 4375 4376
f 4372 4371 4384
f 4370 4369 4382
f 4368 4367 4380
f 4365 4378 4379
f 4376 4389 4390
f 4374 4387 4388
f 4385 4398 4399
f 4384 4383 4396
f 4382 4381 4394
f 4379 4392 4393
f 4378 4377 4390
f 4376 4375 4388
f 4384 4397 4398
f 4382 4395 4396
f 4380 4393 4394
f 4379 4378 4391
f 4389 4402 4403
f 4387 4400 4401
f 4399 4398 4411
f 4396 4409 4410
f 4395 4394 4407
f 4393 4392 4405
f 4391 4390 4403
f 4389 4388 4401
f 4398 4397 4410
f 4395 4408 4409
f 4393 4406 4407
f 4391 4404 4405
f 4402 4415 4416
f 4401 4400 4413
f 4411 4424 4425
f 4409 4422 4423
f 4408 4407 4420
f 4406 4405 4418
f 4403 4416 4417
f 4402 4401 4414
f 4410 4423 4424
f 4408 4421 4422
f 4407 4406 4419
f 4404 4417 4418
f 4416 4415 4428
f 4413 4426 4427
f 4425 4424 4437
f 4423 4422 4435
f 4421 4420 4433
f 4418 4431 4432
f 4416 4429 4430
f 4415 4414 4427
f 4423 4436 4437
f 4421 4434 4435
f 4420 4419 4432
f 4418 4417 4430
f 4428 4441 4442
f 4426 4439 4440
f 4437 4450 4451
f 4435 4448 4449
f 4434 4433 4446
f 4432 4431 4444
f 4430 4429 4442
f 4427 4440 4441
f 4437 4436 4449
f 4435 4434 4447
f 4432 4445 4446
f 4430 4443 4444
f 4442 4441 4454
f 4439 4452 4453
f 4451 4450 4463
f 4449 4448 4461
f 4446 4459 4460
f 4444 4457 4458
f 4443 4442 4455
f 4440 4453 4454
f 4450 4449 4462
f 4447 4460 4461
f 4445 4458 4459
f 4444 4443 4456
f 4455 4454 4467
f 4453 4452 4465
f 4463 4476 4477
f 4462 4461 4474
f 4459 4472 4473
f 4457 4470 4471
f 4455 4468 4469
f 4453 4466 4467
f 4462 4475 4476
f 4461 4460 4473
f 4459 4458 4471
f 4457 4456 4469
f 4468 4467 4063
f 4466 4465 4061
f 4477 4476 4072
f 4474 4070 4071
f 4472 4068 4069
f 4471 4470 4066
f 4468 4064 4065
f 4466 4062 4063
f 4476 4475 4071
f 4474 4473 4069
f 4472 4471 4067
f 4469 4065 4066
f 3935 4061 4465
f 4465 4452 4056
f 4452 4439 4051
f 4439 4426 4047
f 4047 4426 4413
f 4043 4413 4400
f 4039 4400 4387
f 4387 4374 4031
f 4031 4374 4361
f 4361 4348 4023
f 4348 4334 4019
f 4334 4321 4015
f 4015 4321 4308
f 4011 4308 4295
f 4007 4295 4282
f 4282 4269 3999
f 3999 4269 4256
f 4256 4243 3991
f 4243 4230 3987
f 4230 4217 3983
f 3983 4217 4204
f 3979 4204 4191
f 3975 4191 4178
f 4178 4165 3967
f 3967 4165 4152
f 4152 4139 3959
f 4139 4126 3955
f 4126 4113 3951
f 3951 4113 4100
f 3947 4100 4087
f 3943 4087 4074
f 4074 4061 3935
f 4480 4479 4483
f 4480 4484 4485
f 4479 4478 4482
f 4484 4488 4489
f 4482 4486 4487
f 4483 4487 4488
f 4488 4492 4493
f 4487 4486 4490
f 4488 4487 4491
f 4493 4492 4496
f 4490 4494 4495
f 4491 4495 4496
f 4496 4500 4501
f 4495 4494 4498
f 4496 4495 4499
f 4501 4500 4504
f 4498 4502 4503
f 4499 4503 4504
f 4505 4504 4508
f 4503 4502 4506
f 4504 4503 4507
f 4509 4508 4512
f 4506 4510 4511
f 4507 4511 4512
f 4513 4512 4516
f 4511 4510 4514
f 4512 4511 4515
f 4516 4520 4521
f 4514 4518 4519
f 4515 4519 4520
f 4520 4524 4525
f 4518 4522 4523
f 4520 4519 4523
f 4525 4524 4528
f 4522 4526 4527
f 4523 4527 4528
f 4528 4532 4533
f 4527 4526 4530
f 4528 4527 4531
f 4533 4532 4536
f 4530 4534 4535
f 4531 4535 4536
f 4537 4536 4540
f 4534 4538 4539
f 4536 4535 4539
f 4541 4540 4544
f 4539 4538 4542
f 4539 4543 4544
f 4544 4548 4549
f 4542 4546 4547
f 4544 4543 4547
f 4548 4552 4553
f 4547 4546 4550
f 4547 4551 4552
f 4552 4556 4557
f 4551 4550 4554
f 4552 4551 4555
f 4557 4556 4560
f 4554 4558 4559
f 4555 4559 4560
f 4560 4564 4565
f 4559 4558 4562
f 4560 4559 4563
f 4565 4564 4568
f 4562 4566 4567
f 4563 4567 4568
f 4569 4568 4572
f 4567 4566 4570
f 4568 4567 4571
f 4572 4576 4577
f 4570 4574 4575
f 4571 4575 4576
f 4576 4580 4581
f 4575 4574 4578
f 4576 4575 4579
f 4580 4584 4585
f 4578 4582 4583
f 4579 4583 4584
f 4584 4588 4589
f 4583 4582 4586
f 4584 4583 4587
f 4589 4588 4592
f 4586 4590 4591
f 4587 4591 4592
f 4592 4596 4597
f 4591 4590 4594
f 4592 4591 4595
f 4597 4596 4601
f 4594 4599 4600
f 4595 4600 4601
f 4602 4601 4605
f 4600 4599 4603
f 4601 4600 4604
f 4606 4605 4480
f 4603 4478 4479
f 4604 4479 4480
f 4615 4614 4627
f 4612 4625 4626
f 4611 4610 4623
f 4609 4608 4621
f 4618 4617 4630
f 4615 4628 4629
f 4613 4626 4627
f 4612 4611 4624
f 4609 4622 4623
f 4607 4620 4621
f 4619 4618 4631
f 4617 4616 4629
f 4622 4635 4636
f 4620 4633 4634
f 4632 4631 4644
f 4629 4642 4643
f 4628 4627 4640
f 4626 4625 4638
f 4624 4623 4636
f 4622 4621 4634
f 4631 4630 4643
f 4628 4641 4642
f 4626 4639 4640
f 4624 4637 4638
f 4635 4648 4649
f 4634 4633 4646
f 4644 4657 4658
f 4642 4655 4656
f 4641 4640 4653
f 4639 4638 4651
f 4636 4649 4650
f 4635 4634 4647
f 4643 4656 4657
f 4642 4641 4654
f 4640 4639 4652
f 4637 4650 4651
f 4648 4661 4662
f 4646 4659 4660
f 4658 4657 4670
f 4656 4655 4668
f 4653 4666 4667
f 4651 4664 4665
f 4649 4662 4663
f 4648 4647 4660
f 4656 4669 4670
f 4654 4667 4668
f 4653 4652 4665
f 4651 4650 4663
f 4661 4674 4675
f 4660 4659 4672
f 4670 4683 4684
f 4668 4681 4682
f 4667 4666 4679
f 4665 4664 4677
f 4663 4662 4675
f 4661 4660 4673
f 4670 4669 4682
f 4667 4680 4681
f 4665 4678 4679
f 4663 4676 4677
f 4675 4674 4687
f 4672 4685 4686
f 4684 4683 4696
f 4682 4681 4694
f 4679 4692 4693
f 4678 4677 4690
f 4676 4675 4688
f 4673 4686 4687
f 4683 4682 4695
f 4681 4680 4693
f 4678 4691 4692
f 4676 4689 4690
f 4688 4687 4700
f 4686 4685 4698
f 4696 4709 4710
f 4695 4694 4707
f 4692 4705 4706
f 4691 4690 4703
f 4688 4701 4702
f 4686 4699 4700
f 4695 4708 4709
f 4694 4693 4706
f 4692 4691 4704
f 4689 4702 4703
f 4701 4700 4713
f 4699 4698 4711
f 4710 4709 4722
f 4707 4720 4721
f 4705 4718 4719
f 4704 4703 4716
f 4701 4714 4715
f 4699 4712 4713
f 4709 4708 4721
f 4707 4706 4719
f 4705 4704 4717
f 4702 4715 4716
f 4713 4726 4727
f 4711 4724 4725
f 4723 4722 4735
f 4721 4720 4733
f 4719 4718 4731
f 4716 4729 4730
f 4715 4714 4727
f 4713 4712 4725
f 4721 4734 4735
f 4719 4732 4733
f 4717 4730 4731
f 4716 4715 4728
f 4726 4739 4740
f 4724 4737 4738
f 4736 4735 4748
f 4733 4746 4747
f 4732 4731 4744
f 4730 4729 4742
f 4728 4727 4740
f 4726 4725 4738
f 4735 4734 4747
f 4732 4745 4746
f 4730 4743 4744
f 4728 4741 4742
f 4739 4752 4753
f 4738 4737 4750
f 4748 4761 4762
f 4746 4759 4760
f 4745 4744 4757
f 4743 4742 4755
f 4740 4753 4754
f 4739 4738 4751
f 4747 4760 4761
f 4745 4758 4759
f 4744 4743 4756
f 4741 4754 4755
f 4753 4752 4765
f 4750 4763 4764
f 4762 4761 4774
f 4759 4772 4773
f 4758 4757 4770
f 4755 4768 4769
f 4753 4766 4767
f 4752 4751 4764
f 4760 4773 4774
f 4758 4771 4772
f 4757 4756 4769
f 4755 4754 4767
f 4765 4778 4779
f 4764 4763 4776
f 4774 4787 4788
f 4772 4785 4786
f 4771 4770 4783
f 4769 4768 4781
f 4767 4766 4779
f 4765 4764 4777
f 4774 4773 4786
f 4771 4784 4785
f 4769 4782 4783
f 4767 4780 4781
f 4779 4778 4791
f 4776 4789 4790
f 4788 4787 4800
f 4786 4785 4798
f 4783 4796 4797
f 4782 4781 4794
f 4780 4779 4792
f 4777 4790 4791
f 4787 4786 4799
f 4785 4784 4797
f 4782 4795 4796
f 4780 4793 4794
f 4792 4791 4804
f 4790 4789 4802
f 4800 4813 4814
f 4799 4798 4811
f 4796 4809 4810
f 4795 4794 4807
f 4792 4805 4806
f 4790 4803 4804
f 4799 4812 4813
f 4798 4797 4810
f 4796 4795 4808
f 4793 4806 4807
f 4805 4804 4817
f 4803 4802 4815
f 4814 4813 4826
f 4811 4824 4825
f 4809 4822 4823
f 4808 4807 4820
f 4805 4818 4819
f 4803 4816 4817
f 4813 4812 4825
f 4811 4810 4823
f 4809 4808 4821
f 4806 4819 4820
f 4817 4830 4831
f 4815 4828 4829
f 4826 4839 4840
f 4825 4824 4837
f 4823 4822 4835
f 4820 4833 4834
f 4819 4818 4831
f 4817 4816 4829
f 4825 4838 4839
f 4823 4836 4837
f 4821 4834 4835
f 4820 4819 4832
f 4830 4843 4844
f 4828 4841 4842
f 4840 4839 4852
f 4837 4850 4851
f 4836 4835 4848
f 4834 4833 4846
f 4832 4831 4844
f 4830 4829 4842
f 4839 4838 4851
f 4836 4849 4850
f 4834 4847 4848
f 4832 4845 4846
f 4843 4856 4857
f 4842 4841 4854
f 4852 4865 4866
f 4850 4863 4864
f 4849 4848 4861
f 4847 4846 4859
f 4844 4857 4858
f 4843 4842 4855
f 4851 4864 4865
f 4849 4862 4863
f 4848 4847 4860
f 4845 4858 4859
f 4857 4856 4869
f 4855 4854 4867
f 4866 4865 4878
f 4864 4863 4876
f 4862 4861 4874
f 4859 4872 4873
f 4857 4870 4871
f 4856 4855 4868
f 4864 4877 4878
f 4862 4875 4876
f 4861 4860 4873
f 4859 4858 4871
f 4869 4882 4883
f 4868 4867 4880
f 4878 4891 4892
f 4877 4876 4889
f 4874 4887 4888
f 4873 4872 4885
f 4871 4870 4883
f 4868 4881 4882
f 4878 4877 4890
f 4876 4875 4888
f 4873 4886 4887
f 4871 4884 4885
f 4883 4882 4896
f 4880 4894 4895
f 4892 4891 4905
f 4890 4889 4903
f 4887 4901 4902
f 4885 4899 4900
f 4884 4883 4897
f 4881 4895 4896
f 4891 4890 4904
f 4889 4888 4902
f 4886 4900 4901
f 4885 4884 4898
f 4897 4896 4909
f 4895 4894 4907
f 4905 4918 4919
f 4904 4903 4916
f 4901 4914 4915
f 4899 4912 4913
f 4897 4910 4911
f 4895 4908 4909
f 4904 4917 4918
f 4903 4902 4915
f 4901 4900 4913
f 4899 4898 4911
f 4910 4909 4922
f 4908 4907 4920
f 4919 4918 4931
f 4916 4929 4930
f 4914 4927 4928
f 4913 4912 4925
f 4910 4923 4924
f 4908 4921 4922
f 4918 4917 4930
f 4916 4915 4928
f 4914 4913 4926
f 4911 4924 4925
f 4922 4935 4936
f 4920 4933 4934
f 4931 4944 4945
f 4930 4929 4942
f 4928 4927 4940
f 4925 4938 4939
f 4924 4923 4936
f 4922 4921 4934
f 4930 4943 4944
f 4928 4941 4942
f 4926 4939 4940
f 4925 4924 4937
f 4935 4948 4949
f 4933 4946 4947
f 4945 4944 4957
f 4942 4955 4956
f 4941 4940 4953
f 4938 4951 4952
f 4937 4936 4949
f 4935 4934 4947
f 4944 4943 4956
f 4941 4954 4955
f 4939 4952 4953
f 4938 4937 4950
f 4948 4961 4962
f 4947 4946 4959
f 4957 4970 4971
f 4955 4968 4969
f 4954 4953 4966
f 4951 4964 4965
f 4949 4962 4963
f 4948 4947 4960
f 4956 4969 4970
f 4954 4967 4968
f 4953 4952 4965
f 4951 4950 4963
f 4962 4961 4974
f 4959 4972 4973
f 4971 4970 4983
f 4968 4981 4982
f 4966 4979 4980
f 4964 4977 4978
f 4962 4975 4976
f 4960 4973 4974
f 4969 4982 4983
f 4967 4980 4981
f 4966 4965 4978
f 4964 4963 4976
f 4975 4974 4987
f 4973 4972 4985
f 4983 4996 4997
f 4981 4994 4995
f 4979 4992 4993
f 4978 4977 4990
f 4976 4975 4988
f 4973 4986 4987
f 4983 4982 4995
f 4981 4980 4993
f 4978 4991 4992
f 4976 4989 4990
f 4988 4987 5000
f 4985 4998 4999
f 4997 4996 5009
f 4995 4994 5007
f 4992 5005 5006
f 4991 4990 5003
f 4989 4988 5001
f 4986 4999 5000
f 4996 4995 5008
f 4994 4993 5006
f 4991 5004 5005
f 4989 5002 5003
f 5001 5000 5013
f 4999 4998 5011
f 5009 5022 5023
f 5008 5007 5020
f 5005 5018 5019
f 5004 5003 5016
f 5001 5014 5015
f 4999 5012 5013
f 5008 5021 5022
f 5007 5006 5019
f 5005 5004 5017
f 5002 5015 5016
f 5014 5013 4609
f 5012 5011 4607
f 5022 4618 4619
f 5020 4616 4617
f 5018 4614 4615
f 5017 5016 4612
f 5014 4610 4611
f 5012 4608 4609
f 5021 4617 4618
f 5020 5019 4615
f 5018 5017 4613
f 5015 4611 4612
f 4481 4607 5011
f 5011 4998 4602
f 4998 4985 4597
f 4985 4972 4593
f 4593 4972 4959
f 4589 4959 4946
f 4585 4946 4933
f 4933 4920 4577
f 4577 4920 4907
f 4907 4894 4569
f 4894 4880 4565
f 4880 4867 4561
f 4561 4867 4854
f 4557 4854 4841
f 4553 4841 4828
f 4828 4815 4545
f 4545 4815 4802
f 4802 4789 4537
f 4789 4776 4533
f 4776 4763 4529
f 4529 4763 4750
f 4525 4750 4737
f 4521 4737 4724
f 4724 4711 4513
f 4513 4711 4698
f 4698 4685 4505
f 4685 4672 4501
f 4672 4659 4497
f 4497 4659 4646
f 4493 4646 4633
f 4489 4633 4620
f 4620 4607 4481
# 9976 faces, 0 coords texture

# End of File
